"year","economy","economycode","regionwb","pop_adult","wpid_random","wgt","female","age","educ","inc_q","emp_in","urbanicity","account_fin","account_mob","account","dig_account","borrowed","saved","receive_wages","receive_transfers","receive_pensions","receive_agriculture","merchantpay_dig","pay_utilities","domestic_remittances","anydigpayment","fin2","fin3","fin4","fin5","fin6","fin7","fin8","fin9a","fin9b","fin10","fin11_0","fin11_1","fin11_2","fin11a","fin11b","fin11c","fin11d","fin11e","fin11f","fin13_1","fin13a","fin13b","fin13c","fin13d","fin13e","fin13f","fin13f_1","fin14a","fin14b","fin14c","fin14d","fin14e","fin15","fin16","fin17a","fin17b","fin17c","fin17d","fin17e","fin17f","fin18","fin19","fin20","fin21","fin22a","fin22a_1","fin22b","fin22c","fin22d","fin22e","fin22f","fin22g","fin22h","fin23","fin24","fin24a","fin24b","fin24c","fin24d1","fin24d2","fin24d3","fin25e1","fin25e2","fin25e3","fin25e4","fin26a","fin26b","fin27","fh1","fin28","fh2","fin29","fh2a","fin30","fin31a","fin31b","fin31c","fin31d","fin32","fin33","fin34a","fin34b","fin34c","fin34d","fin35","fin36","fin36a","fin37","fin38","fin39a","fin39b","fin39c","fin39d","fin40","fin41","fin41a","fin42","fin43a","fin43b","fin43c","fin43d","fin44","fin45","internet_use","con1","con2a","con2b","con2c","con2d","con2e","con2f","con2g","con3","con4","con5","con6","con7","con8","con9","con10","con11","con12","con13","con14","con15","con16","con17","con18","con19","con20","con21","con22","con23","con24","con25","con26","con27","con28","con29","con30a","con30b","con30c","con30d","con30e","con30f","con30g","con30h","con31a","con31b","con31c","con31d","con31e","con31f","con31g","con31h","con32","fin46","fin47","fin48a","fin48b","fin48c","fin48d","fin48e","fin48f","fin49a","fin49b","fin49c","fin49d","fin49e","fin49f","fin50","fin51"
2024,"Viet Nam","VNM","East Asia & Pacific (excluding high income)",76663207,111134146,0.301948793188691,2,29,1,4,1,2,1,0,1,1,0,0,1,4,4,4,0,4,1,1,1,1,1,2,2,,1,1,1,2,,,,,,,,,,,,,,,,,,,,,,,,,2,,2,,,,2,2,2,,2,,2,,2,2,2,,,2,3,2,4,2,,,,2,2,,4,2,2,,1,1,2,,2,2,,,,,1,2,1,2,,,2,2,,2,2,,,,,,,,2,,,,,,5,1,1,,,,,,,,,,,,,,1,,1,1,,1,,1,1,1,1,2,2,,2,1,,1,1,3,,1,2,1,1,2,2,2,2,,,,,,,,,,1,2,,,,,,,,,,,,,2,
2024,"Viet Nam","VNM","East Asia & Pacific (excluding high income)",76663207,111308229,1.40949311625806,1,28,3,3,1,1,1,0,1,1,1,1,4,4,4,4,0,1,3,1,2,1,1,3,3,1,1,1,1,2,,,,,,,,,,,,,,,,,,,,,,,,,1,,2,3,2,2,,1,2,,1,,2,,2,2,2,,,,2,2,4,2,,,,2,2,,1,1,2,,2,,2,,2,1,1,1,,,2,,,,,,,,,2,2,,,,,,,,2,,,,,,3,1,1,,,,,,,,,,,,,,1,,1,1,,1,,1,1,1,1,2,2,,2,1,,1,1,3,,1,1,1,1,2,2,2,2,,,,,,,,,,1,2,,,,,,,,,,,,,1,2
2024,"Viet Nam","VNM","East Asia & Pacific (excluding high income)",76663207,111338565,0.64837643345405,1,51,2,5,1,2,1,1,1,1,1,1,1,4,4,4,1,1,1,1,1,1,1,2,1,,1,1,1,2,,,,,,,,,,,,,,,,,,,,,,,,,2,1,2,3,1,1,,2,2,,1,2,2,,2,2,2,,,,2,3,4,2,,,,2,1,1,,1,1,3,1,1,1,2,2,1,1,1,,,1,2,1,1,,,2,2,,2,2,,,,,,,,2,,,,,,3,1,1,,,,,,,,,,,,,,1,,1,1,,1,,1,1,1,1,2,2,,2,1,,1,1,3,,1,1,1,1,1,2,2,2,,,,,,,,,,1,2,,,,,,,,,,,,,1,1
2024,"Viet Nam","VNM","East Asia & Pacific (excluding high income)",76663207,111369226,0.257157228928712,1,24,1,2,1,1,1,0,1,1,0,0,4,4,4,4,0,3,3,0,1,1,2,3,3,1,2,2,1,2,,,,,,,,,,,,,,,,,,,,,,,,,2,,2,,,,2,2,2,,2,,2,,2,2,2,,,2,6,3,1,2,,,,2,2,,4,2,2,,2,,2,,2,1,2,2,,2,2,,,,,,,,,2,2,,,,,,,,2,,,,,,5,1,1,,,,,,,,,,,,,,1,,1,1,,1,,2,2,1,2,2,2,,2,1,,1,1,1,,1,2,1,2,2,2,2,2,,,,,,,,,,1,2,,,,,,,,,,,,,2,
2024,"Viet Nam","VNM","East Asia & Pacific (excluding high income)",76663207,111405654,1.83468359735209,1,60,2,1,1,1,0,0,0,0,1,1,4,4,4,2,0,2,2,0,2,,,,,,,,,,2,2,2,2,2,2,2,1,2,,,,,,,,,,,,,,,,2,,2,,,,1,2,2,,2,,1,,1,2,1,,,,2,2,3,2,,,,,,,,,,,2,,1,2,2,1,2,2,,1,2,,,,,,,,,2,2,,,,,,,,1,2,2,1,,1,1,1,1,,,,,,,,,,,,,,1,,1,1,,2,,,8,2,,2,2,,2,1,,1,2,,1,2,2,2,2,2,2,2,2,,,,,,,,,,1,2,,,,,,,,,,,,,2,
2024,"Viet Nam","VNM","East Asia & Pacific (excluding high income)",76663207,111452442,0.257157228928712,1,52,1,1,2,1,0,0,0,0,1,0,2,3,4,4,0,2,3,0,2,,,,,,,,,,2,2,2,2,2,2,1,2,2,,,,,,,,,,,,,,,,2,,2,,,,2,2,2,,2,,1,,2,2,2,,,,2,3,2,2,,,,,,,,,,,2,,2,,2,1,2,2,,1,1,1,2,2,1,,,,,1,2,2,2,2,2,,,,2,,,,,,4,0,1,,,,,,,,,,,,,,2,2,1,1,,2,,,3,8,,2,2,,2,2,2,,,,,,,,,,,,,1,8,2,1,2,2,2,2,1,1,2,,,,,,,,,,,,,2,
2024,"Viet Nam","VNM","East Asia & Pacific (excluding high income)",76663207,111630835,1.91569254440026,2,25,2,3,1,1,0,1,1,1,0,1,2,4,4,4,0,2,3,1,2,,,,,,,,,,2,2,2,2,2,2,2,2,2,,,,,,,,,,,,,,,,2,1,2,3,2,2,,2,2,,2,2,2,,2,2,2,,,2,2,1,3,1,1,2,2,2,2,,1,2,1,2,2,,2,,2,1,2,2,,1,1,2,2,2,1,,,,,2,2,,,,,,,,2,,,,,,3,1,1,,,,,,,,,,,,,,1,,1,1,,1,,1,4,1,2,2,2,,2,1,,1,1,1,,1,1,1,1,2,2,2,2,,,,,,,,,,1,2,,,,,,,,,,,,,1,1
2024,"Viet Nam","VNM","East Asia & Pacific (excluding high income)",76663207,111823715,1.72235198758462,1,32,3,5,1,2,1,1,1,1,0,1,1,4,4,4,1,1,1,1,1,1,1,2,1,,1,1,1,2,,,,,,,,,,,,,,,,,,,,,,,,,1,1,2,2,1,1,,2,2,,2,2,2,,2,2,2,,,2,2,2,2,2,,,,1,1,1,,1,1,3,1,1,1,1,1,1,1,1,,,1,2,1,1,,,2,2,,2,2,,,,,,,,2,,,,,,1,1,1,,,,,,,,,,,,,,1,,1,1,,1,,1,1,1,2,2,2,,2,1,,1,1,3,,1,1,1,1,1,1,1,2,,,,,,,,,,1,2,,,,,,,,,,,,,1,1
2024,"Viet Nam","VNM","East Asia & Pacific (excluding high income)",76663207,111857471,1.18386559444017,2,29,2,1,1,1,1,1,1,1,0,1,4,4,4,1,1,1,3,1,1,1,2,3,2,,2,1,1,2,,,,,,,,,,,,,,,,,,,,,,,,,1,1,2,3,1,1,,2,2,,2,2,2,,2,2,2,,,2,1,2,3,1,2,2,2,1,1,2,,1,2,,2,,2,,2,1,1,2,,,2,,,,,,,,,2,2,,,,,,,,1,1,2,,,1,3,1,1,,,,,,,,,,,,,,1,,1,1,,1,,1,4,1,1,2,2,,2,1,,1,1,3,,2,1,1,1,2,2,2,2,,,,,,,,,,1,2,,,,,,,,,,,,,1,2
2024,"Viet Nam","VNM","East Asia & Pacific (excluding high income)",76663207,111914025,1.38251186531842,2,34,2,2,1,2,1,1,1,1,0,1,1,4,4,4,0,4,3,1,1,1,1,2,2,,1,1,1,2,,,,,,,,,,,,,,,,,,,,,,,,,1,1,2,3,1,2,,2,2,,2,2,2,,2,2,2,,,2,3,3,4,2,,,,2,2,,4,2,2,,2,,2,,2,2,,,,,1,2,2,2,2,1,2,2,,2,2,,,,,,,,2,,,,,,4,1,1,,,,,,,,,,,,,,1,,1,1,,1,,1,4,1,1,2,2,,2,1,,1,2,,1,1,1,1,1,2,2,2,2,,,,,,,,,,1,2,,,,,,,,,,,,,1,1
2024,"Viet Nam","VNM","East Asia & Pacific (excluding high income)",76663207,111920384,2.06390129055797,1,58,2,1,1,2,0,0,0,0,1,0,4,2,4,2,0,4,2,0,2,,,,,,,,,,2,2,2,2,2,2,1,1,2,,,,,,,,,,,,,,,,2,,2,,,,2,1,2,,2,,1,,2,2,2,,,,3,1,3,1,1,2,,,,,,,,,2,,1,2,2,2,,,,,2,,,,,,,,,1,2,2,2,1,,,,,1,2,2,1,,1,4,1,1,,,,,,,,,,,,,,1,,1,1,,1,,1,1,2,,2,2,,2,1,,2,2,,1,1,2,2,1,2,2,2,2,,,,,,,,,,1,2,,,,,,,,,,,,,2,
2024,"Viet Nam","VNM","East Asia & Pacific (excluding high income)",76663207,111937325,0.257157228928712,2,29,1,5,2,2,1,0,1,0,0,1,3,4,4,4,0,2,3,0,1,2,2,3,2,,1,1,1,2,,,,,,,,,,,,,,,,,,,,,,,,,1,1,2,3,1,1,,2,2,,2,2,2,,2,2,2,,,2,1,3,2,2,,,,2,2,,4,2,2,,2,,2,,2,1,2,2,,1,1,2,2,2,2,2,,,,2,2,,,,,,,,2,,,,,,4,1,1,,,,,,,,,,,,,,1,,1,1,,1,,2,1,2,,2,2,,2,1,,1,2,,2,1,2,1,2,2,2,2,2,,,,,,,,,,1,2,,,,,,,,,,,,,2,
2024,"Viet Nam","VNM","East Asia & Pacific (excluding high income)",76663207,112015464,1.59833477637853,1,47,2,2,1,1,1,0,1,1,0,0,4,4,4,4,1,1,3,1,1,1,2,2,2,,1,1,1,2,,,,,,,,,,,,,,,,,,,,,,,,,2,,2,,,,2,2,2,,2,,2,,2,2,2,,,2,2,2,3,2,,,,2,1,2,,1,2,,2,,2,,2,1,1,1,,,2,,,,,,,,,2,2,,,,,,,,2,,,,,,3,1,1,,,,,,,,,,,,,,1,,1,1,,1,,1,4,2,,2,2,,2,1,,1,1,3,,1,2,1,1,2,2,2,2,,,,,,,,,,1,2,,,,,,,,,,,,,1,2
2024,"Viet Nam","VNM","East Asia & Pacific (excluding high income)",76663207,112057487,0.460598650775751,1,74,1,1,2,2,0,0,0,0,0,0,4,4,4,4,0,2,3,0,2,,,,,,,,,,2,2,2,1,2,2,1,2,2,,,,,,,,,,,,,,,,2,,2,,,,2,2,2,,2,,2,,2,2,2,,,2,2,1,2,2,,,,,,,,,,,2,,2,,2,1,2,2,,1,2,,,,,,,,,2,2,,,,,,,,2,,,,,,1,1,1,,,,,,,,,,,,,,1,,1,1,,2,,,3,2,,2,2,,2,1,,2,2,,1,2,2,2,2,2,2,2,2,,,,,,,,,,1,2,,,,,,,,,,,,,3,
2024,"Viet Nam","VNM","East Asia & Pacific (excluding high income)",76663207,112064285,0.80366437843314,1,45,2,3,1,1,1,0,1,1,1,1,4,4,4,4,0,2,1,1,1,1,1,2,2,,1,1,1,2,,,,,,,,,,,,,,,,,,,,,,,,,2,,2,,,,1,2,2,,2,,1,,2,1,2,,,,3,2,2,2,,,,2,2,,4,2,2,,1,2,1,1,2,1,2,2,,1,2,,,,,,,,,2,2,,,,,,,,2,,,,,,2,1,1,,,,,,,,,,,,,,1,,1,1,,1,,1,1,1,1,2,2,,2,1,,1,1,3,,1,1,1,1,1,2,1,2,,,,,,,,,,1,2,,,,,,,,,,,,,1,2
2024,"Viet Nam","VNM","East Asia & Pacific (excluding high income)",76663207,112109030,0.493751250616995,1,35,2,3,1,1,1,1,1,1,1,1,1,4,4,4,1,1,3,1,1,1,2,2,2,,1,1,1,2,,,,,,,,,,,,,,,,,,,,,,,,,2,,2,,,,1,1,2,,2,,1,,2,2,2,,,,2,2,4,2,,,,1,1,2,,1,1,3,2,,2,,2,1,1,1,,,1,2,1,1,,,1,2,,2,2,,,,,,,,2,,,,,,3,1,1,,,,,,,,,,,,,,1,,8,1,,1,,1,1,2,,2,2,,2,1,,1,1,3,,1,2,1,1,2,2,2,2,,,,,,,,,,1,2,,,,,,,,,,,,,1,2
2024,"Viet Nam","VNM","East Asia & Pacific (excluding high income)",76663207,112262789,0.850856621253996,1,18,2,5,1,1,1,0,1,1,0,0,4,4,4,2,0,2,3,0,1,1,2,3,3,2,2,2,2,2,,,,,,,,,,,,,,,,,,,,,,,,,2,,2,,,,2,2,2,,2,,2,,2,2,2,,,2,1,2,2,1,1,2,2,2,2,,1,2,1,2,2,,2,,2,1,2,2,,1,2,,,,,,,,,2,2,,,,,,,,1,2,2,1,,1,1,1,1,,,,,,,,,,,,,,1,,1,1,,1,,1,1,1,2,2,2,,2,1,,1,2,,1,1,1,1,1,2,2,2,2,,,,,,,,,,1,2,,,,,,,,,,,,,1,1
2024,"Viet Nam","VNM","East Asia & Pacific (excluding high income)",76663207,112268174,0.257157228928712,1,20,1,5,1,1,0,0,0,0,1,0,2,4,4,4,0,4,3,0,2,,,,,,,,,,2,2,2,2,2,2,1,2,2,,,,,,,,,,,,,,,,2,,2,,,,2,2,2,,2,,1,,2,2,2,,,,2,1,4,2,,,,,,,,,,,2,,2,,2,2,,,,,1,2,2,2,1,,,,,2,2,,,,,,,,2,,,,,,4,1,1,,,,,,,,,,,,,,1,,1,1,,1,,1,1,2,,2,8,,2,1,,1,2,,1,1,1,1,1,1,2,2,2,,,,,,,,,,1,2,,,,,,,,,,,,,1,1
2024,"Viet Nam","VNM","East Asia & Pacific (excluding high income)",76663207,112430120,0.32925029695723,1,18,1,5,1,1,1,1,1,1,0,1,1,4,4,4,1,4,2,1,2,1,1,2,3,,2,1,1,2,,,,,,,,,,,,,,,,,,,,,,,,,2,,2,,,,1,2,2,,2,,2,,2,2,2,,,2,3,1,3,2,,,,2,1,2,,2,1,3,2,,1,2,2,2,,,,,1,2,1,1,,,2,1,,2,2,,,,,,,,2,,,,,,3,1,1,,,,,,,,,,,,,,1,,1,1,,1,,1,1,1,1,2,1,2,2,1,,1,1,2,,2,1,1,2,1,2,2,2,,,,,,,,,,1,2,,,,,,,,,,,,,1,2
2024,"Viet Nam","VNM","East Asia & Pacific (excluding high income)",76663207,112556789,1.47290458140822,2,61,2,1,1,1,0,0,0,0,0,1,2,4,4,2,0,4,2,0,2,,,,,,,,,,2,2,2,2,2,2,2,2,2,,,,,,,,,,,,,,,,2,,2,,,,1,2,2,,2,,2,,2,2,2,,,2,2,1,3,2,,,,,,,,,,,2,,1,2,2,2,,,,,1,2,2,2,1,,,,,2,2,,,,,,,,1,2,2,1,,1,1,1,1,,,,,,,,,,,,,,1,,1,1,,2,,,3,1,2,2,2,,2,1,,1,1,3,,2,2,1,1,2,2,2,2,,,,,,,,,,1,2,,,,,,,,,,,,,1,2
2024,"Viet Nam","VNM","East Asia & Pacific (excluding high income)",76663207,112628391,1.10311397119602,2,61,1,2,2,1,0,0,0,0,0,1,4,4,4,2,0,4,3,0,2,,,,,,,,,,2,2,2,2,2,2,1,1,2,,,,,,,,,,,,,,,,2,,2,,,,1,2,2,,2,,2,,2,2,2,,,2,2,2,2,1,2,2,,,,,,,,,2,,2,,2,2,,,,,2,,,,,,,,,2,2,,,,,,,,1,2,2,1,,2,3,0,1,,,,,,,,,,,,,,2,2,2,1,,1,,1,4,2,,2,2,,2,2,2,,,,,,,,,,,,,2,2,2,2,2,2,2,1,8,1,1,,,,,,,,,,,,,2,
2024,"Viet Nam","VNM","East Asia & Pacific (excluding high income)",76663207,113034183,2.41407228289511,1,54,3,2,1,1,1,1,1,1,0,1,1,4,1,4,1,2,3,1,1,1,1,2,1,,1,1,1,2,,,,,,,,,,,,,,,,,,,,,,,,,1,2,2,3,1,1,,2,2,,2,2,2,,2,2,2,,,2,1,3,4,2,,,,1,1,2,,1,1,2,2,,2,,2,1,2,2,,1,1,1,1,2,,,2,3,,2,1,1,2,,,3,2,,2,,,,,,3,1,1,,,,,,,,,,,,,,1,,1,1,,1,,1,1,1,1,2,2,,2,1,,1,1,3,,2,1,1,1,2,2,2,2,,,,,,,,,,1,2,,,,,,,,,,,,,2,
2024,"Viet Nam","VNM","East Asia & Pacific (excluding high income)",76663207,113096148,1.82658282834075,2,68,2,3,1,1,0,0,0,0,1,0,2,4,4,4,0,4,3,0,2,,,,,,,,,,2,2,2,2,2,2,2,1,2,,,,,,,,,,,,,,,,2,,2,,,,2,2,2,,2,,1,,2,2,2,,,,5,1,3,2,,,,,,,,,,,2,,2,,2,2,,,,,1,2,2,2,1,,,,,2,2,,,,,,,,2,,,,,,1,0,1,,,,,,,,,,,,,,2,2,2,2,,2,,,4,2,,2,2,,2,2,2,,,,,,,,,,,,,1,2,2,1,2,2,2,2,4,1,2,,,,,,,,,,,,,2,
2024,"Viet Nam","VNM","East Asia & Pacific (excluding high income)",76663207,113127634,1.18916713512795,2,35,2,3,1,1,1,0,1,1,0,1,4,4,4,4,1,1,3,1,1,1,2,2,2,,1,1,1,2,,,,,,,,,,,,,,,,,,,,,,,,,1,,2,3,2,1,,2,2,,2,,2,,2,2,2,,,2,3,3,4,2,,,,2,1,2,,1,2,,2,,2,,2,1,1,1,,,2,,,,,,,,,2,2,,,,,,,,2,,,,,,3,1,1,,,,,,,,,,,,,,1,,1,1,,1,,1,1,1,1,2,2,,2,1,,1,1,3,,2,1,1,2,2,2,2,2,,,,,,,,,,1,2,,,,,,,,,,,,,1,2
2024,"Viet Nam","VNM","East Asia & Pacific (excluding high income)",76663207,113151400,0.457372391012176,1,35,2,3,1,2,1,1,1,1,0,0,1,4,4,4,1,1,3,1,1,1,1,2,1,,1,1,1,2,,,,,,,,,,,,,,,,,,,,,,,,,2,,2,,,,2,2,2,,2,,2,,2,2,2,,,2,2,2,2,2,,,,1,1,1,,1,1,3,2,,2,,2,1,2,1,,,1,2,1,1,,,1,2,,2,2,,,,,,,,2,,,,,,4,1,1,,,,,,,,,,,,,,1,,1,1,,1,,1,1,2,,2,2,,2,1,,1,1,3,,1,1,1,1,2,2,2,2,,,,,,,,,,1,2,,,,,,,,,,,,,1,2
2024,"Viet Nam","VNM","East Asia & Pacific (excluding high income)",76663207,113336244,0.257157228928712,1,60,1,1,2,1,0,0,0,0,1,0,4,2,4,2,0,2,3,0,2,,,,,,,,,,2,2,2,2,2,2,1,2,2,,,,,,,,,,,,,,,,2,,2,,,,2,2,2,,2,,1,,1,2,2,,,,7,,1,2,,,,,,,,,,,2,,2,,2,1,2,2,,1,2,,,,,,,,,1,2,2,2,1,,,,,1,2,2,1,,2,3,0,2,1,1,2,1,2,2,2,2,2,,,,2,,,,,,,,,,,,,,,,2,2,,,,,,,,,,,,,,,,,,,,,,1,2,,,,,,,,,,,,,1,2
2024,"Viet Nam","VNM","East Asia & Pacific (excluding high income)",76663207,113395870,2.05067901664134,2,37,3,4,2,1,1,1,1,1,0,1,1,4,4,2,1,1,3,1,1,1,1,2,1,,1,1,1,2,,,,,,,,,,,,,,,,,,,,,,,,,1,,2,2,1,1,,2,2,,2,,2,,2,2,2,,,2,3,3,4,2,,,,1,1,1,,1,1,1,2,,2,,2,1,1,1,,,1,2,1,1,,,2,2,,2,2,,,,,,,,1,2,2,1,,1,2,1,1,,,,,,,,,,,,,,1,,1,1,,1,,1,1,1,1,2,2,,2,1,,1,1,1,,2,1,1,1,1,2,1,2,,,,,,,,,,1,2,,,,,,,,,,,,,1,1
2024,"Viet Nam","VNM","East Asia & Pacific (excluding high income)",76663207,113650896,1.17117872343343,2,48,2,4,1,2,1,1,1,1,0,0,1,4,4,4,0,2,3,1,1,1,2,2,1,,1,1,1,2,,,,,,,,,,,,,,,,,,,,,,,,,2,,2,,,,2,2,2,,2,,2,,2,2,2,,,2,2,2,3,2,,,,2,2,,4,2,2,,2,,2,,2,1,2,2,,1,1,2,2,1,,,1,2,,2,2,,,,,,,,2,,,,,,3,1,1,,,,,,,,,,,,,,1,,1,1,,1,,1,1,2,,2,2,,2,1,,1,1,3,,1,1,1,1,2,2,1,2,,,,,,,,,,1,2,,,,,,,,,,,,,2,
2024,"Viet Nam","VNM","East Asia & Pacific (excluding high income)",76663207,113654469,1.48017709791621,1,57,2,2,1,2,1,0,1,1,1,0,1,4,4,4,1,2,3,1,1,1,1,2,2,,1,1,1,2,,,,,,,,,,,,,,,,,,,,,,,,,2,,2,,,,2,2,2,,2,,1,,1,2,2,,,,3,1,3,2,,,,1,1,3,,1,2,,2,,2,,2,1,2,2,,1,1,2,1,2,,,1,2,,2,2,,,,,,,,2,,,,,,1,1,1,,,,,,,,,,,,,,1,,1,1,,1,,1,1,1,1,2,2,,2,1,,1,1,3,,2,2,1,2,2,2,2,2,,,,,,,,,,1,2,,,,,,,,,,,,,1,2
2024,"Viet Nam","VNM","East Asia & Pacific (excluding high income)",76663207,113780158,2.18029986029519,2,46,3,5,1,1,1,0,1,1,1,0,1,4,4,4,1,1,3,1,1,1,1,2,2,,2,1,1,1,,,,,,,,,,,,,,,,,,,,,,,,,2,,2,,,,2,2,2,,2,,2,,2,2,2,1,1,,3,3,4,2,,,,2,1,2,,1,2,,2,,2,,2,1,1,1,,,1,2,1,2,,,2,2,,2,2,,,,,,,,2,,,,,,4,1,1,,,,,,,,,,,,,,1,,1,1,,1,,1,1,1,1,2,2,,2,2,1,1,1,3,,1,1,1,2,2,2,2,2,,,,,,,,,,1,2,,,,,,,,,,,,,1,2
2024,"Viet Nam","VNM","East Asia & Pacific (excluding high income)",76663207,114091471,0.840525829988479,2,60,1,3,1,2,0,0,0,0,0,0,4,4,4,4,0,4,3,0,2,,,,,,,,,,2,2,2,2,2,1,2,1,2,,,,,,,,,,,,,,,,2,,2,,,,2,2,2,,2,,2,,2,2,2,,,2,2,1,1,2,,,,,,,,,,,2,,2,,2,2,,,,,2,,,,,,,,,2,2,,,,,,,,2,,,,,,4,1,1,,,,,,,,,,,,,,1,,2,1,,1,,1,1,1,1,2,2,,2,1,,1,1,3,,2,1,1,1,2,2,2,2,,,,,,,,,,2,,2,2,2,1,2,2,2,2,2,1,2,1,2,
2024,"Viet Nam","VNM","East Asia & Pacific (excluding high income)",76663207,114119937,1.7001907966411,2,24,3,4,1,2,1,0,1,1,1,0,4,4,4,4,1,4,3,1,1,1,2,1,1,,1,1,1,2,,,,,,,,,,,,,,,,,,,,,,,,,2,,2,,,,2,2,2,,2,,1,,2,2,2,,,,2,3,4,2,,,,2,1,1,,2,1,3,2,,2,,2,2,,,,,2,,,,,,,,,2,2,,,,,,,,2,,,,,,2,1,1,,,,,,,,,,,,,,1,,1,1,,1,,1,1,2,,2,2,,2,1,,1,1,3,,1,1,1,1,2,1,2,2,,,,,,,,,,1,2,,,,,,,,,,,,,1,2
2024,"Viet Nam","VNM","East Asia & Pacific (excluding high income)",76663207,114226190,0.257157228928712,2,40,1,4,1,1,0,0,0,0,1,0,2,4,4,4,0,4,,0,2,,,,,,,,,,2,2,2,2,1,2,2,2,2,,,,,,,,,,,,,,,,2,,2,,,,2,2,2,,2,,1,,2,2,2,,,,5,2,2,2,,,,,,,,,,,3,,2,,2,2,,,,,1,2,2,2,1,,,,,2,2,,,,,,,,2,,,,,,3,1,1,,,,,,,,,,,,,,2,2,2,1,,2,,,2,2,,2,2,,2,2,1,3,2,,1,2,2,2,2,2,2,2,2,1,2,2,2,2,2,2,2,1,1,2,,,,,,,,,,,,,1,2
2024,"Viet Nam","VNM","East Asia & Pacific (excluding high income)",76663207,114227104,1.4246910218471,2,44,3,5,1,2,1,1,1,1,1,1,1,4,4,4,1,1,3,1,1,1,2,2,2,,1,1,1,1,,,,,,,,,,,,,,,,,,,,,,,,,1,,2,2,2,2,,1,2,,2,,2,,2,2,2,1,1,,4,3,4,2,,,,2,1,2,,1,2,,2,,2,,2,1,2,1,,,1,2,1,1,,,1,2,,2,2,,,,,,,,2,,,,,,3,1,1,,,,,,,,,,,,,,1,,1,1,,1,,1,1,2,,2,2,,2,1,,1,1,3,,1,2,1,1,2,2,2,2,,,,,,,,,,1,2,,,,,,,,,,,,,1,2
2024,"Viet Nam","VNM","East Asia & Pacific (excluding high income)",76663207,114438214,0.849011102203819,2,20,2,1,1,1,1,1,1,1,0,1,1,4,4,4,1,4,3,1,1,1,2,3,3,1,1,1,1,2,,,,,,,,,,,,,,,,,,,,,,,,,1,1,2,3,1,2,,2,2,,2,2,2,,2,2,2,,,2,2,2,4,2,,,,2,1,3,,2,1,3,2,,2,,2,2,,,,,1,2,1,1,,,2,2,,2,2,,,,,,,,2,,,,,,4,1,1,,,,,,,,,,,,,,1,,1,1,,1,,1,1,1,1,2,2,,2,1,,1,1,3,,1,1,1,1,1,2,2,2,,,,,,,,,,1,2,,,,,,,,,,,,,1,2
2024,"Viet Nam","VNM","East Asia & Pacific (excluding high income)",76663207,114523067,1.37165821524829,1,30,3,1,1,1,1,0,1,1,0,0,4,4,4,2,1,1,1,1,1,1,2,2,1,,1,1,1,2,,,,,,,,,,,,,,,,,,,,,,,,,2,,2,,,,2,2,2,,2,,2,,2,2,2,,,2,3,3,4,2,,,,2,1,3,,1,1,3,1,2,1,1,2,1,1,1,,,2,,,,,,,,,2,2,,,,,,,,1,2,2,1,,1,3,1,1,,,,,,,,,,,,,,1,,1,1,,1,,1,2,1,1,2,2,,2,1,,1,1,4,,1,1,1,1,2,2,2,2,,,,,,,,,,1,2,,,,,,,,,,,,,2,
2024,"Viet Nam","VNM","East Asia & Pacific (excluding high income)",76663207,114644758,0.811908651081889,1,46,2,5,2,2,0,0,0,0,0,1,4,4,4,4,0,2,3,0,2,,,,,,,,,,2,2,1,2,2,2,2,1,2,,,,,,,,,,,,,,,,2,,2,,,,1,2,2,,2,,2,,2,2,2,,,2,2,2,3,2,,,,,,,,,,,2,,2,,2,1,2,2,,1,2,,,,,,,,,2,2,,,,,,,,2,,,,,,4,1,1,,,,,,,,,,,,,,1,,1,1,,1,,1,1,1,1,2,2,,2,1,,1,1,3,,2,1,1,1,1,1,2,1,,,,,,,,,,1,2,,,,,,,,,,,,,1,2
2024,"Viet Nam","VNM","East Asia & Pacific (excluding high income)",76663207,114708966,0.705031750571792,1,17,2,1,2,1,1,1,1,1,0,1,4,4,4,4,1,4,3,1,2,1,2,3,3,1,1,1,1,2,,,,,,,,,,,,,,,,,,,,,,,,,1,1,2,3,1,2,,2,2,,2,2,2,,2,2,2,,,2,2,1,4,1,1,1,1,2,1,3,,2,1,3,2,,2,,2,2,,,,,2,,,,,,,,,2,2,,,,,,,,2,,,,,,5,1,1,,,,,,,,,,,,,,1,,1,1,,1,,1,4,1,1,2,2,,2,1,,1,1,3,,1,1,1,2,1,2,2,2,,,,,,,,,,1,2,,,,,,,,,,,,,1,2
2024,"Viet Nam","VNM","East Asia & Pacific (excluding high income)",76663207,114810419,0.80366437843314,1,46,2,4,1,1,1,1,1,1,1,1,4,4,4,1,1,2,3,1,1,1,1,2,1,,1,1,1,2,,,,,,,,,,,,,,,,,,,,,,,,,1,,2,2,1,1,,2,2,,2,,1,,2,1,2,,,,1,3,4,2,,,,2,1,1,,1,1,3,2,,2,,2,1,2,2,,1,2,,,,,,,,,2,2,,,,,,,,1,2,1,,,1,2,1,1,,,,,,,,,,,,,,1,,1,1,,1,,2,4,1,1,2,2,,2,1,,1,1,3,,2,1,1,2,1,2,2,2,,,,,,,,,,1,2,,,,,,,,,,,,,2,
2024,"Viet Nam","VNM","East Asia & Pacific (excluding high income)",76663207,115067252,0.365217740174082,1,49,1,3,1,1,0,0,0,0,0,0,4,4,4,2,0,2,3,0,2,,,,,,,,,,2,2,1,2,2,2,2,1,2,,,,,,,,,,,,,,,,2,,2,,,,2,1,2,,2,,2,,2,2,2,,,2,2,1,3,1,1,1,,,,,,,,,2,,2,,2,1,2,2,,1,2,,,,,,,,,2,2,,,,,,,,1,2,2,1,,2,4,1,1,,,,,,,,,,,,,,1,,1,1,,1,,1,1,2,,2,2,,2,1,,1,1,1,,1,1,1,1,2,2,2,2,,,,,,,,,,1,2,,,,,,,,,,,,,2,
2024,"Viet Nam","VNM","East Asia & Pacific (excluding high income)",76663207,115265813,0.665849169027103,1,34,2,3,2,2,1,1,1,1,0,1,1,4,4,4,0,1,3,1,2,1,1,2,2,,1,1,1,2,,,,,,,,,,,,,,,,,,,,,,,,,1,,2,2,1,2,,2,2,,2,,2,,2,2,2,,,2,3,2,2,2,,,,2,2,,4,1,2,,2,,2,,2,1,2,1,,,1,2,1,1,,,2,1,,2,2,,,,,,,,2,,,,,,5,1,1,,,,,,,,,,,,,,1,,1,1,,1,,1,1,1,1,2,2,,2,1,,1,1,3,,2,2,1,1,2,2,2,2,,,,,,,,,,1,2,,,,,,,,,,,,,2,
2024,"Viet Nam","VNM","East Asia & Pacific (excluding high income)",76663207,115302230,1.38251186531842,2,30,2,2,1,1,1,0,1,1,0,1,1,4,4,4,1,4,3,1,1,1,1,2,2,,1,1,1,2,,,,,,,,,,,,,,,,,,,,,,,,,1,,2,3,2,2,,2,2,,2,,2,,2,2,2,,,2,3,3,4,2,,,,1,1,1,,1,2,,2,,2,,2,2,,,,,1,2,1,2,,,1,2,,2,2,,,,,,,,2,,,,,,1,1,1,,,,,,,,,,,,,,1,,1,1,,1,,1,1,1,1,2,2,,2,1,,1,1,3,,1,1,1,1,2,2,2,2,,,,,,,,,,1,2,,,,,,,,,,,,,2,
2024,"Viet Nam","VNM","East Asia & Pacific (excluding high income)",76663207,115457118,0.470021167047861,1,22,2,3,1,1,1,1,1,1,1,0,1,4,4,4,1,1,1,1,1,1,1,3,3,1,1,2,1,2,,,,,,,,,,,,,,,,,,,,,,,,,2,2,2,,,,2,2,2,,2,2,1,,2,2,2,,,,2,2,3,1,1,1,2,2,1,1,,1,1,3,2,,1,1,2,1,1,1,,,1,2,1,2,,,2,1,,2,2,,,,,,,,2,,,,,,5,1,1,,,,,,,,,,,,,,1,,1,1,,1,,1,1,1,1,2,2,,2,1,,1,2,,1,1,1,1,1,1,2,2,2,,,,,,,,,,1,2,,,,,,,,,,,,,2,
2024,"Viet Nam","VNM","East Asia & Pacific (excluding high income)",76663207,115544743,0.568802082280711,1,17,2,5,2,2,1,0,1,1,0,1,4,4,4,4,1,4,3,0,1,1,2,3,3,1,1,1,1,2,,,,,,,,,,,,,,,,,,,,,,,,,1,,2,3,2,2,,2,2,,2,,2,,2,2,2,,,2,7,,5,2,,,,2,1,2,,2,1,2,2,,2,,2,2,,,,,2,,,,,,,,,2,2,,,,,,,,2,,,,,,7,1,1,,,,,,,,,,,,,,1,,1,1,,1,,1,1,1,1,1,2,,2,1,,1,1,3,,1,2,1,1,1,2,2,2,,,,,,,,,,1,2,,,,,,,,,,,,,1,2
2024,"Viet Nam","VNM","East Asia & Pacific (excluding high income)",76663207,115608802,0.64837643345405,1,49,2,3,1,2,1,1,1,1,1,0,1,4,4,4,0,2,3,1,1,1,2,2,2,,1,1,1,2,,,,,,,,,,,,,,,,,,,,,,,,,2,,2,,,,2,2,2,,2,,2,,2,2,1,,,2,3,2,4,2,,,,2,2,,4,2,2,,2,,2,,2,1,2,2,,1,1,2,1,1,,,2,2,,2,2,,,,,,,,2,,,,,,4,1,1,,,,,,,,,,,,,,1,,1,1,,1,,1,1,1,1,1,1,1,2,1,,1,1,1,,1,1,1,1,1,1,2,2,,,,,,,,,,1,2,,,,,,,,,,,,,1,1
2024,"Viet Nam","VNM","East Asia & Pacific (excluding high income)",76663207,115624284,1.96853372376754,2,31,2,2,1,1,1,1,1,1,1,1,4,4,1,4,0,1,1,1,1,1,2,3,2,,1,2,1,2,,,,,,,,,,,,,,,,,,,,,,,,,1,2,1,2,1,1,,1,1,2,1,2,1,1,2,1,2,,,,1,2,3,1,2,1,2,1,2,,1,1,2,,1,1,2,,2,1,1,2,,,2,,,,,,,,,2,1,2,1,,,2,1,,2,,,,,,4,1,1,,,,,,,,,,,,,,1,,1,1,,1,,2,1,2,,1,1,2,2,1,,1,1,2,,2,2,2,1,1,1,2,1,,,,,,,,,,1,2,,,,,,,,,,,,,2,
2024,"Viet Nam","VNM","East Asia & Pacific (excluding high income)",76663207,115709940,0.677935180782515,2,49,1,3,1,1,0,0,0,0,0,0,4,4,4,4,0,2,3,0,2,,,,,,,,,,2,2,1,2,2,2,2,1,2,,,,,,,,,,,,,,,,2,,2,,,,2,2,2,,2,,2,,2,2,2,,,2,2,2,3,2,,,,,,,,,,,2,,2,,2,1,2,2,,1,2,,,,,,,,,2,2,,,,,,,,2,,,,,,4,1,1,,,,,,,,,,,,,,1,,1,1,,1,,1,1,1,1,2,2,,2,1,,1,1,1,,1,1,1,1,2,2,2,2,,,,,,,,,,1,2,,,,,,,,,,,,,2,
2024,"Viet Nam","VNM","East Asia & Pacific (excluding high income)",76663207,115756931,0.86104418251564,1,30,2,3,1,1,1,1,1,1,1,1,1,4,4,4,1,1,1,1,1,1,1,3,2,,1,1,1,2,,,,,,,,,,,,,,,,,,,,,,,,,2,,2,,,,1,2,2,,1,,1,,2,2,2,,,,1,2,3,2,,,,1,1,1,,1,1,3,2,,1,1,2,1,1,1,,,1,2,1,1,,,2,2,,2,2,,,,,,,,2,,,,,,4,1,1,,,,,,,,,,,,,,1,,1,1,,2,,,1,1,1,1,2,,2,1,,1,1,3,,2,1,1,1,2,2,2,2,,,,,,,,,,1,2,,,,,,,,,,,,,2,
2024,"Viet Nam","VNM","East Asia & Pacific (excluding high income)",76663207,116186854,0.941650887318485,1,70,1,1,2,1,0,0,0,0,0,0,4,4,4,4,0,4,2,0,2,,,,,,,,,,2,2,2,2,2,2,2,1,2,,,,,,,,,,,,,,,,2,,2,,,,2,2,2,,2,,2,,2,2,2,,,2,2,1,2,2,,,,,,,,,,,2,,1,2,2,2,,,,,2,,,,,,,,,2,2,,,,,,,,2,,,,,,3,0,1,,,,,,,,,,,,,,2,2,1,1,,2,,,2,2,,2,2,,2,2,2,,,,,,,,,,,,,2,2,2,2,2,2,2,2,,1,2,,,,,,,,,,,,,2,
2024,"Viet Nam","VNM","East Asia & Pacific (excluding high income)",76663207,116212657,0.611561199117365,1,70,2,2,2,1,0,0,0,0,0,0,4,2,4,4,0,2,3,0,2,,,,,,,,,,2,2,2,2,2,2,2,2,2,,,,,,,,,,,,,,,,2,,2,,,,2,2,2,,2,,2,,2,2,2,,,2,2,1,2,2,,,,,,,,,,,2,,2,,2,1,2,2,,1,2,,,,,,,,,1,2,2,2,1,,,,,2,,,,,,1,0,1,,,,,,,,,,,,,,2,8,1,1,,8,,,8,2,,2,2,,2,2,2,,,,,,,,,,,,,2,2,2,1,2,2,2,1,8,1,2,,,,,,,,,,,,,3,
2024,"Viet Nam","VNM","East Asia & Pacific (excluding high income)",76663207,116353613,0.701086669778086,1,22,2,4,1,1,1,0,1,1,1,1,1,4,4,4,1,1,3,1,1,1,1,2,2,,1,1,1,2,,,,,,,,,,,,,,,,,,,,,,,,,1,,1,2,1,2,,2,2,,2,,1,2,2,2,2,,,,2,2,3,2,,,,1,1,1,,1,1,3,2,,2,,2,1,1,1,,,1,2,1,2,,,2,2,,2,2,,,,,,,,2,,,,,,3,1,1,,,,,,,,,,,,,,1,,1,1,,1,,1,4,2,,2,2,,2,1,,1,2,,1,1,1,1,2,2,1,2,2,,,,,,,,,,1,2,,,,,,,,,,,,,1,1
2024,"Viet Nam","VNM","East Asia & Pacific (excluding high income)",76663207,116402465,0.257157228928712,1,65,1,1,1,2,0,0,0,0,1,0,4,4,4,4,0,2,3,0,2,,,,,,,,,,2,2,2,2,2,2,1,2,2,,,,,,,,,,,,,,,,2,,2,,,,2,2,2,,2,,2,,2,2,2,,,1,7,,1,2,,,,,,,,,,,2,,2,,2,1,2,2,,1,2,,,,,,,,,2,2,,,,,,,,2,,,,,,1,0,1,,,,,,,,,,,,,,2,2,1,1,,2,,,2,2,,2,2,,2,2,2,,,,,,,,,,,,,2,2,2,1,2,2,2,1,8,1,2,,,,,,,,,,,,,1,2
2024,"Viet Nam","VNM","East Asia & Pacific (excluding high income)",76663207,116419490,1.27857422755579,1,25,2,5,1,1,1,1,1,1,0,1,1,4,4,4,1,1,3,1,1,1,1,2,1,,1,1,1,2,,,,,,,,,,,,,,,,,,,,,,,,,1,2,1,2,1,2,,2,2,,2,2,2,2,2,2,2,,,2,1,3,4,2,,,,1,1,1,,1,1,3,2,,2,,2,1,1,1,,,1,2,1,1,,,2,2,,2,2,,,,,,,,2,,,,,,3,1,1,,,,,,,,,,,,,,1,,2,1,,1,,2,4,1,1,2,2,,2,1,,1,1,3,,1,1,1,1,2,2,2,2,,,,,,,,,,1,2,,,,,,,,,,,,,2,
2024,"Viet Nam","VNM","East Asia & Pacific (excluding high income)",76663207,116455943,1.62381730216378,1,45,2,5,1,2,1,1,1,1,0,1,1,4,4,4,1,1,1,1,1,1,1,2,1,,1,1,1,2,,,,,,,,,,,,,,,,,,,,,,,,,1,1,2,2,1,1,,2,2,,2,2,2,,2,2,2,,,2,1,3,4,2,,,,1,1,1,,1,1,3,1,1,1,1,2,1,1,1,,,1,2,1,1,,,2,2,,2,2,,,,,,,,2,,,,,,1,1,1,,,,,,,,,,,,,,1,,1,1,,1,,1,1,1,1,2,2,,2,1,,1,1,3,,2,1,1,1,1,1,1,2,,,,,,,,,,1,2,,,,,,,,,,,,,1,2
2024,"Viet Nam","VNM","East Asia & Pacific (excluding high income)",76663207,116498243,1.69323364769548,2,44,2,2,1,1,0,0,0,0,1,0,2,4,4,2,0,2,3,0,2,,,,,,,,,,2,2,1,2,1,2,2,2,2,,,,,,,,,,,,,,,,2,,2,,,,2,1,2,,1,,1,,1,2,2,,,,3,2,4,2,,,,,,,,,,,2,,2,,2,1,2,2,,1,1,2,2,2,1,,,,,2,2,,,,,,,,1,2,2,1,,1,3,1,1,,,,,,,,,,,,,,1,,1,1,,1,,1,1,2,,2,2,,2,1,,1,1,4,,2,2,1,1,1,2,1,2,,,,,,,,,,1,2,,,,,,,,,,,,,1,2
2024,"Viet Nam","VNM","East Asia & Pacific (excluding high income)",76663207,116825585,0.400913388963489,2,30,2,5,1,2,1,0,1,1,0,0,4,4,4,4,0,1,3,1,2,1,2,1,1,,1,1,1,2,,,,,,,,,,,,,,,,,,,,,,,,,2,,2,,,,2,2,2,,2,,2,,2,2,2,,,2,3,3,4,2,,,,2,2,,4,1,2,,2,,2,,2,1,1,1,,,2,,,,,,,,,2,2,,,,,,,,2,,,,,,3,1,1,,,,,,,,,,,,,,1,,1,1,,1,,1,3,1,1,2,2,,2,1,,1,1,3,,1,1,1,1,1,2,2,2,,,,,,,,,,1,2,,,,,,,,,,,,,1,1
2024,"Viet Nam","VNM","East Asia & Pacific (excluding high income)",76663207,116931391,0.780785815622286,2,45,2,3,1,2,1,0,1,1,0,1,1,4,4,4,0,4,3,1,1,1,1,2,2,,2,2,1,2,,,,,,,,,,,,,,,,,,,,,,,,,2,,2,,,,1,2,2,,2,,2,,2,2,2,,,2,2,2,3,2,,,,2,2,,4,2,2,,2,,2,,2,2,,,,,1,2,1,2,,,2,2,,2,2,,,,,,,,2,,,,,,3,1,1,,,,,,,,,,,,,,1,,1,1,,1,,1,1,1,2,2,2,,2,1,,1,1,3,,1,1,1,1,2,2,2,2,,,,,,,,,,1,2,,,,,,,,,,,,,1,2
2024,"Viet Nam","VNM","East Asia & Pacific (excluding high income)",76663207,116946246,0.436452960701032,1,35,1,1,1,1,1,0,1,0,1,0,4,4,4,4,0,2,3,0,1,2,1,3,3,2,2,2,2,2,,,,,,,,,,,,,,,,,,,,,,,,,2,,2,,,,2,2,2,,2,,1,,2,2,2,,,,2,1,2,2,,,,2,2,,4,2,1,2,2,,2,,2,1,2,2,,1,2,,,,,,,,,2,2,,,,,,,,2,,,,,,3,1,1,,,,,,,,,,,,,,1,,1,1,,1,,1,3,2,,2,2,,2,1,,1,2,,1,1,1,1,1,1,2,2,2,,,,,,,,,,1,2,,,,,,,,,,,,,2,
2024,"Viet Nam","VNM","East Asia & Pacific (excluding high income)",76663207,116993055,0.913291414170374,2,72,2,3,2,1,0,0,0,0,0,0,4,4,4,4,0,4,3,0,2,,,,,,,,,,2,2,2,2,2,2,2,2,2,,,,,,,,,,,,,,,,2,,2,,,,2,2,2,,2,,2,,2,2,2,,,2,1,1,1,2,,,,,,,,,,,2,,2,,2,2,,,,,2,,,,,,,,,2,2,,,,,,,,2,,,,,,3,1,1,,,,,,,,,,,,,,1,,1,1,,1,,2,1,2,,2,2,,2,1,,1,2,,1,2,2,1,2,2,2,2,2,,,,,,,,,,1,2,,,,,,,,,,,,,2,
2024,"Viet Nam","VNM","East Asia & Pacific (excluding high income)",76663207,117020818,0.818725237169452,1,22,2,3,1,1,1,1,1,1,0,1,4,4,4,4,1,4,2,1,1,1,1,3,3,1,1,1,1,2,,,,,,,,,,,,,,,,,,,,,,,,,2,2,2,,,,1,2,2,,2,2,2,,2,2,2,,,2,2,3,4,1,2,2,2,2,1,3,,1,1,2,2,,1,2,2,2,,,,,2,,,,,,,,,2,2,,,,,,,,2,,,,,,3,1,1,,,,,,,,,,,,,,1,,1,1,,1,,1,1,1,1,2,2,,2,1,,1,1,3,,1,1,1,2,2,2,2,2,,,,,,,,,,1,2,,,,,,,,,,,,,2,
2024,"Viet Nam","VNM","East Asia & Pacific (excluding high income)",76663207,117233178,1.95524970121626,1,35,3,1,1,1,1,1,1,1,0,1,1,4,4,4,1,1,3,1,1,1,1,2,1,,1,1,1,2,,,,,,,,,,,,,,,,,,,,,,,,,1,1,2,3,1,1,,1,2,,2,2,2,,2,2,2,,,2,3,2,4,1,1,1,2,1,1,1,,1,1,3,2,,2,,2,1,1,1,,,1,2,1,1,,,2,2,,2,2,,,,,,,,2,,,,,,3,1,1,,,,,,,,,,,,,,1,,1,1,,1,,1,1,1,1,2,2,,2,1,,1,1,3,,1,1,1,1,1,2,2,2,,,,,,,,,,1,2,,,,,,,,,,,,,1,1
2024,"Viet Nam","VNM","East Asia & Pacific (excluding high income)",76663207,117259223,0.985922712626172,2,20,2,3,1,1,1,1,1,1,0,0,1,4,4,4,1,4,3,1,1,1,1,2,2,,1,1,1,2,,,,,,,,,,,,,,,,,,,,,,,,,2,2,2,,,,2,2,2,,2,2,2,,2,2,2,,,2,3,3,3,2,,,,2,1,2,,2,2,,2,,2,,2,2,,,,,1,2,1,1,,,2,2,,2,2,,,,,,,,2,,,,,,2,1,1,,,,,,,,,,,,,,1,,1,1,,1,,1,1,1,1,2,2,,2,1,,1,1,3,,1,1,1,2,2,2,2,2,,,,,,,,,,1,2,,,,,,,,,,,,,1,2
2024,"Viet Nam","VNM","East Asia & Pacific (excluding high income)",76663207,117796020,0.795367453737617,1,28,2,2,1,1,1,0,1,0,1,1,1,4,4,4,0,4,3,1,1,2,1,2,2,,1,1,1,2,,,,,,,,,,,,,,,,,,,,,,,,,1,,1,1,1,2,,1,2,,2,,2,1,2,2,2,,,,1,2,3,1,2,2,2,2,2,,4,2,2,,2,,2,,2,2,,,,,1,2,1,2,,,1,2,,2,2,,,,,,,,2,,,,,,5,1,1,,,,,,,,,,,,,,1,,1,1,,2,,,1,1,1,2,2,,2,1,,1,2,,1,1,1,1,2,2,1,1,2,,,,,,,,,,1,2,,,,,,,,,,,,,1,2
2024,"Viet Nam","VNM","East Asia & Pacific (excluding high income)",76663207,117827092,1.32826265750796,2,24,2,4,1,1,1,1,1,1,1,1,4,4,4,1,1,1,3,1,1,1,1,3,1,,1,1,1,2,,,,,,,,,,,,,,,,,,,,,,,,,1,2,2,2,2,1,,2,2,,2,2,1,,2,2,2,,,,1,2,2,2,,,,1,1,2,,1,1,3,2,,2,,2,1,1,1,,,2,,,,,,,,,2,2,,,,,,,,1,2,1,,,1,3,1,1,,,,,,,,,,,,,,1,,1,1,,1,,1,1,1,2,2,2,,2,1,,1,2,,1,1,1,1,1,1,2,1,2,,,,,,,,,,1,2,,,,,,,,,,,,,1,1
2024,"Viet Nam","VNM","East Asia & Pacific (excluding high income)",76663207,117902636,0.850371511138512,1,39,2,3,1,2,1,0,1,1,1,1,1,4,4,4,1,1,1,1,1,1,1,2,1,,1,1,1,2,,,,,,,,,,,,,,,,,,,,,,,,,1,,1,2,1,2,,1,2,,2,,2,2,2,2,1,,,1,2,2,4,2,,,,1,1,1,,1,1,3,1,1,2,,2,1,1,1,,,1,2,1,2,,,2,2,,2,2,,,,,,,,2,,,,,,3,1,1,,,,,,,,,,,,,,1,,1,1,,1,,1,8,1,1,2,2,,2,1,,1,1,3,,1,1,1,1,1,2,2,2,,,,,,,,,,1,2,,,,,,,,,,,,,1,1
2024,"Viet Nam","VNM","East Asia & Pacific (excluding high income)",76663207,117912097,0.833839091346367,2,20,2,5,2,2,1,0,1,1,1,0,4,4,4,4,1,4,3,0,1,1,2,3,3,1,2,1,1,2,,,,,,,,,,,,,,,,,,,,,,,,,2,,2,,,,2,2,2,,2,,1,,2,2,2,,,,2,1,4,2,,,,2,1,3,,2,1,2,2,,2,,2,2,,,,,2,,,,,,,,,2,2,,,,,,,,2,,,,,,7,1,1,,,,,,,,,,,,,,1,,1,1,,1,,1,1,1,1,2,2,,2,1,,1,1,3,,1,1,1,1,1,2,2,2,,,,,,,,,,1,2,,,,,,,,,,,,,1,2
2024,"Viet Nam","VNM","East Asia & Pacific (excluding high income)",76663207,118014991,0.550775532443631,2,40,2,4,1,2,1,1,1,1,0,1,1,4,4,4,1,4,3,1,1,1,2,2,2,,1,1,1,2,,,,,,,,,,,,,,,,,,,,,,,,,1,,2,2,1,2,,2,2,,2,,2,,2,2,2,,,2,3,3,4,2,,,,2,1,1,,1,1,2,2,,2,,2,2,,,,,1,2,1,1,,,2,2,,2,2,,,,,,,,2,,,,,,1,1,1,,,,,,,,,,,,,,1,,1,1,,1,,1,1,1,1,2,2,,2,1,,1,1,3,,1,1,1,1,2,2,2,2,,,,,,,,,,1,2,,,,,,,,,,,,,1,1
2024,"Viet Nam","VNM","East Asia & Pacific (excluding high income)",76663207,118017480,1.44355623248522,2,45,2,4,1,1,1,0,1,1,0,1,4,4,4,2,1,4,3,1,1,1,2,2,2,,1,1,1,2,,,,,,,,,,,,,,,,,,,,,,,,,2,,2,,,,1,2,2,,2,,2,,2,2,2,,,2,1,3,4,2,,,,2,1,3,,1,2,,2,,2,,2,2,,,,,2,,,,,,,,,2,2,,,,,,,,1,2,2,1,,1,3,1,1,,,,,,,,,,,,,,1,,1,1,,1,,1,4,1,1,2,2,,2,1,,1,2,,2,1,1,1,1,2,2,2,2,,,,,,,,,,1,2,,,,,,,,,,,,,1,2
2024,"Viet Nam","VNM","East Asia & Pacific (excluding high income)",76663207,118025878,0.478223480353787,2,43,1,2,1,1,0,0,0,0,0,1,4,3,4,2,0,4,3,0,2,,,,,,,,,,2,2,2,1,1,2,1,1,1,,,,,,,,,,,,,,,,2,,2,,,,1,2,2,,2,,2,,2,2,2,,,2,1,2,3,1,1,2,,,,,,,,,2,,2,,2,2,,,,,2,,,,,,,,,1,2,2,2,2,2,,,,1,2,2,1,,1,4,1,1,,,,,,,,,,,,,,1,,1,1,,2,,,2,2,,2,2,,2,1,,1,1,3,,1,1,1,2,1,2,2,2,,,,,,,,,,1,2,,,,,,,,,,,,,2,
2024,"Viet Nam","VNM","East Asia & Pacific (excluding high income)",76663207,118033785,1.58736975701651,2,34,2,2,1,2,1,1,1,1,1,1,1,4,4,4,1,4,3,1,1,1,1,2,1,,1,1,1,2,,,,,,,,,,,,,,,,,,,,,,,,,2,2,2,,,,1,2,2,,2,2,1,,2,2,2,,,,3,3,4,2,,,,2,1,1,,2,1,1,2,,2,,2,2,,,,,1,2,1,1,,,2,2,,2,2,,,,,,,,2,,,,,,3,1,1,,,,,,,,,,,,,,1,,1,1,,1,,2,1,1,1,2,2,,2,1,,1,1,3,,1,1,1,1,2,2,2,2,,,,,,,,,,1,2,,,,,,,,,,,,,2,
2024,"Viet Nam","VNM","East Asia & Pacific (excluding high income)",76663207,118232903,0.257157228928712,2,20,1,5,1,1,1,0,1,1,1,1,4,4,4,4,1,1,1,1,2,1,1,1,1,,1,1,1,2,,,,,,,,,,,,,,,,,,,,,,,,,1,,2,3,2,2,,2,2,,2,,1,,2,2,2,,,,3,2,2,2,,,,2,1,3,,1,1,2,1,1,1,1,2,1,1,1,,,2,,,,,,,,,2,2,,,,,,,,2,,,,,,4,1,1,,,,,,,,,,,,,,1,,1,1,,1,,1,1,1,1,2,2,,2,1,,1,1,3,,2,1,1,1,1,2,2,2,,,,,,,,,,1,2,,,,,,,,,,,,,2,
2024,"Viet Nam","VNM","East Asia & Pacific (excluding high income)",76663207,118392747,0.913281389897347,2,22,2,3,2,2,1,1,1,1,0,0,4,4,4,4,1,4,3,1,1,1,2,3,3,1,2,1,1,2,,,,,,,,,,,,,,,,,,,,,,,,,2,2,2,,,,2,2,2,,2,2,2,,2,2,2,,,2,2,2,1,2,,,,2,1,2,,2,2,,2,,2,,2,2,,,,,2,,,,,,,,,2,2,,,,,,,,2,,,,,,4,1,1,,,,,,,,,,,,,,1,,1,1,,1,,1,1,1,1,2,2,,2,1,,1,1,3,,1,1,1,1,2,2,2,2,,,,,,,,,,1,2,,,,,,,,,,,,,1,2
2024,"Viet Nam","VNM","East Asia & Pacific (excluding high income)",76663207,118398667,1.3827235044627,2,26,3,5,1,2,1,1,1,1,1,1,1,4,4,4,1,2,1,1,1,1,1,3,1,,1,1,1,2,,,,,,,,,,,,,,,,,,,,,,,,,2,1,2,2,1,1,,2,2,,2,2,1,,2,2,2,,,,2,2,4,2,,,,1,1,1,,1,1,3,1,1,1,1,1,1,2,2,,1,1,2,1,1,,,2,2,,2,2,,,,,,,,2,,,,,,3,1,1,,,,,,,,,,,,,,1,,1,1,,1,,1,1,1,2,2,2,,2,1,,1,1,3,,1,1,1,1,1,2,2,1,,,,,,,,,,1,2,,,,,,,,,,,,,1,1
2024,"Viet Nam","VNM","East Asia & Pacific (excluding high income)",76663207,118443594,0.470021167047861,1,17,2,5,2,1,1,0,1,1,0,1,4,4,4,4,1,4,1,1,2,1,2,3,3,1,1,1,1,2,,,,,,,,,,,,,,,,,,,,,,,,,1,,2,3,1,2,,2,2,,2,,2,,2,2,2,,,2,2,1,3,2,,,,2,1,3,,2,1,3,2,,1,1,2,2,,,,,2,,,,,,,,,2,2,,,,,,,,2,,,,,,3,1,1,,,,,,,,,,,,,,1,,1,1,,2,,,1,1,1,2,2,,2,1,,1,2,,1,2,1,1,1,1,2,2,2,,,,,,,,,,1,2,,,,,,,,,,,,,1,2
2024,"Viet Nam","VNM","East Asia & Pacific (excluding high income)",76663207,118499678,0.56374211074867,1,35,2,2,1,1,1,1,1,1,1,1,1,4,4,4,1,4,3,1,1,1,1,2,2,,1,1,1,2,,,,,,,,,,,,,,,,,,,,,,,,,1,2,2,2,1,2,,2,2,,2,2,1,,2,2,2,,,,2,2,3,2,,,,1,1,1,,1,1,3,2,,2,,2,2,,,,,1,2,1,1,,,2,2,,2,2,,,,,,,,2,,,,,,3,1,1,,,,,,,,,,,,,,1,,1,1,,1,,1,1,1,1,2,2,,2,1,,1,1,3,,1,1,1,2,2,2,2,2,,,,,,,,,,1,2,,,,,,,,,,,,,1,2
2024,"Viet Nam","VNM","East Asia & Pacific (excluding high income)",76663207,118594338,1.08174302991671,2,29,2,4,2,1,1,1,1,1,1,0,1,4,4,4,1,1,1,1,2,1,2,2,2,,2,1,1,2,,,,,,,,,,,,,,,,,,,,,,,,,2,,2,,,,2,2,2,,2,,1,,2,2,2,,,,2,2,1,2,,,,1,1,3,,1,1,3,1,1,1,1,2,1,1,1,,,1,2,1,1,,,1,2,,2,2,,,,,,,,2,,,,,,4,1,1,,,,,,,,,,,,,,1,,1,1,,1,,1,1,1,1,2,2,,2,1,,1,1,3,,2,1,1,1,2,2,2,2,,,,,,,,,,1,2,,,,,,,,,,,,,1,1
2024,"Viet Nam","VNM","East Asia & Pacific (excluding high income)",76663207,118690186,0.370715855307567,1,32,2,3,1,1,0,0,0,0,0,1,4,4,4,2,0,2,3,0,2,,,,,,,,,,2,2,2,2,2,2,1,1,2,,,,,,,,,,,,,,,,2,,2,,,,1,1,2,,2,,2,,2,2,2,,,2,1,1,4,2,,,,,,,,,,,2,,2,,1,1,2,2,,1,2,,,,,,,,,2,2,,,,,,,,1,2,2,1,,1,4,1,1,,,,,,,,,,,,,,1,,1,1,,1,,1,1,1,1,2,2,,2,1,,1,1,3,,2,1,1,1,1,2,2,2,,,,,,,,,,1,2,,,,,,,,,,,,,1,2
2024,"Viet Nam","VNM","East Asia & Pacific (excluding high income)",76663207,118809921,0.614043927877089,1,18,2,3,2,2,1,0,1,1,0,1,4,4,4,4,1,4,3,1,1,1,2,3,2,,1,1,1,2,,,,,,,,,,,,,,,,,,,,,,,,,1,,2,3,2,2,,2,2,,2,,2,,2,2,2,,,2,7,,5,2,,,,2,1,2,,2,1,3,2,,2,,2,2,,,,,2,,,,,,,,,2,2,,,,,,,,2,,,,,,3,1,1,,,,,,,,,,,,,,1,,2,1,,1,,1,1,1,1,2,2,,2,1,,1,1,3,,2,1,1,1,1,2,2,2,,,,,,,,,,1,2,,,,,,,,,,,,,1,2
2024,"Viet Nam","VNM","East Asia & Pacific (excluding high income)",76663207,118832349,1.89958802912946,2,38,3,5,1,2,1,1,1,1,1,1,1,4,4,4,1,4,3,1,1,1,2,1,1,,1,1,1,2,,,,,,,,,,,,,,,,,,,,,,,,,1,2,1,3,1,1,,2,2,,2,2,1,2,2,2,2,,,,1,3,4,2,,,,2,2,,4,1,1,3,2,,2,,2,2,,,,,1,2,1,2,,,2,2,,2,2,,,,,,,,2,,,,,,3,1,1,,,,,,,,,,,,,,1,,1,1,,1,,1,1,1,1,2,2,,2,1,,1,1,3,,1,1,1,1,2,2,2,2,,,,,,,,,,1,2,,,,,,,,,,,,,1,3
2024,"Viet Nam","VNM","East Asia & Pacific (excluding high income)",76663207,118853961,0.850856621253996,1,17,2,3,1,1,0,1,1,1,0,0,4,4,4,4,1,2,3,1,2,,,,,,,,,,2,1,1,1,2,2,2,2,2,,,,,,,,,,,,,,,,2,2,2,,,,2,2,2,,2,2,2,,2,2,2,,,2,2,1,4,2,,,,2,1,3,,2,1,2,2,,2,,2,1,2,2,,1,2,,,,,,,,,2,2,,,,,,,,2,,,,,,4,1,1,,,,,,,,,,,,,,1,,2,3,,2,,,3,1,2,2,2,,2,1,,3,1,3,,1,1,1,1,2,2,2,1,,,,,,,,,,1,2,,,,,,,,,,,,,2,
2024,"Viet Nam","VNM","East Asia & Pacific (excluding high income)",76663207,118947536,0.327700007033003,1,27,2,5,1,1,1,0,1,1,0,1,4,4,4,2,1,2,1,1,1,1,2,1,1,,1,1,1,2,,,,,,,,,,,,,,,,,,,,,,,,,1,,1,3,1,1,,2,2,,2,,2,2,2,2,2,,,2,1,3,4,2,,,,2,2,,1,1,1,3,1,2,1,1,2,1,2,2,,1,2,,,,,,,,,2,2,,,,,,,,1,2,2,1,,2,3,1,1,,,,,,,,,,,,,,1,,1,1,,1,,1,1,1,1,2,2,,2,1,,1,2,,2,1,1,1,1,2,2,2,2,,,,,,,,,,1,2,,,,,,,,,,,,,1,2
2024,"Viet Nam","VNM","East Asia & Pacific (excluding high income)",76663207,119014292,1.56157163124457,2,48,2,4,1,2,1,1,1,1,1,1,1,4,4,4,1,1,3,1,1,1,2,2,1,,1,1,1,2,,,,,,,,,,,,,,,,,,,,,,,,,1,,2,3,1,1,,2,2,,2,,1,,2,2,2,,,,3,3,3,2,,,,2,1,2,,1,1,3,2,,2,,2,1,1,1,,,1,2,1,1,,,2,2,,2,2,,,,,,,,2,,,,,,1,1,1,,,,,,,,,,,,,,1,,1,1,,1,,2,1,1,2,1,1,1,2,1,,1,2,,2,1,1,1,2,2,2,2,2,,,,,,,,,,1,2,,,,,,,,,,,,,1,2
2024,"Viet Nam","VNM","East Asia & Pacific (excluding high income)",76663207,119147939,0.452035421861711,1,50,2,3,1,1,0,0,0,0,1,0,4,4,4,2,0,2,2,0,2,,,,,,,,,,2,2,2,2,2,2,2,1,2,,,,,,,,,,,,,,,,2,,2,,,,2,2,2,,1,,1,,1,2,2,,,,2,3,3,2,,,,,,,,,,,2,,1,2,2,1,2,2,,1,2,,,,,,,,,2,2,,,,,,,,1,2,2,1,,2,1,0,1,,,,,,,,,,,,,,2,2,1,1,,2,,,2,2,,2,2,,2,2,2,,,,,,,,,,,,,1,2,2,1,2,2,2,1,1,1,2,,,,,,,,,,,,,2,
2024,"Viet Nam","VNM","East Asia & Pacific (excluding high income)",76663207,119163100,0.960154484426295,1,43,2,4,1,1,1,0,1,1,1,1,1,4,4,4,0,1,1,1,2,1,1,2,2,,2,1,1,2,,,,,,,,,,,,,,,,,,,,,,,,,2,,1,,,,,2,2,,2,,1,2,2,2,2,,,,2,2,3,2,,,,2,2,,4,1,1,2,1,1,1,1,2,1,1,1,,,1,2,1,2,,,2,1,,2,2,,,,,,,,2,,,,,,3,1,1,,,,,,,,,,,,,,1,,1,1,,1,,1,4,2,,2,2,,2,1,,1,1,3,,2,1,1,2,2,2,2,2,,,,,,,,,,1,2,,,,,,,,,,,,,1,2
2024,"Viet Nam","VNM","East Asia & Pacific (excluding high income)",76663207,119277751,1.65168528268133,2,34,3,4,1,2,1,1,1,1,1,1,1,4,4,4,1,1,2,1,1,1,1,2,3,,1,1,1,2,,,,,,,,,,,,,,,,,,,,,,,,,1,2,2,3,1,1,,2,2,,2,2,1,,2,2,2,,,,3,3,4,2,,,,1,1,1,,1,1,2,1,2,1,2,2,1,1,1,,,1,2,1,1,,,2,2,,2,2,,,,,,,,2,,,,,,1,1,1,,,,,,,,,,,,,,1,,1,1,,1,,1,1,1,1,2,2,,2,1,,1,1,1,,1,1,1,1,1,2,2,2,,,,,,,,,,1,2,,,,,,,,,,,,,1,1
2024,"Viet Nam","VNM","East Asia & Pacific (excluding high income)",76663207,119339195,0.257157228928712,1,30,1,3,1,1,1,0,1,0,0,0,4,4,4,4,0,2,3,0,1,2,2,3,3,2,2,2,2,2,,,,,,,,,,,,,,,,,,,,,,,,,2,,2,,,,2,2,2,,2,,2,,2,2,2,,,2,2,2,4,2,,,,2,2,,4,2,1,2,2,,2,,2,1,2,2,,1,2,,,,,,,,,2,2,,,,,,,,2,,,,,,3,1,1,,,,,,,,,,,,,,1,,1,1,,1,,1,1,1,1,2,2,,1,1,,1,1,3,,2,1,1,1,2,1,2,2,,,,,,,,,,1,2,,,,,,,,,,,,,1,2
2024,"Viet Nam","VNM","East Asia & Pacific (excluding high income)",76663207,119729134,1.13201480293843,2,23,2,1,1,1,1,0,1,1,1,0,4,4,4,2,1,4,1,1,1,1,2,2,2,,2,1,1,2,,,,,,,,,,,,,,,,,,,,,,,,,2,,2,,,,2,2,2,,2,,1,,2,2,2,,,,2,1,2,1,1,1,2,2,1,3,,2,2,,2,,1,1,2,2,,,,,2,,,,,,,,,2,2,,,,,,,,1,2,2,1,,2,4,1,1,,,,,,,,,,,,,,1,,1,1,,1,,1,1,1,1,2,2,,1,1,,1,1,4,,1,1,1,2,2,2,2,2,,,,,,,,,,1,2,,,,,,,,,,,,,1,2
2024,"Viet Nam","VNM","East Asia & Pacific (excluding high income)",76663207,119732497,0.286364974009432,1,40,2,3,1,2,1,0,1,1,1,0,4,1,4,4,0,2,1,1,1,1,2,2,2,,2,1,2,2,,,,,,,,,,,,,,,,,,,,,,,,,2,,2,,,,2,2,2,,2,,1,,2,2,2,,,,2,2,5,2,,,,2,2,,4,2,1,2,2,,1,1,2,1,2,2,,1,2,,,,,,,,,1,2,1,2,,,1,2,,2,,,,,,5,1,1,,,,,,,,,,,,,,1,,2,1,,2,,,3,2,,2,1,2,2,1,,1,2,,2,2,2,1,2,2,2,2,2,,,,,,,,,,1,2,,,,,,,,,,,,,1,2
2024,"Viet Nam","VNM","East Asia & Pacific (excluding high income)",76663207,119734734,0.850810966468217,1,18,2,1,2,1,0,0,0,0,0,1,4,4,4,2,0,4,3,0,2,,,,,,,,,,2,2,2,1,2,2,2,1,2,,,,,,,,,,,,,,,,2,,2,,,,1,2,2,,2,,2,,2,2,2,,,2,1,1,3,1,2,2,,,,,,,,,2,,2,,2,2,,,,,2,,,,,,,,,2,2,,,,,,,,1,2,2,1,,1,3,1,1,,,,,,,,,,,,,,1,,1,1,,1,,2,4,1,1,2,1,2,2,1,,1,1,3,,1,1,1,2,1,2,2,2,,,,,,,,,,1,2,,,,,,,,,,,,,2,
2024,"Viet Nam","VNM","East Asia & Pacific (excluding high income)",76663207,119735846,0.568802082280711,1,18,2,3,2,2,1,0,1,1,1,0,4,4,4,4,1,4,2,1,1,1,2,3,1,,1,2,1,2,,,,,,,,,,,,,,,,,,,,,,,,,2,,2,,,,2,2,2,,2,,1,,2,2,2,,,,2,1,3,2,,,,2,1,2,,2,1,1,2,,1,2,2,2,,,,,2,,,,,,,,,2,2,,,,,,,,2,,,,,,5,1,2,1,2,2,2,1,2,1,7,1,1,2,1,,,,,,,,,,,,,,,,,1,,1,1,3,,1,1,1,1,1,2,2,2,,,,,,,,,,1,2,,,,,,,,,,,,,2,
2024,"Viet Nam","VNM","East Asia & Pacific (excluding high income)",76663207,119859028,1.16576810680496,1,22,2,3,1,1,1,1,1,1,1,1,1,4,4,4,1,4,3,1,1,1,1,2,2,,1,1,1,2,,,,,,,,,,,,,,,,,,,,,,,,,1,1,2,2,1,2,,2,2,,2,2,1,,2,2,2,,,,2,3,4,2,,,,2,1,2,,2,1,1,2,,2,,2,2,,,,,1,2,1,2,,,2,2,,2,2,,,,,,,,2,,,,,,4,1,1,,,,,,,,,,,,,,1,,1,1,,1,,1,2,2,,2,1,2,2,1,,1,1,3,,1,1,1,2,2,2,2,2,,,,,,,,,,1,2,,,,,,,,,,,,,1,2
2024,"Viet Nam","VNM","East Asia & Pacific (excluding high income)",76663207,119936828,1.04992129339089,1,45,2,3,1,2,1,0,1,1,1,1,1,4,4,2,1,1,3,1,1,1,1,2,2,,1,1,1,2,,,,,,,,,,,,,,,,,,,,,,,,,2,,2,,,,1,2,2,,2,,1,,2,2,2,,,,2,3,4,2,,,,2,2,,4,1,1,3,2,,2,,2,1,2,1,,,1,2,1,2,,,2,2,,2,2,,,,,,,,1,2,2,1,,2,3,1,1,,,,,,,,,,,,,,1,,1,1,,1,,1,1,1,1,2,2,,2,1,,1,1,3,,2,1,1,1,2,2,1,2,,,,,,,,,,1,2,,,,,,,,,,,,,1,2
2024,"Viet Nam","VNM","East Asia & Pacific (excluding high income)",76663207,119957613,0.845613166123006,1,40,2,4,1,1,1,0,1,1,1,1,4,4,4,2,1,2,3,1,1,1,2,2,2,,1,1,1,2,,,,,,,,,,,,,,,,,,,,,,,,,1,,2,3,1,1,,2,2,,2,,1,,2,2,2,,,,2,2,4,1,2,2,2,2,2,,4,2,1,3,2,,2,,2,1,2,2,,1,2,,,,,,,,,2,2,,,,,,,,1,2,2,1,,2,3,1,1,,,,,,,,,,,,,,1,,1,1,,1,,1,1,1,1,2,1,2,2,1,,1,2,,1,1,1,1,1,2,2,2,2,,,,,,,,,,1,2,,,,,,,,,,,,,1,2
2024,"Viet Nam","VNM","East Asia & Pacific (excluding high income)",76663207,120347308,1.0183016092905,2,41,2,2,1,1,1,1,1,1,0,1,1,4,4,1,1,1,3,1,1,1,2,2,1,,1,1,1,2,,,,,,,,,,,,,,,,,,,,,,,,,1,,2,3,1,2,,2,2,,2,,2,,2,2,2,,,2,1,3,4,2,,,,2,1,2,,1,2,,2,,2,,2,1,1,1,,,1,2,1,1,,,1,2,,2,2,,,,,,,,1,1,1,,,1,3,1,1,,,,,,,,,,,,,,1,,1,1,,1,,1,1,2,,2,2,,2,1,,1,1,3,,1,2,1,1,2,2,2,2,,,,,,,,,,1,2,,,,,,,,,,,,,1,2
2024,"Viet Nam","VNM","East Asia & Pacific (excluding high income)",76663207,120392054,0.977624850608128,1,35,3,3,1,1,1,1,1,1,1,1,4,4,4,4,1,1,1,1,1,1,2,3,1,,1,1,1,2,,,,,,,,,,,,,,,,,,,,,,,,,2,2,1,,,,,2,2,,2,2,1,2,2,2,2,,,,2,2,4,2,,,,1,1,3,,1,1,3,1,1,1,1,1,1,2,1,,,2,,,,,,,,,2,2,,,,,,,,2,,,,,,3,1,1,,,,,,,,,,,,,,1,,1,1,,1,,1,1,1,1,2,2,,2,1,,1,2,,1,1,1,1,1,2,2,2,2,,,,,,,,,,1,2,,,,,,,,,,,,,1,1
2024,"Viet Nam","VNM","East Asia & Pacific (excluding high income)",76663207,120540334,0.493751250616995,1,37,2,3,1,1,1,1,1,1,0,1,1,4,4,4,1,1,3,1,1,1,2,2,1,,1,1,1,2,,,,,,,,,,,,,,,,,,,,,,,,,2,,2,,,,1,1,2,,2,,2,,2,2,2,,,2,4,3,4,2,,,,1,1,1,,1,1,3,2,,2,,2,1,1,1,,,1,2,1,1,,,1,2,,2,2,,,,,,,,2,,,,,,3,1,1,,,,,,,,,,,,,,1,,1,1,,1,,1,4,2,,2,2,,2,1,,1,1,3,,1,1,1,1,2,2,2,2,,,,,,,,,,1,2,,,,,,,,,,,,,1,2
2024,"Viet Nam","VNM","East Asia & Pacific (excluding high income)",76663207,120661519,0.987502501233991,1,41,2,2,1,1,1,1,1,1,1,1,1,4,4,4,1,1,3,1,1,1,2,2,2,,1,1,1,2,,,,,,,,,,,,,,,,,,,,,,,,,1,,2,2,1,1,,1,2,,2,,2,,2,2,1,,,2,1,1,3,2,,,,1,1,2,,1,1,3,2,,2,,2,1,1,1,,,1,2,1,1,,,2,2,,2,2,,,,,,,,2,,,,,,3,1,1,,,,,,,,,,,,,,1,,2,1,,1,,1,4,2,,2,2,,2,1,,1,1,3,,1,1,1,1,2,2,2,2,,,,,,,,,,1,2,,,,,,,,,,,,,1,2
2024,"Viet Nam","VNM","East Asia & Pacific (excluding high income)",76663207,120754643,0.550775532443631,2,40,2,4,1,2,1,1,1,1,1,1,1,4,4,4,0,1,3,1,1,2,1,3,2,,1,1,1,2,,,,,,,,,,,,,,,,,,,,,,,,,1,,2,3,1,2,,2,2,,2,,1,,2,2,2,,,,2,2,4,2,,,,2,2,,4,1,1,2,2,,2,,2,1,1,1,,,1,2,1,1,,,2,1,,2,2,,,,,,,,2,,,,,,3,1,1,,,,,,,,,,,,,,1,,1,1,,1,,1,1,1,1,2,2,,2,1,,1,1,1,,1,1,1,1,2,1,2,2,,,,,,,,,,1,2,,,,,,,,,,,,,1,1
2024,"Viet Nam","VNM","East Asia & Pacific (excluding high income)",76663207,120842290,0.941650887318486,1,58,1,1,2,2,0,0,0,0,1,0,4,4,4,4,0,4,2,0,2,,,,,,,,,,2,2,2,2,2,2,2,1,2,,,,,,,,,,,,,,,,2,,2,,,,2,2,2,,2,,2,,2,2,2,,,1,2,1,3,2,,,,,,,,,,,2,,1,2,2,2,,,,,2,,,,,,,,,2,2,,,,,,,,2,,,,,,4,0,1,,,,,,,,,,,,,,2,2,1,1,,1,,2,2,2,,2,2,,2,2,2,,,,,,,,,,,,,2,2,2,1,2,2,2,1,4,1,2,,,,,,,,,,,,,1,2
2024,"Viet Nam","VNM","East Asia & Pacific (excluding high income)",76663207,120961661,1.45167925951298,2,45,2,4,1,1,1,0,1,0,1,1,1,4,4,4,0,1,3,1,1,2,1,3,3,1,1,1,1,2,,,,,,,,,,,,,,,,,,,,,,,,,1,2,2,3,1,2,,2,2,,2,2,1,,2,2,2,,,,1,2,3,2,,,,2,2,,4,2,2,,2,,2,,2,1,1,2,,,1,2,1,2,,,2,2,,2,2,,,,,,,,2,,,,,,1,1,1,,,,,,,,,,,,,,1,,1,1,,1,,1,1,1,1,2,2,,2,1,,1,1,3,,1,1,1,1,2,2,2,2,,,,,,,,,,1,2,,,,,,,,,,,,,2,
2024,"Viet Nam","VNM","East Asia & Pacific (excluding high income)",76663207,120969431,0.572729948018865,1,37,2,4,1,2,1,1,1,1,0,1,4,4,4,4,0,2,3,1,1,1,2,1,1,,1,1,1,2,,,,,,,,,,,,,,,,,,,,,,,,,2,1,2,3,2,1,,2,2,,2,2,2,,2,2,2,,,2,3,3,4,2,,,,2,2,,4,1,2,,2,,2,,2,1,2,2,,1,2,,,,,,,,,2,2,,,,,,,,2,,,,,,2,1,1,,,,,,,,,,,,,,1,,1,1,,2,,,1,1,1,2,2,,2,1,,1,2,,1,1,1,1,1,2,2,2,2,,,,,,,,,,1,2,,,,,,,,,,,,,1,2
2024,"Viet Nam","VNM","East Asia & Pacific (excluding high income)",76663207,121271674,0.913291414170374,2,62,2,4,2,1,0,0,0,0,1,0,4,4,4,4,0,4,3,0,2,,,,,,,,,,2,2,2,2,2,2,1,1,2,,,,,,,,,,,,,,,,2,,2,,,,2,2,2,,2,,2,,1,2,2,,,2,7,,4,2,,,,,,,,,,,2,,2,,2,2,,,,,2,,,,,,,,,2,2,,,,,,,,2,,,,,,3,1,1,,,,,,,,,,,,,,1,,1,1,,1,,2,1,2,,2,2,,2,1,,3,1,3,,2,2,1,1,1,2,2,2,,,,,,,,,,1,2,,,,,,,,,,,,,2,
2024,"Viet Nam","VNM","East Asia & Pacific (excluding high income)",76663207,121310476,0.327700007033003,1,26,2,3,1,1,1,1,1,1,0,0,4,4,4,1,1,1,2,1,1,1,1,2,1,,1,1,1,2,,,,,,,,,,,,,,,,,,,,,,,,,2,2,2,,,,2,2,2,,2,2,2,,2,2,2,,,2,2,2,3,2,,,,1,1,2,,1,1,3,2,,1,2,2,1,1,2,,,2,,,,,,,,,2,2,,,,,,,,1,1,2,,,1,3,1,1,,,,,,,,,,,,,,1,,1,1,,1,,1,1,1,1,2,2,,2,1,,1,1,3,,2,1,1,1,1,2,2,2,,,,,,,,,,1,2,,,,,,,,,,,,,1,1
2024,"Viet Nam","VNM","East Asia & Pacific (excluding high income)",76663207,121595274,0.55678345965402,1,37,2,5,1,2,1,0,1,1,0,1,1,4,4,4,1,1,2,1,1,1,1,2,1,,1,1,1,2,,,,,,,,,,,,,,,,,,,,,,,,,1,,2,2,2,1,,2,2,,2,,2,,2,2,2,,,2,3,3,3,2,,,,2,1,1,,1,1,3,1,2,2,,2,1,1,1,,,1,2,1,2,,,2,2,,2,2,,,,,,,,2,,,,,,3,1,1,,,,,,,,,,,,,,1,,1,1,,1,,1,1,1,1,2,2,,2,1,,1,1,3,,2,1,1,1,2,2,2,2,,,,,,,,,,1,2,,,,,,,,,,,,,1,2
2024,"Viet Nam","VNM","East Asia & Pacific (excluding high income)",76663207,121686545,0.349973764463629,1,46,2,4,1,1,0,0,0,0,0,0,4,4,4,4,0,2,3,0,2,,,,,,,,,,2,2,2,2,2,2,2,2,2,,,,,,,,,,,,,,,,2,,2,,,,2,2,2,,2,,2,,2,2,2,,,2,2,3,3,2,,,,,,,,,,,2,,2,,2,1,2,2,,1,2,,,,,,,,,2,2,,,,,,,,2,,,,,,1,1,1,,,,,,,,,,,,,,1,,1,1,,1,,1,1,1,1,2,2,,2,1,,1,2,,1,1,1,1,1,2,1,1,2,,,,,,,,,,1,2,,,,,,,,,,,,,2,
2024,"Viet Nam","VNM","East Asia & Pacific (excluding high income)",76663207,121973925,2.44624479646946,1,77,2,1,2,1,0,0,0,0,0,0,4,2,4,4,0,4,2,0,2,,,,,,,,,,2,2,2,2,2,2,1,1,2,,,,,,,,,,,,,,,,2,,2,,,,2,2,2,,2,,2,,2,2,2,,,2,2,1,2,2,,,,,,,,,,,2,,1,2,2,2,,,,,2,,,,,,,,,1,2,2,2,1,,,,,2,,,,,,3,0,1,,,,,,,,,,,,,,2,8,1,1,,2,,,8,2,,2,2,,2,2,2,,,,,,,,,,,,,2,2,2,1,2,2,2,1,8,1,2,,,,,,,,,,,,,2,
2024,"Viet Nam","VNM","East Asia & Pacific (excluding high income)",76663207,122098602,1.34744383213246,1,25,2,2,1,1,1,1,1,1,1,1,4,4,4,4,1,2,1,1,2,1,1,3,3,1,1,1,2,2,,,,,,,,,,,,,,,,,,,,,,,,,2,2,2,,,,1,2,2,,2,2,1,,2,1,2,,,,4,2,4,2,,,,2,1,2,,2,1,2,1,1,2,,2,1,2,2,,1,2,,,,,,,,,2,2,,,,,,,,2,,,,,,4,1,1,,,,,,,,,,,,,,1,,1,1,,1,,1,1,1,1,2,2,,2,1,,1,1,1,,2,1,1,2,2,2,2,2,,,,,,,,,,1,2,,,,,,,,,,,,,1,1
2024,"Viet Nam","VNM","East Asia & Pacific (excluding high income)",76663207,122110933,0.701086669778087,1,18,2,3,2,1,0,0,0,0,1,0,4,4,4,4,0,4,3,0,2,,,,,,,,,,2,2,1,2,2,2,2,1,2,,,,,,,,,,,,,,,,2,2,2,,,,2,2,2,,2,2,1,,2,2,2,,,,2,1,5,1,2,2,2,2,2,,4,2,1,2,2,,2,,2,2,,,,,2,,,,,,,,,2,2,,,,,,,,2,,,,,,3,1,1,,,,,,,,,,,,,,1,,2,1,,1,,1,1,1,1,2,2,,2,1,,1,2,,1,1,1,1,1,1,2,2,2,,,,,,,,,,1,2,,,,,,,,,,,,,1,2
2024,"Viet Nam","VNM","East Asia & Pacific (excluding high income)",76663207,122149732,0.457372391012176,1,39,2,2,2,2,1,0,1,1,0,1,4,4,4,4,1,1,3,1,1,1,2,2,1,,2,2,1,2,,,,,,,,,,,,,,,,,,,,,,,,,1,,2,3,2,2,,2,2,,2,,2,,2,2,2,,,2,2,2,2,2,,,,2,1,1,,1,1,3,2,,2,,2,1,1,1,,,2,,,,,,,,,2,2,,,,,,,,2,,,,,,3,1,1,,,,,,,,,,,,,,1,,1,1,,1,,1,1,1,1,2,2,,2,1,,1,1,3,,1,1,1,1,2,2,2,2,,,,,,,,,,1,2,,,,,,,,,,,,,1,2
2024,"Viet Nam","VNM","East Asia & Pacific (excluding high income)",76663207,122166561,0.257157228928712,1,58,1,4,1,2,0,0,0,0,0,0,2,4,4,4,0,2,1,0,2,,,,,,,,,,2,2,2,2,2,2,2,2,2,,,,,,,,,,,,,,,,2,,2,,,,2,2,2,,2,,2,,2,2,2,,,2,2,1,1,2,,,,,,,,,,,2,,1,1,1,1,2,2,,1,1,2,2,2,1,,,,,2,2,,,,,,,,2,,,,,,4,1,1,,,,,,,,,,,,,,1,,1,1,,1,,1,1,1,1,2,2,,2,1,,1,1,3,,2,1,1,1,2,2,1,2,,,,,,,,,,1,2,,,,,,,,,,,,,1,2
2024,"Viet Nam","VNM","East Asia & Pacific (excluding high income)",76663207,122185222,1.6377011402651,1,22,3,5,1,2,1,1,1,1,1,1,1,4,4,4,1,4,1,1,1,1,2,2,1,,1,1,1,2,,,,,,,,,,,,,,,,,,,,,,,,,1,2,2,2,1,1,,2,2,,2,2,1,,2,2,2,,,,3,2,3,2,,,,2,2,,1,1,1,1,1,1,1,1,2,2,,,,,1,2,1,1,,,2,2,,2,2,,,,,,,,2,,,,,,3,1,1,,,,,,,,,,,,,,1,,1,1,,1,,1,1,1,1,2,2,,2,1,,1,1,3,,1,1,1,1,1,2,2,1,,,,,,,,,,1,2,,,,,,,,,,,,,2,
2024,"Viet Nam","VNM","East Asia & Pacific (excluding high income)",76663207,122656464,1.27344399660372,2,16,2,1,2,1,0,0,0,0,0,0,4,4,4,4,0,4,3,0,2,,,,,,,,,,2,2,1,2,2,2,2,1,2,,,,,,,,,,,,,,,,2,,2,,,,2,2,2,,2,,2,,2,2,2,,,2,2,1,4,2,,,,,,,,,,,2,,2,,2,2,,,,,2,,,,,,,,,2,2,,,,,,,,2,,,,,,4,1,1,,,,,,,,,,,,,,1,,1,1,,1,,1,1,1,1,2,2,,2,1,,1,1,3,,1,1,1,1,1,2,2,2,,,,,,,,,,1,2,,,,,,,,,,,,,1,2
2024,"Viet Nam","VNM","East Asia & Pacific (excluding high income)",76663207,122840398,0.701918789096969,2,23,2,4,1,2,1,0,1,1,0,0,4,2,4,4,1,4,3,1,1,1,2,3,3,1,1,1,1,2,,,,,,,,,,,,,,,,,,,,,,,,,2,,2,,,,2,2,2,,2,,2,,2,2,2,,,2,2,1,3,2,,,,2,2,,4,1,1,3,2,,2,,2,2,,,,,2,,,,,,,,,1,2,2,2,1,,,,,2,,,,,,4,1,1,,,,,,,,,,,,,,1,,1,1,,1,,1,1,1,1,2,2,,2,1,,1,1,3,,1,1,1,1,2,1,2,2,,,,,,,,,,1,2,,,,,,,,,,,,,2,
2024,"Viet Nam","VNM","East Asia & Pacific (excluding high income)",76663207,122991334,0.54434866435267,2,49,2,4,1,1,0,0,0,0,1,1,4,4,4,2,0,2,2,0,2,,,,,,,,,,2,2,2,2,2,2,2,1,2,,,,,,,,,,,,,,,,2,,2,,,,1,2,2,,2,,1,,1,2,2,,,,3,1,4,2,,,,,,,,,,,2,,1,2,2,1,2,2,,1,2,,,,,,,,,2,2,,,,,,,,1,2,2,1,,2,4,1,1,,,,,,,,,,,,,,2,8,1,1,,1,,2,1,2,,2,2,,2,1,,1,1,4,,2,2,2,2,2,2,2,2,2,2,2,2,2,2,2,1,8,1,2,,,,,,,,,,,,,2,
2024,"Viet Nam","VNM","East Asia & Pacific (excluding high income)",76663207,123086267,0.850810966468217,1,18,2,4,2,2,0,0,0,0,0,0,4,4,4,4,0,4,2,0,2,,,,,,,,,,2,2,1,2,2,2,2,1,2,,,,,,,,,,,,,,,,2,,2,,,,2,2,2,,2,,2,,2,2,2,,,2,2,1,3,2,,,,,,,,,,,2,,1,2,2,2,,,,,2,,,,,,,,,2,2,,,,,,,,2,,,,,,5,1,1,,,,,,,,,,,,,,1,,1,1,,1,,1,1,1,1,2,2,,2,1,,1,1,3,,1,1,1,1,2,2,1,2,,,,,,,,,,1,2,,,,,,,,,,,,,2,
2024,"Viet Nam","VNM","East Asia & Pacific (excluding high income)",76663207,123151289,0.683077244150026,2,17,2,5,2,1,1,1,1,1,1,1,4,4,4,4,1,4,1,1,2,1,2,2,1,,1,1,1,2,,,,,,,,,,,,,,,,,,,,,,,,,1,1,2,2,2,2,,2,1,1,2,1,2,,2,2,2,,,,1,2,3,1,2,1,1,2,1,1,,1,1,1,2,,1,1,2,2,,,,,2,,,,,,,,,2,2,,,,,,,,2,,,,,,5,1,1,,,,,,,,,,,,,,1,,1,1,,1,,1,1,1,2,2,2,,2,1,,1,2,,1,1,1,1,2,2,2,2,2,,,,,,,,,,1,2,,,,,,,,,,,,,1,2
2024,"Viet Nam","VNM","East Asia & Pacific (excluding high income)",76663207,123266260,1.40383757819394,2,17,2,3,2,1,1,1,1,1,1,1,4,1,4,4,0,1,2,1,1,2,1,2,1,,2,1,2,2,,,,,,,,,,,,,,,,,,,,,,,,,1,,2,1,2,1,,2,2,,1,,2,,2,1,2,,,,1,2,3,2,,,,1,2,,3,1,2,,1,2,2,,2,1,2,1,,,2,,,,,,,,,1,2,2,1,,,3,3,,2,,,,,,5,1,1,,,,,,,,,,,,,,1,,1,2,,1,,1,1,2,,2,1,2,2,1,,1,1,3,,1,1,2,1,1,1,1,2,,,,,,,,,,1,2,,,,,,,,,,,,,1,2
2024,"Viet Nam","VNM","East Asia & Pacific (excluding high income)",76663207,123285374,0.370715855307567,1,33,2,1,1,1,1,1,1,1,0,1,4,4,4,1,0,2,3,1,1,1,2,2,2,,1,1,1,2,,,,,,,,,,,,,,,,,,,,,,,,,1,,2,2,1,2,,2,2,,2,,2,,2,2,2,,,2,1,1,4,2,,,,2,2,,4,2,2,,2,,2,,1,1,2,2,,1,2,,,,,,,,,2,2,,,,,,,,1,1,1,,,2,3,1,1,,,,,,,,,,,,,,1,,1,1,,1,,1,4,1,1,2,2,,2,1,,1,1,3,,1,1,1,2,1,2,2,2,,,,,,,,,,1,2,,,,,,,,,,,,,1,2
2024,"Viet Nam","VNM","East Asia & Pacific (excluding high income)",76663207,123343164,1.13382868151802,1,39,2,2,1,1,1,1,1,1,0,1,1,4,4,4,1,1,3,1,1,1,1,1,1,,1,1,1,2,,,,,,,,,,,,,,,,,,,,,,,,,1,,2,3,1,2,,2,2,,2,,2,,2,2,2,,,2,1,2,4,2,,,,1,1,1,,1,1,3,2,,2,,2,1,1,1,,,1,2,1,1,,,2,2,,2,2,,,,,,,,2,,,,,,3,1,1,,,,,,,,,,,,,,1,,1,1,,1,,1,8,1,1,2,2,,2,1,,1,1,4,,2,1,1,1,1,2,2,2,,,,,,,,,,1,2,,,,,,,,,,,,,1,2
2024,"Viet Nam","VNM","East Asia & Pacific (excluding high income)",76663207,123370538,0.263583503910166,1,54,1,1,1,1,0,0,0,0,1,0,4,4,4,2,0,2,3,0,2,,,,,,,,,,2,2,1,2,3,2,1,2,2,,,,,,,,,,,,,,,,2,,2,,,,2,2,2,,2,,1,,1,2,2,,,,5,2,4,2,,,,,,,,,,,2,,2,,2,1,2,2,,1,2,,,,,,,,,2,2,,,,,,,,1,2,2,1,,2,1,0,1,,,,,,,,,,,,,,2,2,2,1,,2,,,2,2,,2,2,,2,2,2,,,,,,,,,,,,,1,1,2,1,2,8,2,2,1,1,2,,,,,,,,,,,,,2,
2024,"Viet Nam","VNM","East Asia & Pacific (excluding high income)",76663207,123436891,0.690897976163627,1,84,1,1,2,1,0,0,0,0,0,0,4,2,4,4,0,4,3,0,2,,,,,,,,,,2,2,2,2,2,2,1,1,2,,,,,,,,,,,,,,,,2,,2,,,,2,2,2,,2,,2,,2,2,2,,,2,2,1,2,2,,,,,,,,,,,2,,2,,2,2,,,,,2,,,,,,,,,1,2,2,2,1,,,,,2,,,,,,1,0,1,,,,,,,,,,,,,,2,2,1,2,,2,,,8,2,,2,2,,2,2,2,,,,,,,,,,,,,1,2,8,1,2,8,2,1,4,1,2,,,,,,,,,,,,,2,
2024,"Viet Nam","VNM","East Asia & Pacific (excluding high income)",76663207,123497048,0.528743645312854,1,24,2,4,1,2,1,1,1,1,0,1,1,4,4,4,1,1,3,1,1,1,1,2,1,,1,1,1,2,,,,,,,,,,,,,,,,,,,,,,,,,1,1,2,2,1,1,,2,2,,2,2,2,,2,2,2,,,2,3,2,4,2,,,,1,1,1,,1,1,3,2,,2,,2,1,1,1,,,1,2,1,1,,,2,2,,2,2,,,,,,,,2,,,,,,4,1,1,,,,,,,,,,,,,,1,,1,1,,1,,1,1,1,1,2,2,,2,1,,1,1,4,,1,1,1,1,1,2,2,2,,,,,,,,,,1,2,,,,,,,,,,,,,1,1
2024,"Viet Nam","VNM","East Asia & Pacific (excluding high income)",76663207,123567094,1.51682220136657,1,56,2,4,2,1,1,0,1,0,0,0,4,4,4,1,0,4,3,1,2,,,,,,,,,,,,,,,,,,,,,,,,,,,,,,,,,,2,,2,,,,2,2,2,,2,,2,,2,2,2,,,2,1,2,2,2,,,,,,,,,,,2,,2,,2,2,,,,,2,,,,,,,,,2,2,,,,,,,,1,1,2,,,2,1,1,1,,,,,,,,,,,,,,2,2,1,1,,1,,2,1,2,,2,2,,2,2,1,2,1,3,,2,2,2,2,2,2,2,2,2,2,2,2,2,2,2,1,8,1,2,,,,,,,,,,,,,2,
2024,"Viet Nam","VNM","East Asia & Pacific (excluding high income)",76663207,123672868,1.68577719382826,2,46,2,4,1,2,1,0,1,1,1,1,1,4,4,4,1,1,1,1,1,1,1,3,2,,1,1,1,1,,,,,,,,,,,,,,,,,,,,,,,,,1,,2,3,1,1,,2,2,,2,,2,,2,2,2,1,1,,3,3,4,2,,,,2,1,1,,1,1,2,1,1,1,1,2,1,1,1,,,1,2,1,2,,,2,2,,2,2,,,,,,,,2,,,,,,6,1,1,,,,,,,,,,,,,,1,,1,1,,1,,1,1,1,1,2,2,,2,1,,1,1,3,,1,1,1,1,2,2,2,2,,,,,,,,,,1,2,,,,,,,,,,,,,1,2
2024,"Viet Nam","VNM","East Asia & Pacific (excluding high income)",76663207,123776155,1.04992129339089,1,47,2,3,1,1,1,1,1,1,1,0,1,4,4,4,1,1,1,1,1,1,1,2,1,,1,1,1,2,,,,,,,,,,,,,,,,,,,,,,,,,2,,2,,,,2,2,2,,2,,1,,2,2,2,,,,3,2,4,2,,,,1,1,1,,1,1,3,1,1,1,1,2,1,1,1,,,1,2,1,1,,,2,2,,2,2,,,,,,,,2,,,,,,3,1,1,,,,,,,,,,,,,,1,,1,1,,1,,1,1,1,1,2,2,,2,1,,1,1,3,,1,1,1,1,2,2,2,2,,,,,,,,,,1,2,,,,,,,,,,,,,1,2
2024,"Viet Nam","VNM","East Asia & Pacific (excluding high income)",76663207,124237643,0.474842809957283,1,18,2,5,2,2,0,0,0,0,1,0,4,4,4,4,0,4,3,0,2,,,,,,,,,,2,2,2,2,2,2,2,1,2,,,,,,,,,,,,,,,,2,,2,,,,2,2,2,,2,,1,,2,2,2,,,,2,2,4,2,,,,,,,,,,,2,,2,,2,2,,,,,2,,,,,,,,,2,2,,,,,,,,2,,,,,,5,1,1,,,,,,,,,,,,,,1,,2,1,,2,,,2,2,,2,2,,2,1,,1,2,,2,1,1,1,1,2,2,2,2,,,,,,,,,,1,2,,,,,,,,,,,,,2,
2024,"Viet Nam","VNM","East Asia & Pacific (excluding high income)",76663207,124265440,0.478223480353787,2,41,1,1,2,1,0,0,0,0,0,0,2,4,4,4,0,2,3,0,2,,,,,,,,,,2,2,1,2,3,2,1,2,2,,,,,,,,,,,,,,,,2,,2,,,,2,2,2,,2,,2,,2,2,2,,,2,3,1,4,2,,,,,,,,,,,2,,2,,2,1,2,2,,1,1,2,2,2,1,,,,,2,2,,,,,,,,2,,,,,,3,0,1,,,,,,,,,,,,,,2,2,1,3,,1,,2,1,1,2,2,2,,2,2,2,,,,,,,,,,,,,1,1,1,2,2,2,2,2,1,1,2,,,,,,,,,,,,,1,2
2024,"Viet Nam","VNM","East Asia & Pacific (excluding high income)",76663207,124419501,0.987502501233991,1,40,2,3,2,2,1,0,1,1,1,1,4,4,4,4,1,1,3,1,1,1,1,2,2,,1,1,1,2,,,,,,,,,,,,,,,,,,,,,,,,,1,,2,3,1,2,,2,2,,2,,1,,2,1,2,,,,3,2,2,2,,,,1,1,1,,1,1,3,2,,2,,2,1,1,1,,,2,,,,,,,,,2,2,,,,,,,,2,,,,,,3,1,1,,,,,,,,,,,,,,1,,1,1,,1,,1,1,1,1,2,2,,2,1,,1,1,3,,1,1,1,1,2,2,2,2,,,,,,,,,,1,2,,,,,,,,,,,,,1,2
2024,"Viet Nam","VNM","East Asia & Pacific (excluding high income)",76663207,124438601,0.3681837400681,2,50,1,2,2,1,0,0,0,0,0,0,4,4,4,4,0,2,2,0,2,,,,,,,,,,2,1,2,2,2,2,1,1,2,,,,,,,,,,,,,,,,2,,2,,,,2,2,2,,2,,2,,2,2,2,,,2,7,,2,2,,,,,,,,,,,1,2,2,,2,1,2,2,,1,2,,,,,,,,,2,2,,,,,,,,2,,,,,,4,1,1,,,,,,,,,,,,,,1,,2,1,,2,,,3,2,,2,2,,2,1,,1,2,,1,1,1,1,2,2,2,2,2,,,,,,,,,,1,2,,,,,,,,,,,,,2,
2024,"Viet Nam","VNM","East Asia & Pacific (excluding high income)",76663207,124463994,0.977624850608128,1,36,2,4,1,1,1,0,1,1,0,1,4,4,4,4,1,1,3,1,1,1,1,1,1,,1,1,1,2,,,,,,,,,,,,,,,,,,,,,,,,,1,,2,2,2,1,,1,2,,2,,2,,2,2,2,,,2,1,2,3,2,,,,1,1,2,,1,1,3,2,,2,,2,1,1,1,,,2,,,,,,,,,2,2,,,,,,,,2,,,,,,1,1,1,,,,,,,,,,,,,,1,,1,1,,1,,1,1,1,1,1,2,,2,1,,1,1,3,,2,1,1,2,2,2,2,2,,,,,,,,,,1,2,,,,,,,,,,,,,2,
2024,"Viet Nam","VNM","East Asia & Pacific (excluding high income)",76663207,124601806,0.767979949033449,2,39,2,2,2,2,1,0,1,1,1,1,1,4,4,4,1,1,1,1,1,1,1,2,2,,1,1,1,2,,,,,,,,,,,,,,,,,,,,,,,,,2,,2,,,,1,1,2,,2,,1,,2,2,2,,,,2,2,3,2,,,,1,1,1,,1,1,3,2,,1,1,1,1,1,1,,,1,2,1,2,,,2,2,,2,2,,,,,,,,2,,,,,,4,1,1,,,,,,,,,,,,,,1,,1,1,,1,,1,1,1,1,2,2,,2,1,,1,1,4,,1,1,1,1,2,1,1,2,,,,,,,,,,1,2,,,,,,,,,,,,,1,1
2024,"Viet Nam","VNM","East Asia & Pacific (excluding high income)",76663207,124620433,0.470021167047861,1,15,2,3,2,1,0,0,0,0,0,0,4,4,4,4,0,4,3,0,2,,,,,,,,,,2,2,1,2,2,2,2,2,2,,,,,,,,,,,,,,,,2,,2,,,,2,2,2,,2,,2,,2,2,2,,,2,2,1,4,2,,,,,,,,,,,2,,2,,2,2,,,,,2,,,,,,,,,2,2,,,,,,,,2,,,,,,5,1,1,,,,,,,,,,,,,,1,,1,1,,1,,1,1,1,1,2,2,,2,1,,1,1,3,,1,1,1,1,1,2,2,2,,,,,,,,,,1,2,,,,,,,,,,,,,1,2
2024,"Viet Nam","VNM","East Asia & Pacific (excluding high income)",76663207,124753815,1.51682220136657,1,65,2,5,1,1,0,0,0,0,0,0,4,4,4,4,0,2,3,0,2,,,,,,,,,,2,2,2,1,2,2,2,1,2,,,,,,,,,,,,,,,,2,,2,,,,2,2,2,,2,,2,,2,2,2,,,2,3,2,2,2,,,,,,,,,,,2,,2,,2,1,2,2,,1,2,,,,,,,,,2,2,,,,,,,,2,,,,,,1,0,1,,,,,,,,,,,,,,2,2,2,1,,2,,,4,2,,2,2,,2,2,2,,,,,,,,,,,,,2,2,2,1,2,2,2,1,4,1,2,,,,,,,,,,,,,2,
2024,"Viet Nam","VNM","East Asia & Pacific (excluding high income)",76663207,124873435,0.966157915944542,2,75,1,2,2,2,0,0,0,0,0,0,4,2,4,2,0,4,3,0,2,,,,,,,,,,2,2,2,2,3,2,3,2,2,,,,,,,,,,,,,,,,2,,2,,,,2,2,2,,2,,2,,2,2,2,,,2,2,3,4,2,,,,,,,,,,,2,,2,,2,2,,,,,2,,,,,,,,,1,2,2,2,1,,,,,1,2,2,1,,2,3,0,1,,,,,,,,,,,,,,2,2,8,1,,2,,,2,2,,2,2,,2,2,2,,,,,,,,,,,,,2,8,2,1,2,8,2,1,8,1,2,,,,,,,,,,,,,2,
2024,"Viet Nam","VNM","East Asia & Pacific (excluding high income)",76663207,124948283,0.386334459230537,1,44,2,4,1,1,1,0,1,1,1,1,4,4,4,2,1,1,1,1,1,1,1,1,1,,1,1,1,2,,,,,,,,,,,,,,,,,,,,,,,,,2,,2,,,,1,2,2,,1,,1,,2,1,2,,,,3,3,3,2,,,,2,1,2,,1,2,,1,1,1,1,2,1,1,1,,,2,,,,,,,,,2,2,,,,,,,,1,2,2,1,,2,2,1,1,,,,,,,,,,,,,,1,,1,1,,1,,1,1,1,1,2,2,,2,1,,1,1,1,,1,1,1,1,2,2,2,2,,,,,,,,,,1,2,,,,,,,,,,,,,1,2
2024,"Viet Nam","VNM","East Asia & Pacific (excluding high income)",76663207,125262197,0.55227561010215,2,49,1,4,1,2,1,1,1,1,0,0,2,1,4,4,0,4,1,1,1,1,1,2,2,,2,1,1,2,,,,,,,,,,,,,,,,,,,,,,,,,2,,2,,,,2,2,2,,2,,2,,2,2,2,,,2,1,3,4,2,,,,2,2,,4,2,2,,2,,1,1,2,2,,,,,1,2,2,2,1,,,,,1,2,1,1,,,1,1,,2,,,,,,3,1,1,,,,,,,,,,,,,,1,,1,1,,1,,2,1,1,1,2,2,,2,1,,1,1,1,,1,1,1,2,2,2,2,2,,,,,,,,,,1,2,,,,,,,,,,,,,1,2
2024,"Viet Nam","VNM","East Asia & Pacific (excluding high income)",76663207,125553101,0.63774224679232,1,40,2,4,1,2,1,0,1,1,0,1,4,4,4,4,1,1,1,1,1,1,1,1,1,,1,1,1,2,,,,,,,,,,,,,,,,,,,,,,,,,1,,2,2,1,1,,1,2,,2,,2,,2,2,2,,,2,3,3,4,2,,,,1,1,1,,1,1,1,1,1,1,2,2,1,1,1,,,2,,,,,,,,,2,2,,,,,,,,2,,,,,,3,1,1,,,,,,,,,,,,,,1,,1,1,,1,,1,1,1,1,2,2,,2,1,,1,2,,1,1,1,1,1,1,2,1,2,,,,,,,,,,1,2,,,,,,,,,,,,,1,2
2024,"Viet Nam","VNM","East Asia & Pacific (excluding high income)",76663207,125637451,0.78924372962678,2,27,2,2,1,1,1,0,1,0,0,1,4,4,4,1,0,4,3,1,1,2,2,2,2,,1,1,1,2,,,,,,,,,,,,,,,,,,,,,,,,,2,,2,,,,1,2,2,,2,,2,,2,2,2,,,2,2,2,3,1,2,1,2,2,2,,4,1,2,,2,,2,,2,2,,,,,2,,,,,,,,,2,2,,,,,,,,1,1,2,,,2,3,1,1,,,,,,,,,,,,,,1,,1,1,,1,,1,1,1,1,2,2,,2,1,,1,1,3,,1,1,1,1,2,2,2,2,,,,,,,,,,1,2,,,,,,,,,,,,,2,
2024,"Viet Nam","VNM","East Asia & Pacific (excluding high income)",76663207,125645112,1.05287818364545,2,18,2,3,2,2,1,1,1,1,1,0,4,4,4,4,1,4,3,1,1,1,2,2,2,,1,1,1,2,,,,,,,,,,,,,,,,,,,,,,,,,2,2,2,,,,2,2,2,,2,2,1,,2,2,2,,,,2,2,3,2,,,,1,1,3,,2,1,2,2,,2,,2,2,,,,,2,,,,,,,,,2,2,,,,,,,,2,,,,,,5,1,1,,,,,,,,,,,,,,1,,2,1,,1,,1,1,1,1,2,2,,2,1,,1,1,3,,1,1,1,1,1,2,2,2,,,,,,,,,,1,2,,,,,,,,,,,,,1,1
2024,"Viet Nam","VNM","East Asia & Pacific (excluding high income)",76663207,125732060,0.750623599684577,1,45,1,2,2,1,1,1,1,1,1,1,4,4,4,1,0,2,3,1,1,1,2,3,3,1,2,2,1,2,,,,,,,,,,,,,,,,,,,,,,,,,2,,1,,,,,2,2,,2,,2,1,2,2,1,,,,3,2,4,2,,,,2,2,,4,2,2,,2,,2,,2,1,2,2,,1,2,,,,,,,,,2,2,,,,,,,,1,1,1,,,2,1,1,1,,,,,,,,,,,,,,1,,1,1,,1,,1,1,2,,2,2,,2,1,,1,1,4,,2,1,1,1,2,2,2,2,,,,,,,,,,1,2,,,,,,,,,,,,,2,
2024,"Viet Nam","VNM","East Asia & Pacific (excluding high income)",76663207,125808278,0.582884053402479,1,24,2,2,1,1,1,0,1,1,1,1,4,4,4,2,1,1,2,1,1,2,2,3,1,,1,1,1,1,,,,,,,,,,,,,,,,,,,,,,,,,1,,2,1,2,1,,2,2,,2,,2,,2,2,1,2,,2,1,2,3,2,,,,1,1,3,,1,1,3,1,2,1,2,2,1,2,1,,,2,,,,,,,,,2,2,,,,,,,,1,2,2,1,,2,2,1,1,,,,,,,,,,,,,,1,,2,1,,1,,1,1,1,1,2,2,,2,1,,1,1,3,,1,1,1,1,2,1,2,2,,,,,,,,,,1,2,,,,,,,,,,,,,1,1
2024,"Viet Nam","VNM","East Asia & Pacific (excluding high income)",76663207,125841240,1.06543549881703,1,64,3,5,1,2,1,1,1,1,0,1,1,1,4,4,0,1,2,1,1,1,2,2,3,,1,1,1,2,,,,,,,,,,,,,,,,,,,,,,,,,1,,2,1,2,1,,2,2,,2,,2,,2,2,2,,,2,1,3,1,2,,,,2,2,,4,2,2,,2,,1,2,2,1,2,1,,,1,2,1,1,,,2,2,,1,2,1,1,,,2,2,,2,,,,,,3,1,1,,,,,,,,,,,,,,1,,1,1,,1,,2,1,2,,2,2,,2,1,,1,2,,2,2,1,1,1,2,1,1,2,,,,,,,,,,1,2,,,,,,,,,,,,,1,2
2024,"Viet Nam","VNM","East Asia & Pacific (excluding high income)",76663207,125982338,0.458618078347517,1,52,1,4,1,2,1,0,1,1,1,1,4,4,4,4,1,2,2,1,1,1,2,3,3,1,1,1,1,2,,,,,,,,,,,,,,,,,,,,,,,,,1,,2,3,2,1,,2,2,,2,,2,,2,2,2,,,1,2,3,6,2,,,,2,1,3,,1,2,,1,2,2,,2,1,2,2,,1,2,,,,,,,,,2,2,,,,,,,,2,,,,,,3,1,1,,,,,,,,,,,,,,1,,1,1,,1,,1,1,2,,2,2,,2,1,,1,2,,2,1,1,1,1,2,2,1,2,,,,,,,,,,1,2,,,,,,,,,,,,,1,2
2024,"Viet Nam","VNM","East Asia & Pacific (excluding high income)",76663207,126248426,0.849011102203819,2,17,2,2,2,1,0,0,0,0,1,0,4,4,4,4,0,4,3,0,2,,,,,,,,,,2,2,1,2,2,2,1,1,2,,,,,,,,,,,,,,,,2,,2,,,,2,2,2,,2,,1,,2,2,2,,,,2,1,4,2,,,,,,,,,,,2,,2,,2,2,,,,,2,,,,,,,,,2,2,,,,,,,,2,,,,,,3,1,1,,,,,,,,,,,,,,1,,2,1,,1,,1,1,1,1,2,2,,2,1,,1,2,,1,1,1,1,1,2,2,2,2,,,,,,,,,,1,2,,,,,,,,,,,,,2,
2024,"Viet Nam","VNM","East Asia & Pacific (excluding high income)",76663207,126338286,0.845613166123005,1,39,2,4,1,1,1,0,1,1,0,1,4,4,4,4,1,1,3,1,1,1,2,1,1,,1,1,1,2,,,,,,,,,,,,,,,,,,,,,,,,,1,,2,3,1,1,,1,2,,2,,2,,2,2,2,,,2,3,3,4,2,,,,1,1,1,,1,1,3,2,,2,,2,1,1,1,,,2,,,,,,,,,2,2,,,,,,,,2,,,,,,3,1,1,,,,,,,,,,,,,,1,,1,1,,1,,1,3,1,1,2,2,,2,1,,1,1,3,,1,1,1,2,2,2,2,2,,,,,,,,,,1,2,,,,,,,,,,,,,1,2
2024,"Viet Nam","VNM","East Asia & Pacific (excluding high income)",76663207,126637355,0.257157228928712,2,36,1,5,1,2,1,1,1,1,0,1,4,4,4,4,1,1,3,1,1,1,2,2,2,,1,1,1,2,,,,,,,,,,,,,,,,,,,,,,,,,1,1,2,2,1,1,,1,2,,2,2,2,,2,2,2,,,2,3,3,4,2,,,,2,1,1,,1,2,,2,,2,,2,1,1,1,,,2,,,,,,,,,2,2,,,,,,,,2,,,,,,1,1,1,,,,,,,,,,,,,,1,,1,1,,1,,1,1,1,1,2,2,,2,1,,1,1,3,,1,1,1,1,2,1,2,2,,,,,,,,,,1,2,,,,,,,,,,,,,1,1
2024,"Viet Nam","VNM","East Asia & Pacific (excluding high income)",76663207,126778325,0.257157228928712,1,39,1,1,2,2,0,0,0,0,1,0,4,4,4,4,0,2,3,0,2,,,,,,,,,,2,2,2,2,2,2,2,1,2,,,,,,,,,,,,,,,,2,,2,,,,2,2,2,,2,,1,,2,2,2,,,,2,2,3,1,1,2,,,,,,,,,2,,2,,2,1,2,2,,1,2,,,,,,,,,2,2,,,,,,,,2,,,,,,4,1,1,,,,,,,,,,,,,,1,,1,1,,2,,,8,2,,2,2,,2,1,,1,1,3,,2,1,1,2,2,2,2,2,,,,,,,,,,1,2,,,,,,,,,,,,,1,2
2024,"Viet Nam","VNM","East Asia & Pacific (excluding high income)",76663207,126958468,0.264749374610199,1,38,1,2,2,1,0,0,0,0,1,1,4,4,4,4,0,2,3,0,2,,,,,,,,,,2,2,1,1,2,2,2,1,1,,,,,,,,,,,,,,,,2,,1,,,,,2,2,,2,,1,2,2,2,2,,,,2,2,4,2,,,,,,,,,,,2,,2,,2,1,2,2,,1,2,,,,,,,,,2,2,,,,,,,,2,,,,,,4,1,1,,,,,,,,,,,,,,1,,1,1,,1,,1,4,2,,2,2,,2,1,,1,1,3,,1,1,1,1,1,2,2,2,,,,,,,,,,1,2,,,,,,,,,,,,,1,2
2024,"Viet Nam","VNM","East Asia & Pacific (excluding high income)",76663207,126962018,1.47290458140822,2,74,2,3,1,1,0,0,0,0,0,1,4,4,4,2,0,2,3,0,2,,,,,,,,,,2,2,2,2,2,2,1,2,2,,,,,,,,,,,,,,,,2,,2,,,,1,2,2,,2,,2,,2,2,2,,,2,1,1,4,2,,,,,,,,,,,2,,2,,2,1,2,2,,1,2,,,,,,,,,2,2,,,,,,,,1,2,2,1,,1,1,1,1,,,,,,,,,,,,,,2,2,1,2,,2,,,4,2,,2,2,,2,1,,1,1,3,,2,2,1,1,2,2,2,2,2,2,2,2,2,2,1,2,7,1,2,,,,,,,,,,,,,1,2
2024,"Viet Nam","VNM","East Asia & Pacific (excluding high income)",76663207,127121738,0.846616823847742,2,40,2,2,1,1,1,1,1,1,1,1,1,4,4,4,1,2,3,1,1,2,1,2,2,,1,2,1,1,,,,,,,,,,,,,,,,,,,,,,,,,1,2,2,3,1,1,,1,2,,2,2,2,,2,2,2,1,2,,3,2,4,2,,,,1,1,2,,2,2,,2,,2,,2,1,2,2,,1,1,2,1,2,,,1,2,,2,2,,,,,,,,2,,,,,,4,1,1,,,,,,,,,,,,,,1,,1,1,,1,,1,1,2,,2,2,,2,1,,1,1,4,,2,1,1,1,1,2,2,2,,,,,,,,,,1,2,,,,,,,,,,,,,2,
2024,"Viet Nam","VNM","East Asia & Pacific (excluding high income)",76663207,127314714,1.37569484048063,2,64,1,1,2,2,0,0,0,0,0,1,4,4,4,4,0,4,3,0,2,,,,,,,,,,2,1,2,2,1,2,2,2,2,,,,,,,,,,,,,,,,2,,2,,,,1,2,2,,2,,2,,2,2,2,,,2,7,,2,2,,,,,,,,,,,2,,2,,2,2,,,,,2,,,,,,,,,2,2,,,,,,,,2,,,,,,3,1,1,,,,,,,,,,,,,,1,,1,1,,2,,,4,1,1,2,2,,2,1,,1,2,,1,2,2,2,2,2,2,2,2,,,,,,,,,,1,2,,,,,,,,,,,,,2,
2024,"Viet Nam","VNM","East Asia & Pacific (excluding high income)",76663207,127519957,0.257157228928712,1,45,1,4,1,1,0,0,0,0,1,0,4,4,4,4,0,2,1,0,2,,,,,,,,,,2,2,3,2,2,2,1,2,2,,,,,,,,,,,,,,,,2,,2,,,,2,2,2,,1,,1,,2,2,2,,,,5,1,2,2,,,,,,,,,,,1,1,1,2,2,1,2,2,,1,2,,,,,,,,,2,2,,,,,,,,2,,,,,,4,1,1,,,,,,,,,,,,,,1,,1,3,,2,,,3,1,1,2,1,2,2,1,,3,1,3,,1,1,1,2,2,2,2,2,,,,,,,,,,1,2,,,,,,,,,,,,,2,
2024,"Viet Nam","VNM","East Asia & Pacific (excluding high income)",76663207,127568797,1.54286563345233,2,22,2,3,1,2,1,1,1,1,1,1,1,4,4,4,1,4,3,1,1,1,1,2,1,,1,1,1,2,,,,,,,,,,,,,,,,,,,,,,,,,1,1,2,2,1,2,,2,2,,2,1,1,,2,2,2,,,,2,3,4,2,,,,2,1,1,,1,1,3,2,,2,,2,2,,,,,1,2,1,1,,,2,2,,2,2,,,,,,,,2,,,,,,3,1,1,,,,,,,,,,,,,,1,,1,1,,1,,1,1,1,1,2,2,,2,1,,1,1,3,,1,1,1,1,1,1,1,2,,,,,,,,,,1,2,,,,,,,,,,,,,1,2
2024,"Viet Nam","VNM","East Asia & Pacific (excluding high income)",76663207,127627567,0.465323634189904,1,59,1,1,1,2,0,0,0,0,1,0,4,4,4,4,0,2,3,0,2,,,,,,,,,,2,2,2,2,2,2,2,1,2,,,,,,,,,,,,,,,,2,,2,,,,2,2,2,,2,,1,,2,2,2,,,,2,1,1,2,,,,,,,,,,,2,,2,,2,1,2,2,,1,2,,,,,,,,,2,2,,,,,,,,2,,,,,,4,0,1,,,,,,,,,,,,,,2,2,1,1,,1,,1,1,2,,2,2,,2,2,2,,,,,,,,,,,,,1,2,2,1,2,2,2,1,8,1,2,,,,,,,,,,,,,1,2
2024,"Viet Nam","VNM","East Asia & Pacific (excluding high income)",76663207,128033410,0.397124061915298,1,40,1,5,1,1,1,1,1,1,1,1,4,1,4,4,0,1,1,1,1,1,1,1,2,,1,1,2,1,,,,,,,,,,,,,,,,,,,,,,,,,1,1,1,2,1,1,,1,3,,1,1,1,2,1,2,1,2,,,1,1,2,1,2,1,2,1,2,,1,1,1,2,2,,1,1,2,1,2,1,,,2,,,,,,,,,1,2,1,2,,,1,2,,2,,,,,,4,1,1,,,,,,,,,,,,,,1,,1,1,,1,,2,1,2,,1,2,,2,1,,1,1,1,,1,1,2,2,2,1,1,1,,,,,,,,,,1,2,,,,,,,,,,,,,1,1
2024,"Viet Nam","VNM","East Asia & Pacific (excluding high income)",76663207,128063922,1.48801415610207,2,57,2,2,1,1,0,0,0,0,0,0,4,4,4,4,0,2,1,0,2,,,,,,,,,,2,2,2,2,2,2,2,2,2,,,,,,,,,,,,,,,,2,,2,,,,2,1,2,,2,,2,,2,2,2,,,2,3,2,3,2,,,,,,,,,,,2,,1,1,2,1,2,2,,1,2,,,,,,,,,2,2,,,,,,,,2,,,,,,3,0,1,,,,,,,,,,,,,,2,2,1,2,,2,,,3,2,,2,2,,2,2,2,,,,,,,,,,,,,1,2,2,1,2,2,2,1,8,1,2,,,,,,,,,,,,,2,
2024,"Viet Nam","VNM","East Asia & Pacific (excluding high income)",76663207,128149897,0.400913388963489,2,32,2,2,1,2,1,0,1,0,1,1,4,4,4,4,0,1,2,1,2,,,,,,,,,,,,,,,,,,,,,,,,,,,,,,,,,,1,,2,3,2,2,,2,2,,2,,1,,2,2,2,,,,3,2,2,2,,,,,,,,,,,1,2,2,,2,1,1,2,1,,2,,,,,,,,,2,2,,,,,,,,2,,,,,,4,1,1,,,,,,,,,,,,,,1,,1,1,,1,,1,1,1,1,2,2,,2,1,,1,1,3,,2,1,1,1,2,2,2,2,,,,,,,,,,1,2,,,,,,,,,,,,,1,2
2024,"Viet Nam","VNM","East Asia & Pacific (excluding high income)",76663207,128192648,1.03177113036047,2,65,1,1,2,1,0,0,0,0,0,0,4,4,2,2,0,4,3,0,2,,,,,,,,,,2,2,2,2,2,2,2,2,2,,,,,,,,,,,,,,,,2,,2,,,,2,2,2,,2,,2,,2,2,2,,,2,1,1,5,2,,,,,,,,,,,2,,2,,2,2,,,,,2,,,,,,,,,2,1,2,2,1,,,,,1,2,2,1,,1,1,1,1,,,,,,,,,,,,,,2,2,1,1,,2,,,8,2,,2,2,,2,1,,1,1,3,,2,2,2,2,2,2,2,2,2,2,2,1,2,2,2,1,4,1,2,,,,,,,,,,,,,3,
2024,"Viet Nam","VNM","East Asia & Pacific (excluding high income)",76663207,128220061,0.460598650775751,1,83,1,1,2,1,0,0,0,0,0,1,4,2,2,4,0,2,2,0,2,,,,,,,,,,2,2,2,2,2,2,1,2,2,,,,,,,,,,,,,,,,2,,2,,,,1,2,2,,2,,2,,2,2,2,,,2,2,1,3,2,,,,,,,,,,,2,,1,2,2,1,2,2,,1,2,,,,,,,,,1,1,2,2,1,,,,,2,,,,,,4,0,2,1,1,8,1,2,2,2,1,2,,,,2,,,,,,,,,,,,,,,,2,2,,,,,,,,,,,,,,,,,,,,,,1,2,,,,,,,,,,,,,3,
2024,"Viet Nam","VNM","East Asia & Pacific (excluding high income)",76663207,128250729,1.17976806479235,1,36,3,5,1,1,1,0,1,0,1,1,2,4,4,4,0,2,2,0,1,2,2,3,3,1,1,1,1,2,,,,,,,,,,,,,,,,,,,,,,,,,1,,2,3,1,1,,2,2,,2,,2,,2,1,2,,,2,3,3,4,2,,,,2,2,,1,2,2,,1,2,2,,2,1,2,2,,1,1,2,2,2,1,,,,,2,2,,,,,,,,2,,,,,,3,1,1,,,,,,,,,,,,,,1,,1,1,,1,,1,1,1,1,2,2,,1,1,,1,1,3,,1,1,1,1,1,2,2,2,,,,,,,,,,1,2,,,,,,,,,,,,,2,
2024,"Viet Nam","VNM","East Asia & Pacific (excluding high income)",76663207,128549167,1.13657526841293,1,28,3,5,1,1,1,1,1,1,1,1,1,4,4,4,1,1,1,1,1,1,1,2,2,,1,1,1,2,,,,,,,,,,,,,,,,,,,,,,,,,1,1,2,2,1,1,,1,2,,2,2,2,,2,2,1,,,2,3,3,4,2,,,,1,1,1,,1,1,3,2,,1,1,2,1,1,1,,,1,2,1,1,,,2,2,,2,2,,,,,,,,2,,,,,,4,1,1,,,,,,,,,,,,,,1,,1,1,,1,,1,1,1,1,2,2,,2,1,,1,1,4,,1,1,1,1,1,2,1,2,,,,,,,,,,1,2,,,,,,,,,,,,,1,1
2024,"Viet Nam","VNM","East Asia & Pacific (excluding high income)",76663207,128622877,1.76965209718853,1,39,2,2,1,1,1,0,1,1,0,0,2,4,4,4,0,2,3,0,1,1,1,3,2,,2,2,2,2,,,,,,,,,,,,,,,,,,,,,,,,,2,,2,,,,2,2,2,,2,,2,,2,2,2,,,2,3,2,3,2,,,,2,2,,4,2,1,2,2,,2,,2,1,2,2,,1,1,2,2,2,1,,,,,2,2,,,,,,,,2,,,,,,3,1,1,,,,,,,,,,,,,,1,,1,1,,1,,1,1,1,2,2,1,2,2,1,,1,2,,2,1,2,1,1,2,2,2,2,,,,,,,,,,1,2,,,,,,,,,,,,,2,
2024,"Viet Nam","VNM","East Asia & Pacific (excluding high income)",76663207,128674361,1.83392132004757,1,26,3,3,1,2,1,1,1,1,1,1,1,4,1,4,1,1,3,1,1,1,1,2,2,,1,1,1,1,,,,,,,,,,,,,,,,,,,,,,,,,2,2,2,,,,1,2,2,,2,2,2,,2,2,2,1,1,,3,3,4,2,,,,1,1,1,,1,1,3,2,,2,,2,1,2,1,,,1,1,1,2,,,2,2,,2,1,1,2,,,2,2,,2,,,,,,7,1,1,,,,,,,,,,,,,,1,,1,1,,1,,1,1,1,1,2,2,,2,1,,1,1,3,,1,1,1,1,1,2,2,2,,,,,,,,,,1,2,,,,,,,,,,,,,1,2
2024,"Viet Nam","VNM","East Asia & Pacific (excluding high income)",76663207,128682420,0.397124061915298,1,40,1,2,1,1,0,0,0,0,1,1,4,4,4,4,0,2,3,0,2,,,,,,,,,,2,2,2,2,1,2,2,1,2,,,,,,,,,,,,,,,,2,,1,,,,,2,2,,2,,1,2,2,2,2,,,,5,2,2,2,,,,,,,,,,,2,,2,,2,1,2,2,,1,2,,,,,,,,,2,2,,,,,,,,2,,,,,,4,1,1,,,,,,,,,,,,,,2,2,2,1,,8,,,2,2,,8,1,2,2,1,,3,8,,1,2,2,2,2,2,2,2,2,2,2,2,1,1,2,1,1,4,1,2,,,,,,,,,,,,,1,1
2024,"Viet Nam","VNM","East Asia & Pacific (excluding high income)",76663207,128704196,1.69733533732691,2,30,3,4,1,1,1,1,1,1,1,1,1,4,4,1,0,1,3,1,1,2,2,2,1,,1,2,2,1,,,,,,,,,,,,,,,,,,,,,,,,,1,,2,1,2,2,,2,2,,1,,2,,2,1,2,2,,,1,2,3,1,2,1,2,1,2,,1,1,2,,2,,2,,2,1,2,1,,,1,2,2,1,,,2,2,,2,2,,,,,,,,1,2,1,,,2,4,1,1,,,,,,,,,,,,,,1,,1,1,,1,,2,4,2,,1,2,,2,1,,1,2,,1,1,1,1,1,2,2,2,1,,,,,,,,,,1,2,,,,,,,,,,,,,1,1
2024,"Viet Nam","VNM","East Asia & Pacific (excluding high income)",76663207,129032379,1.66703960835467,1,56,2,5,1,2,1,0,1,0,0,1,4,4,4,4,0,2,3,0,1,2,1,2,1,,1,1,2,2,,,,,,,,,,,,,,,,,,,,,,,,,1,,2,2,2,1,,2,2,,2,,2,,2,2,2,,,2,1,3,4,2,,,,2,2,,4,2,2,,2,,2,,2,1,2,2,,1,2,,,,,,,,,2,2,,,,,,,,2,,,,,,1,1,1,,,,,,,,,,,,,,1,,1,1,,1,,1,1,2,,2,2,,2,1,,1,1,3,,2,1,1,1,2,2,2,2,,,,,,,,,,1,2,,,,,,,,,,,,,1,2
2024,"Viet Nam","VNM","East Asia & Pacific (excluding high income)",76663207,129148440,1.68577719382826,2,48,2,4,1,2,1,0,1,1,1,1,4,4,4,2,1,4,3,1,1,1,1,2,2,,1,2,1,2,,,,,,,,,,,,,,,,,,,,,,,,,2,,1,,,,,2,2,,2,,1,2,2,2,2,,,,3,3,4,2,,,,1,1,2,,1,2,,2,,2,,2,2,,,,,2,,,,,,,,,2,2,,,,,,,,1,2,2,1,,1,1,1,1,,,,,,,,,,,,,,1,,1,1,,2,,,2,1,1,1,2,,2,1,,1,2,,1,2,2,1,1,2,2,2,2,,,,,,,,,,1,2,,,,,,,,,,,,,1,2
2024,"Viet Nam","VNM","East Asia & Pacific (excluding high income)",76663207,129150092,0.739442034469629,2,21,2,5,1,1,1,1,1,1,1,0,1,4,4,4,1,1,3,1,1,1,2,3,2,,2,1,1,2,,,,,,,,,,,,,,,,,,,,,,,,,2,2,2,,,,2,2,2,,2,2,1,,2,2,2,,,,2,2,4,2,,,,1,1,1,,1,1,3,2,,2,,2,1,1,1,,,1,2,1,2,,,2,2,,2,2,,,,,,,,2,,,,,,3,1,1,,,,,,,,,,,,,,1,,1,1,,1,,1,4,1,1,2,2,,2,1,,1,1,1,,1,1,1,2,2,2,2,2,,,,,,,,,,1,2,,,,,,,,,,,,,1,2
2024,"Viet Nam","VNM","East Asia & Pacific (excluding high income)",76663207,129159555,1.05748729062571,1,20,2,2,1,2,1,0,1,0,1,0,4,4,4,4,0,4,3,0,1,2,2,1,1,,1,1,1,2,,,,,,,,,,,,,,,,,,,,,,,,,2,,2,,,,2,2,2,,2,,1,,2,2,2,,,,2,2,2,2,,,,2,2,,4,2,2,,2,,2,,2,2,,,,,2,,,,,,,,,2,2,,,,,,,,2,,,,,,4,1,1,,,,,,,,,,,,,,1,,1,1,,1,,1,1,1,1,2,2,,2,1,,1,1,4,,1,1,1,1,2,2,2,2,,,,,,,,,,1,2,,,,,,,,,,,,,1,2
2024,"Viet Nam","VNM","East Asia & Pacific (excluding high income)",76663207,129165939,0.451956787188344,2,50,1,2,1,1,0,0,0,0,0,0,4,4,4,4,0,2,3,0,2,,,,,,,,,,2,2,2,2,2,2,2,2,2,,,,,,,,,,,,,,,,2,,2,,,,2,1,2,,2,,2,,2,2,2,,,2,3,2,1,2,,,,,,,,,,,2,,2,,2,1,2,2,,1,2,,,,,,,,,2,2,,,,,,,,2,,,,,,4,1,2,2,2,2,2,2,2,1,7,1,1,2,2,,,,,,,,,,,,,,,,,1,,1,1,3,,2,2,2,2,2,2,2,2,,,,,,,,,,1,2,,,,,,,,,,,,,2,
2024,"Viet Nam","VNM","East Asia & Pacific (excluding high income)",76663207,129391967,1.39989505785452,1,47,2,4,1,2,1,0,1,1,0,1,4,4,4,4,1,1,3,1,1,1,2,1,1,,1,1,1,2,,,,,,,,,,,,,,,,,,,,,,,,,1,,2,3,2,1,,1,2,,2,,2,,2,2,2,,,2,1,3,4,2,,,,2,1,1,,1,1,2,2,,2,,2,1,1,1,,,2,,,,,,,,,2,2,,,,,,,,2,,,,,,1,1,1,,,,,,,,,,,,,,1,,1,1,,1,,1,1,1,1,2,2,,2,1,,1,1,3,,1,1,1,2,2,2,2,1,,,,,,,,,,1,2,,,,,,,,,,,,,1,2
2024,"Viet Nam","VNM","East Asia & Pacific (excluding high income)",76663207,129409482,1.37165821524829,1,34,3,2,1,1,1,0,1,1,1,1,4,4,4,4,0,2,3,0,1,1,1,3,3,1,1,1,1,2,,,,,,,,,,,,,,,,,,,,,,,,,1,,2,3,1,2,,2,2,,2,,1,,2,2,2,,,,2,2,4,2,,,,2,2,,4,2,2,,2,,2,,2,1,2,2,,1,2,,,,,,,,,2,2,,,,,,,,2,,,,,,3,1,1,,,,,,,,,,,,,,1,,1,1,,1,,1,1,1,1,2,2,,2,1,,1,1,3,,2,1,1,1,2,2,2,2,,,,,,,,,,1,2,,,,,,,,,,,,,1,2
2024,"Viet Nam","VNM","East Asia & Pacific (excluding high income)",76663207,129489717,0.988632017610591,1,29,2,1,1,1,1,1,1,1,0,1,1,4,4,4,1,1,3,1,1,1,1,2,2,,1,1,2,2,,,,,,,,,,,,,,,,,,,,,,,,,1,2,2,3,1,2,,2,2,,2,2,2,,2,2,2,,,2,2,2,3,1,1,2,2,1,1,1,,1,1,2,2,,2,,2,1,2,1,,,1,2,2,1,,,2,2,,2,2,,,,,,,,2,,,,,,3,1,1,,,,,,,,,,,,,,1,,1,1,,1,,1,1,1,1,2,2,,2,1,,1,1,1,,2,1,1,2,2,2,2,2,,,,,,,,,,1,2,,,,,,,,,,,,,1,1
2024,"Viet Nam","VNM","East Asia & Pacific (excluding high income)",76663207,129513260,2.07408525669406,2,26,3,5,1,2,1,1,1,1,1,1,4,4,4,4,1,1,1,1,1,1,1,1,1,,1,1,1,1,,,,,,,,,,,,,,,,,,,,,,,,,1,2,2,2,1,1,,2,2,,1,2,1,,2,1,2,2,,,1,3,4,2,,,,2,1,1,,1,1,1,2,,1,1,2,1,1,1,,,2,,,,,,,,,2,2,,,,,,,,2,,,,,,2,1,1,,,,,,,,,,,,,,1,,1,1,,1,,1,1,1,1,2,1,2,2,1,,1,1,3,,1,1,1,1,1,1,2,2,,,,,,,,,,1,1,,,,,,,,,,,,,1,2
2024,"Viet Nam","VNM","East Asia & Pacific (excluding high income)",76663207,129639629,0.701086669778086,1,19,2,4,1,1,1,1,1,1,1,0,1,4,4,4,1,4,1,1,1,1,1,2,2,,2,1,1,2,,,,,,,,,,,,,,,,,,,,,,,,,2,2,2,,,,2,2,2,,2,2,1,,2,2,2,,,,2,2,3,2,,,,1,1,1,,1,1,3,1,1,1,1,2,2,,,,,1,2,1,2,,,2,2,,2,2,,,,,,,,2,,,,,,3,1,1,,,,,,,,,,,,,,1,,1,1,,1,,1,2,1,1,2,2,,2,1,,1,1,3,,1,1,1,1,2,2,2,2,,,,,,,,,,1,2,,,,,,,,,,,,,1,1
2024,"Viet Nam","VNM","East Asia & Pacific (excluding high income)",76663207,129745617,2.40682317652727,2,35,2,4,1,1,1,1,1,1,1,1,4,4,4,4,0,4,3,1,1,1,1,2,2,,1,1,1,1,,,,,,,,,,,,,,,,,,,,,,,,,2,1,2,3,2,2,,2,2,,2,2,2,,2,2,2,1,1,,2,3,4,2,,,,2,2,,4,2,2,,2,,2,,2,2,,,,,2,,,,,,,,,2,2,,,,,,,,2,,,,,,3,1,1,,,,,,,,,,,,,,1,,1,1,,1,,1,1,1,1,2,2,,2,1,,1,2,,1,1,1,1,1,1,2,2,2,,,,,,,,,,1,2,,,,,,,,,,,,,1,2
2024,"Viet Nam","VNM","East Asia & Pacific (excluding high income)",76663207,129801391,1.3827235044627,2,30,3,5,1,2,1,1,1,1,1,1,1,4,4,4,1,2,1,1,1,1,1,2,1,,1,1,1,1,,,,,,,,,,,,,,,,,,,,,,,,,1,2,1,2,1,1,,2,2,,2,2,2,1,2,2,2,2,,,3,3,3,2,,,,1,1,1,,1,1,3,1,1,2,,2,1,2,2,,1,1,2,1,1,,,2,2,,2,2,,,,,,,,2,,,,,,3,1,1,,,,,,,,,,,,,,1,,1,1,,1,,1,1,1,1,2,2,,2,1,,1,1,3,,1,1,1,1,2,2,1,1,,,,,,,,,,1,2,,,,,,,,,,,,,1,1
2024,"Viet Nam","VNM","East Asia & Pacific (excluding high income)",76663207,129895386,0.397124061915298,1,38,1,1,2,1,0,0,0,0,1,0,4,2,4,4,0,2,2,0,2,,,,,,,,,,2,2,2,1,1,2,1,2,2,,,,,,,,,,,,,,,,2,,2,,,,2,2,2,,2,,1,,1,2,2,,,,5,1,4,2,,,,,,,,,,,2,,1,2,2,1,2,2,,1,2,,,,,,,,,1,2,2,2,1,,,,,2,,,,,,3,0,1,,,,,,,,,,,,,,1,,1,1,,1,,1,4,2,,2,2,,2,2,2,,,,,2,2,2,2,2,2,2,2,,,,,,,,,,1,2,,,,,,,,,,,,,1,2
2024,"Viet Nam","VNM","East Asia & Pacific (excluding high income)",76663207,129919862,0.281871055374335,1,39,2,2,1,1,1,0,1,1,0,0,1,4,4,4,0,2,1,1,1,1,1,2,2,,2,1,1,2,,,,,,,,,,,,,,,,,,,,,,,,,2,,2,,,,2,2,2,,2,,2,,2,2,2,,,2,2,1,2,2,,,,2,2,,4,2,1,2,1,1,1,1,2,1,2,2,,1,1,2,1,2,,,2,2,,2,2,,,,,,,,2,,,,,,3,1,1,,,,,,,,,,,,,,1,,1,1,,1,,1,4,2,,2,2,,2,1,,1,1,3,,2,1,1,1,2,2,2,2,,,,,,,,,,1,2,,,,,,,,,,,,,1,2
2024,"Viet Nam","VNM","East Asia & Pacific (excluding high income)",76663207,129948459,2.96091873755317,2,45,2,3,1,1,1,0,1,1,1,0,2,4,4,4,1,4,3,1,1,1,1,1,1,,2,1,1,2,,,,,,,,,,,,,,,,,,,,,,,,,2,,2,,,,2,2,2,,2,,2,,2,2,1,,,2,3,2,4,2,,,,1,1,1,,1,2,,2,,2,,2,2,,,,,1,2,2,2,1,,,,,2,2,,,,,,,,2,,,,,,3,1,1,,,,,,,,,,,,,,1,,1,1,,2,,,1,1,2,2,2,,2,1,,1,1,4,,2,1,1,1,2,2,2,2,,,,,,,,,,1,2,,,,,,,,,,,,,2,
2024,"Viet Nam","VNM","East Asia & Pacific (excluding high income)",76663207,130200028,1.33876718364508,2,57,1,2,1,1,1,0,1,0,0,1,4,4,4,2,0,4,2,0,2,2,2,3,3,1,1,2,2,2,,,,,,,,,,,,,,,,,,,,,,,,,1,,2,3,1,1,,2,2,,2,,2,,2,2,2,,,2,2,2,4,2,,,,2,2,,4,2,2,,2,,1,2,2,2,,,,,2,,,,,,,,,2,2,,,,,,,,1,2,2,1,,2,4,0,1,,,,,,,,,,,,,,2,2,1,1,,2,,,1,2,,2,2,,2,2,2,,,,,,,,,,,,,2,2,2,1,2,2,2,1,4,1,2,,,,,,,,,,,,,2,
2024,"Viet Nam","VNM","East Asia & Pacific (excluding high income)",76663207,130545106,1.72235198758462,1,26,3,5,1,2,1,0,1,1,0,0,1,4,4,4,1,4,3,1,2,2,2,2,3,,1,2,1,2,,,,,,,,,,,,,,,,,,,,,,,,,2,,2,,,,2,2,2,,2,,2,,2,2,2,,,2,3,3,3,2,,,,2,1,3,,2,2,,2,,2,,2,2,,,,,1,2,1,2,,,2,1,,2,2,,,,,,,,2,,,,,,7,1,1,,,,,,,,,,,,,,1,,2,1,,1,,2,8,2,,2,2,,2,1,,1,2,,2,2,1,1,1,1,2,2,2,,,,,,,,,,1,2,,,,,,,,,,,,,1,2
2024,"Viet Nam","VNM","East Asia & Pacific (excluding high income)",76663207,130605456,1.59833477637853,1,53,2,3,1,1,1,1,1,1,1,1,1,4,4,1,1,1,3,1,1,1,1,3,1,,1,1,1,2,,,,,,,,,,,,,,,,,,,,,,,,,1,2,2,3,2,2,,2,2,,2,2,1,,2,2,2,,,,2,2,3,2,,,,1,1,1,,1,1,3,2,,2,,2,1,1,1,,,1,2,1,2,,,1,2,,2,2,,,,,,,,1,1,2,,,1,3,1,1,,,,,,,,,,,,,,1,,2,1,,1,,1,2,1,1,2,2,,2,1,,1,1,3,,1,1,1,1,2,2,2,2,,,,,,,,,,1,2,,,,,,,,,,,,,1,1
2024,"Viet Nam","VNM","East Asia & Pacific (excluding high income)",76663207,130883916,0.985922712626172,2,20,2,1,2,1,1,1,1,1,1,1,4,4,4,4,1,4,2,1,2,2,2,3,3,1,1,1,1,2,,,,,,,,,,,,,,,,,,,,,,,,,1,1,2,3,2,2,,2,2,,2,2,1,,2,2,2,,,,2,1,5,2,,,,2,1,3,,1,1,2,2,,1,2,2,2,,,,,2,,,,,,,,,2,2,,,,,,,,2,,,,,,5,1,1,,,,,,,,,,,,,,1,,2,1,,1,,1,1,1,1,2,2,,2,1,,1,2,,2,1,1,1,1,1,2,1,2,,,,,,,,,,1,2,,,,,,,,,,,,,1,1
2024,"Viet Nam","VNM","East Asia & Pacific (excluding high income)",76663207,130966270,0.691361752231352,2,29,3,5,1,1,1,0,1,1,0,0,4,4,4,4,1,1,3,1,1,1,2,1,1,,1,1,1,2,,,,,,,,,,,,,,,,,,,,,,,,,2,,2,,,,2,2,2,,2,,2,,2,2,2,,,2,2,3,4,2,,,,1,1,3,,1,1,2,2,,2,,2,1,1,1,,,2,,,,,,,,,2,2,,,,,,,,2,,,,,,3,1,1,,,,,,,,,,,,,,1,,1,1,,1,,1,1,1,1,2,2,,2,1,,1,1,3,,1,1,1,1,2,2,2,2,,,,,,,,,,1,2,,,,,,,,,,,,,1,2
2024,"Viet Nam","VNM","East Asia & Pacific (excluding high income)",76663207,131064111,1.70167732017095,1,69,2,5,1,2,0,0,0,0,0,1,2,4,2,4,0,2,3,0,2,,,,,,,,,,2,2,2,2,2,2,2,2,2,,,,,,,,,,,,,,,,2,,2,,,,1,2,2,,2,,2,,2,2,2,,,2,1,3,4,2,,,,,,,,,,,2,,2,,2,1,2,2,,1,1,1,2,2,1,,,,,2,1,2,2,1,,,,,2,,,,,,1,1,1,,,,,,,,,,,,,,1,,1,1,,1,,2,1,2,,2,2,,2,2,1,1,1,3,,2,2,1,2,2,2,2,2,,,,,,,,,,1,2,,,,,,,,,,,,,1,2
2024,"Viet Nam","VNM","East Asia & Pacific (excluding high income)",76663207,131217841,1.00516408681165,1,18,,1,1,1,1,0,1,1,0,1,4,1,4,4,1,1,3,1,1,2,1,2,2,,2,1,1,2,,,,,,,,,,,,,,,,,,,,,,,,,1,,2,2,1,2,,1,2,,2,,2,,2,2,2,,,2,3,2,3,2,,,,1,1,1,,1,1,3,2,,2,,2,1,1,1,,,2,,,,,,,,,1,2,1,2,,,2,2,,2,,,,,,4,1,1,,,,,,,,,,,,,,1,,2,1,,1,,1,4,1,1,2,2,,2,1,,1,1,3,,1,2,1,2,1,2,2,2,,,,,,,,,,1,2,,,,,,,,,,,,,2,
2024,"Viet Nam","VNM","East Asia & Pacific (excluding high income)",76663207,131453235,1.59833477637853,1,52,2,2,1,1,1,0,1,1,1,1,4,4,4,4,0,4,3,1,1,1,1,2,2,,1,1,1,2,,,,,,,,,,,,,,,,,,,,,,,,,1,,2,2,2,1,,2,2,,2,,1,,1,2,2,,,,2,1,4,2,,,,2,2,,4,1,2,,2,,2,,2,2,,,,,2,,,,,,,,,2,2,,,,,,,,2,,,,,,3,1,1,,,,,,,,,,,,,,1,,1,1,,2,,,2,2,,2,2,,2,1,,1,1,3,,2,1,1,2,2,2,2,2,,,,,,,,,,1,2,,,,,,,,,,,,,1,2
2024,"Viet Nam","VNM","East Asia & Pacific (excluding high income)",76663207,131521311,0.458618078347517,1,51,1,2,1,2,0,0,0,0,1,1,2,4,4,4,0,2,3,0,2,,,,,,,,,,2,2,2,2,2,2,2,2,2,,,,,,,,,,,,,,,,2,,2,,,,1,2,2,,2,,1,,2,2,2,,,,2,2,4,2,,,,,,,,,,,2,,2,,2,1,2,2,,1,1,2,2,2,1,,,,,2,2,,,,,,,,2,,,,,,1,0,1,,,,,,,,,,,,,,2,2,2,1,,2,,,1,2,,2,2,,2,2,2,,,,,,,,,,,,,2,2,2,2,2,1,1,2,7,1,2,,,,,,,,,,,,,2,
2024,"Viet Nam","VNM","East Asia & Pacific (excluding high income)",76663207,131675252,0.257157228928712,1,37,1,1,2,2,1,0,1,0,0,0,2,4,4,4,0,2,2,0,1,2,1,3,3,2,2,2,2,2,,,,,,,,,,,,,,,,,,,,,,,,,2,,2,,,,2,2,2,,2,,2,,2,2,2,,,2,3,3,2,2,,,,2,2,,4,2,2,,1,2,2,,2,1,2,2,,1,1,2,2,2,1,,,,,2,2,,,,,,,,2,,,,,,4,1,1,,,,,,,,,,,,,,1,,1,1,,1,,2,1,1,2,2,2,,2,1,,1,1,1,,2,1,1,2,2,2,2,2,,,,,,,,,,1,2,,,,,,,,,,,,,1,2
2024,"Viet Nam","VNM","East Asia & Pacific (excluding high income)",76663207,131746268,1.45483481510139,1,53,2,1,1,1,1,0,1,1,0,1,4,4,4,4,1,4,3,1,1,1,2,1,1,,1,1,1,2,,,,,,,,,,,,,,,,,,,,,,,,,1,,2,3,1,2,,2,2,,2,,2,,2,2,2,,,2,2,2,4,2,,,,2,1,1,,1,1,2,2,,2,,2,2,,,,,2,,,,,,,,,2,2,,,,,,,,2,,,,,,4,1,1,,,,,,,,,,,,,,1,,1,1,,1,,1,1,1,1,2,2,,2,1,,1,1,3,,2,1,1,1,1,1,2,2,,,,,,,,,,1,2,,,,,,,,,,,,,1,2
2024,"Viet Nam","VNM","East Asia & Pacific (excluding high income)",76663207,131784082,0.560350553325653,2,59,1,1,2,2,0,0,0,0,0,0,4,4,4,4,0,4,3,0,2,,,,,,,,,,2,2,2,2,2,2,1,2,2,,,,,,,,,,,,,,,,2,,2,,,,2,2,2,,2,,2,,2,2,2,,,2,2,1,4,2,,,,,,,,,,,2,,2,,2,2,,,,,2,,,,,,,,,2,2,,,,,,,,2,,,,,,3,0,1,,,,,,,,,,,,,,2,2,1,1,,2,,,1,2,,2,2,,2,2,2,,,,,,,,,,,,,1,2,2,2,2,2,2,2,1,1,2,,,,,,,,,,,,,2,
2024,"Viet Nam","VNM","East Asia & Pacific (excluding high income)",76663207,131893811,0.977624850608128,1,35,3,2,1,2,1,0,1,1,0,1,4,2,4,4,0,4,3,0,1,1,2,2,2,,1,1,1,2,,,,,,,,,,,,,,,,,,,,,,,,,1,,2,2,1,2,,1,2,,2,,2,,2,2,2,,,2,2,1,4,2,,,,2,2,,5,2,1,2,2,,2,,2,2,,,,,2,,,,,,,,,1,2,2,2,1,,,,,2,,,,,,3,1,1,,,,,,,,,,,,,,1,,1,1,,1,,1,1,1,1,2,2,,2,1,,1,1,3,,2,1,1,1,1,2,2,2,,,,,,,,,,1,2,,,,,,,,,,,,,1,2
2024,"Viet Nam","VNM","East Asia & Pacific (excluding high income)",76663207,131949906,1.53968060772605,2,33,3,5,1,2,1,1,1,1,1,1,1,4,4,4,1,1,1,1,1,1,1,1,1,,1,1,1,2,,,,,,,,,,,,,,,,,,,,,,,,,1,1,2,1,1,1,,1,2,,1,2,2,,2,2,2,,,,3,2,3,2,,,,2,1,1,,1,1,3,1,1,1,1,2,1,1,1,,,1,2,1,1,,,2,2,,2,2,,,,,,,,2,,,,,,3,1,1,,,,,,,,,,,,,,1,,1,1,,1,,1,1,1,1,2,2,,2,1,,1,2,,1,1,1,1,1,2,2,1,2,,,,,,,,,,1,2,,,,,,,,,,,,,1,1
2024,"Viet Nam","VNM","East Asia & Pacific (excluding high income)",76663207,131950721,0.257157228928712,2,54,1,4,1,2,0,0,0,0,0,0,4,4,4,4,0,4,2,0,2,,,,,,,,,,2,2,2,2,2,2,1,2,2,,,,,,,,,,,,,,,,2,,2,,,,2,2,2,,2,,2,,2,2,2,,,2,3,2,3,2,,,,,,,,,,,2,,1,2,2,2,,,,,2,,,,,,,,,2,2,,,,,,,,2,,,,,,1,1,1,,,,,,,,,,,,,,1,,1,1,,2,,,2,1,2,2,2,,2,1,,1,2,,1,2,1,1,2,2,2,2,2,,,,,,,,,,1,2,,,,,,,,,,,,,2,
2024,"Viet Nam","VNM","East Asia & Pacific (excluding high income)",76663207,132089959,1.45996244305331,2,40,2,3,1,1,1,0,1,0,0,1,2,4,4,2,0,2,3,0,1,2,1,3,3,1,1,1,2,2,,,,,,,,,,,,,,,,,,,,,,,,,1,,2,3,3,1,,2,2,,2,,2,,2,2,2,,,2,3,4,5,2,,,,2,2,,1,2,2,,2,,2,,2,1,2,2,,1,1,2,2,2,1,,,,,2,2,,,,,,,,1,2,2,1,,1,4,1,1,,,,,,,,,,,,,,1,,1,1,,1,,1,4,1,1,2,1,2,2,1,,1,1,4,,1,1,1,1,2,2,2,2,,,,,,,,,,1,2,,,,,,,,,,,,,1,3
2024,"Viet Nam","VNM","East Asia & Pacific (excluding high income)",76663207,132239057,0.283457170379504,1,44,2,2,1,2,1,0,1,0,1,0,4,4,4,2,0,2,2,0,1,2,1,3,3,2,2,1,1,2,,,,,,,,,,,,,,,,,,,,,,,,,2,,2,,,,2,2,2,,2,,1,,2,2,2,,,,2,2,4,2,,,,2,2,,4,2,2,,2,,1,2,2,1,2,2,,1,2,,,,,,,,,2,2,,,,,,,,1,2,2,1,,1,3,1,1,,,,,,,,,,,,,,1,,1,1,,1,,2,1,2,,2,2,,2,1,,1,1,3,,2,1,1,1,2,2,2,2,,,,,,,,,,1,2,,,,,,,,,,,,,2,
2024,"Viet Nam","VNM","East Asia & Pacific (excluding high income)",76663207,132510490,0.850856621253996,1,16,2,2,2,1,0,0,0,0,0,0,4,4,4,4,0,4,3,0,2,,,,,,,,,,2,2,1,2,2,2,2,2,2,,,,,,,,,,,,,,,,2,2,2,,,,2,2,2,,2,2,2,,2,2,2,,,2,2,2,3,2,,,,2,2,,4,2,1,2,2,,2,,2,2,,,,,2,,,,,,,,,2,2,,,,,,,,2,,,,,,5,1,1,,,,,,,,,,,,,,1,,1,1,,1,,1,1,1,1,2,2,,2,1,,1,1,3,,1,1,1,2,2,2,2,2,,,,,,,,,,1,2,,,,,,,,,,,,,2,
2024,"Viet Nam","VNM","East Asia & Pacific (excluding high income)",76663207,132602370,1.47290458140822,2,61,2,1,1,1,0,0,0,0,0,0,4,4,4,4,0,2,3,0,2,,,,,,,,,,2,2,1,1,2,2,2,1,2,,,,,,,,,,,,,,,,2,,2,,,,2,2,2,,2,,2,,2,2,2,,,2,2,2,3,2,,,,,,,,,,,2,,2,,2,1,2,2,,1,2,,,,,,,,,2,2,,,,,,,,2,,,,,,3,1,1,,,,,,,,,,,,,,1,,1,1,,1,,1,1,2,,2,2,,2,1,,1,2,,1,1,1,1,1,2,2,2,2,,,,,,,,,,1,2,,,,,,,,,,,,,1,2
2024,"Viet Nam","VNM","East Asia & Pacific (excluding high income)",76663207,132689699,1.27344399660372,2,17,2,1,2,1,0,0,0,0,0,0,4,4,4,4,0,4,3,0,2,,,,,,,,,,2,2,1,2,2,2,1,1,2,,,,,,,,,,,,,,,,2,,2,,,,2,2,2,,2,,2,,2,2,2,,,2,2,1,4,2,,,,,,,,,,,2,,2,,2,2,,,,,2,,,,,,,,,2,2,,,,,,,,2,,,,,,4,1,2,1,2,2,2,1,2,2,5,1,1,2,1,,,,,,,,,,,,,,,,,1,,1,1,3,,2,1,1,2,2,2,2,2,,,,,,,,,,1,2,,,,,,,,,,,,,1,2
2024,"Viet Nam","VNM","East Asia & Pacific (excluding high income)",76663207,132824733,0.846616823847742,2,39,2,3,1,1,1,1,1,1,0,1,1,4,4,4,0,4,3,1,1,1,1,3,3,1,1,1,1,2,,,,,,,,,,,,,,,,,,,,,,,,,2,,3,,,,1,2,2,,2,,2,,2,2,2,,,2,1,4,2,2,,,,2,2,,1,2,2,,2,,2,,2,2,,,,,1,2,1,1,,,2,1,,2,2,,,,,,,,2,,,,,,1,1,1,,,,,,,,,,,,,,1,,1,1,,8,,,3,2,,2,2,,2,1,,1,1,3,,2,2,1,1,2,2,2,2,,,,,,,,,,1,2,,,,,,,,,,,,,3,
2024,"Viet Nam","VNM","East Asia & Pacific (excluding high income)",76663207,132884551,0.461621787780414,1,17,2,3,1,1,0,0,0,0,1,0,2,4,4,4,0,4,2,0,2,,,,,,,,,,2,2,1,2,2,2,2,1,2,,,,,,,,,,,,,,,,2,,2,,,,2,2,2,,2,,1,,2,2,2,,,,2,1,5,2,,,,,,,,,,,2,,1,2,2,2,,,,,1,2,2,2,1,,,,,2,2,,,,,,,,2,,,,,,3,1,1,,,,,,,,,,,,,,1,,1,1,,1,,1,4,1,2,2,2,,2,1,,1,1,2,,1,1,1,2,2,2,2,2,,,,,,,,,,1,2,,,,,,,,,,,,,1,2
2024,"Viet Nam","VNM","East Asia & Pacific (excluding high income)",76663207,133019725,0.460598650775751,1,67,1,2,1,1,0,0,0,0,0,0,4,4,4,4,0,2,3,0,2,,,,,,,,,,2,2,2,2,2,2,1,2,2,,,,,,,,,,,,,,,,2,,2,,,,2,2,2,,2,,2,,2,2,2,,,2,2,1,2,1,1,2,,,,,,,,,2,,2,,2,1,2,2,,1,2,,,,,,,,,2,2,,,,,,,,2,,,,,,1,0,2,1,2,8,1,2,1,2,4,2,,,,2,,,,,,,,,,,,,,,,2,2,,,,,,,,,,,,,,,,,,,,,,1,2,,,,,,,,,,,,,3,
2024,"Viet Nam","VNM","East Asia & Pacific (excluding high income)",76663207,133027872,1.58736975701651,2,27,2,2,1,1,1,1,1,1,0,1,4,4,4,4,1,4,3,1,1,1,1,1,1,,1,1,1,2,,,,,,,,,,,,,,,,,,,,,,,,,1,1,2,1,1,1,,1,2,,2,2,2,,2,2,2,,,2,3,3,4,2,,,,2,1,1,,1,1,3,2,,2,,2,2,,,,,2,,,,,,,,,2,2,,,,,,,,2,,,,,,3,1,1,,,,,,,,,,,,,,1,,1,1,,1,,1,1,1,1,2,2,,2,1,,1,1,3,,1,1,1,1,1,1,2,2,,,,,,,,,,1,2,,,,,,,,,,,,,1,2
2024,"Viet Nam","VNM","East Asia & Pacific (excluding high income)",76663207,133055780,0.814717121990092,2,34,1,3,1,1,0,0,0,0,1,0,4,4,4,4,0,4,3,0,2,,,,,,,,,,2,2,1,2,2,2,2,1,2,,,,,,,,,,,,,,,,2,,2,,,,2,2,2,,2,,1,,2,2,2,,,,3,3,4,2,,,,,,,,,,,2,,2,,2,2,,,,,2,,,,,,,,,2,2,,,,,,,,2,,,,,,4,1,1,,,,,,,,,,,,,,1,,1,1,,2,,,3,2,,2,2,,2,1,,1,2,,1,2,1,1,2,2,2,2,2,,,,,,,,,,1,2,,,,,,,,,,,,,2,
2024,"Viet Nam","VNM","East Asia & Pacific (excluding high income)",76663207,133158591,1.28281898485076,2,72,2,1,2,1,1,0,1,0,0,1,4,4,4,2,0,2,3,0,2,2,2,4,4,2,2,2,2,2,,,,,,,,,,,,,,,,,,,,,,,,,2,,2,,,,1,2,2,,2,,2,,2,2,2,,,2,1,3,4,2,,,,2,2,,4,2,2,,2,,2,,2,1,2,2,,1,2,,,,,,,,,2,2,,,,,,,,1,2,2,1,,2,4,1,1,,,,,,,,,,,,,,1,,1,1,,2,,,3,2,,2,2,,2,1,,1,1,3,,2,2,2,2,2,2,2,2,,,,,,,,,,1,2,,,,,,,,,,,,,2,
2024,"Viet Nam","VNM","East Asia & Pacific (excluding high income)",76663207,133160674,1.80026081876239,2,48,2,1,1,1,0,1,1,1,0,1,2,4,4,1,0,4,3,1,2,,,,,,,,,,2,2,3,2,2,2,2,1,2,,,,,,,,,,,,,,,,2,,2,,,,1,2,2,,2,,2,,2,2,2,,,2,1,4,2,2,,,,,,,,,,,2,,2,,2,2,,,,,1,2,2,2,1,,,,,2,2,,,,,,,,1,2,1,,,2,4,1,1,,,,,,,,,,,,,,1,,1,1,,2,,,3,2,,2,2,,2,1,,1,1,3,,2,2,1,2,2,2,2,2,,,,,,,,,,1,2,,,,,,,,,,,,,3,
2024,"Viet Nam","VNM","East Asia & Pacific (excluding high income)",76663207,133167641,0.519442314180553,2,43,1,4,1,2,0,0,0,0,0,1,2,4,4,4,0,4,3,0,2,,,,,,,,,,2,2,1,2,2,2,2,1,2,,,,,,,,,,,,,,,,2,,2,,,,1,2,2,,2,,2,,2,2,2,,,2,2,3,4,2,,,,,,,,,,,2,,2,,2,2,,,,,1,2,2,2,1,,,,,2,2,,,,,,,,2,,,,,,4,1,1,,,,,,,,,,,,,,1,,1,1,,1,,1,1,1,1,2,2,,2,1,,1,1,3,,2,1,1,1,2,2,2,2,,,,,,,,,,1,2,,,,,,,,,,,,,1,2
2024,"Viet Nam","VNM","East Asia & Pacific (excluding high income)",76663207,133313314,0.824961073560623,1,53,1,1,1,1,0,0,0,0,1,0,4,4,4,4,0,4,3,0,2,,,,,,,,,,2,2,3,2,3,2,1,1,2,,,,,,,,,,,,,,,,2,,2,,,,2,2,2,,2,,1,,2,2,2,,,,2,1,5,2,,,,,,,,,,,2,,2,,2,2,,,,,2,,,,,,,,,2,2,,,,,,,,2,,,,,,4,1,2,1,2,2,1,2,2,2,1,2,,,,1,,,,,,,,,,,,,,,,2,1,2,2,,2,2,2,2,2,2,2,2,2,,,,,,,,,,1,2,,,,,,,,,,,,,2,
2024,"Viet Nam","VNM","East Asia & Pacific (excluding high income)",76663207,133502819,0.957846272200131,2,30,2,2,1,1,1,0,1,0,0,0,2,4,4,4,0,2,3,0,1,2,2,3,3,2,2,2,2,2,,,,,,,,,,,,,,,,,,,,,,,,,2,,2,,,,2,2,2,,2,,2,,2,2,2,,,2,3,3,3,2,,,,2,2,,4,2,2,,2,,2,,2,1,2,2,,1,1,2,2,2,1,,,,,2,2,,,,,,,,2,,,,,,3,1,1,,,,,,,,,,,,,,1,,1,1,,1,,1,1,2,,2,2,,2,1,,1,2,,1,2,2,1,2,2,2,2,2,,,,,,,,,,1,2,,,,,,,,,,,,,2,
2024,"Viet Nam","VNM","East Asia & Pacific (excluding high income)",76663207,133547063,0.617834809597339,1,61,2,5,1,2,1,0,1,1,0,1,2,4,4,4,0,1,3,1,1,1,1,2,2,,1,1,1,2,,,,,,,,,,,,,,,,,,,,,,,,,1,,2,2,1,1,,2,2,,2,,2,,2,2,2,,,2,1,3,4,2,,,,2,2,,4,2,1,2,2,,2,,2,1,1,1,,,1,2,2,2,1,,,,,2,2,,,,,,,,2,,,,,,3,1,1,,,,,,,,,,,,,,1,,1,1,,1,,1,1,1,1,2,2,,2,1,,1,1,4,,1,1,1,1,2,1,2,2,,,,,,,,,,1,2,,,,,,,,,,,,,1,2
2024,"Viet Nam","VNM","East Asia & Pacific (excluding high income)",76663207,133666565,1.12070110665131,2,59,1,3,1,2,1,0,1,1,1,1,4,4,4,4,0,3,2,0,1,1,1,2,1,,1,1,1,2,,,,,,,,,,,,,,,,,,,,,,,,,2,,2,,,,1,2,2,,2,,1,,2,2,2,,,,2,2,3,2,,,,2,2,,4,2,2,,1,2,1,2,2,1,2,2,,2,2,,,,,,,,,2,2,,,,,,,,2,,,,,,3,1,1,,,,,,,,,,,,,,1,,1,1,,1,,2,1,2,,1,1,2,2,1,,1,2,,1,2,1,1,1,2,2,2,2,,,,,,,,,,1,2,,,,,,,,,,,,,1,2
2024,"Viet Nam","VNM","East Asia & Pacific (excluding high income)",76663207,133697783,0.767979949033449,2,35,2,5,1,1,1,0,1,1,1,0,4,4,4,4,1,1,1,1,1,1,2,3,1,,1,1,1,2,,,,,,,,,,,,,,,,,,,,,,,,,2,,2,,,,2,2,2,,2,,1,,1,1,2,,,,2,3,4,2,,,,2,1,2,,1,1,3,2,,1,1,2,1,1,1,,,2,,,,,,,,,2,2,,,,,,,,2,,,,,,3,1,1,,,,,,,,,,,,,,1,,1,1,,1,,2,2,1,1,2,1,2,1,1,,1,1,3,,2,1,1,1,1,1,2,2,,,,,,,,,,1,2,,,,,,,,,,,,,2,
2024,"Viet Nam","VNM","East Asia & Pacific (excluding high income)",76663207,134071367,0.257157228928712,2,51,1,4,2,1,1,0,1,0,1,1,4,4,4,4,1,1,3,1,1,2,2,2,1,,2,1,2,2,,,,,,,,,,,,,,,,,,,,,,,,,1,,2,1,2,2,,2,2,,2,,1,,2,2,2,,,,3,1,3,2,,,,1,2,,1,2,1,3,2,,2,,2,1,2,1,,,2,,,,,,,,,2,2,,,,,,,,2,,,,,,3,1,1,,,,,,,,,,,,,,2,2,2,2,,2,,,4,2,,2,2,,2,2,1,3,1,3,,2,2,2,2,2,2,2,2,2,2,1,2,2,2,1,2,99,1,2,,,,,,,,,,,,,1,1
2024,"Viet Nam","VNM","East Asia & Pacific (excluding high income)",76663207,134097545,0.692432681670622,1,22,2,4,1,1,1,1,1,1,1,0,1,4,4,4,1,1,1,1,1,1,1,1,1,,1,1,1,2,,,,,,,,,,,,,,,,,,,,,,,,,2,2,2,,,,2,2,2,,2,2,1,,2,2,2,,,,2,2,3,2,,,,2,1,1,,1,1,3,1,1,1,1,2,1,1,1,,,1,2,1,2,,,2,2,,2,2,,,,,,,,2,,,,,,1,1,1,,,,,,,,,,,,,,1,,1,1,,1,,2,4,1,1,2,2,,2,1,,1,2,,1,2,1,1,2,1,2,2,2,,,,,,,,,,1,2,,,,,,,,,,,,,1,2
2024,"Viet Nam","VNM","East Asia & Pacific (excluding high income)",76663207,134175041,0.949794014564733,2,41,3,5,1,2,1,1,1,1,0,1,1,4,4,4,1,1,3,1,1,1,1,2,1,,1,1,1,1,,,,,,,,,,,,,,,,,,,,,,,,,1,,2,2,2,2,,2,2,,2,,2,,2,2,2,2,,2,2,3,4,2,,,,2,1,1,,1,1,3,2,,2,,2,1,1,1,,,1,2,1,1,,,2,2,,2,2,,,,,,,,2,,,,,,3,1,1,,,,,,,,,,,,,,1,,1,1,,1,,1,1,2,,2,2,,2,1,,1,1,3,,2,1,1,1,2,2,2,2,,,,,,,,,,1,2,,,,,,,,,,,,,1,2
2024,"Viet Nam","VNM","East Asia & Pacific (excluding high income)",76663207,134222886,2.47752792402199,2,34,3,5,1,1,1,1,1,1,0,1,1,4,4,4,1,1,3,1,1,1,1,2,1,,2,1,1,2,,,,,,,,,,,,,,,,,,,,,,,,,1,2,1,3,1,2,,1,2,,2,2,2,2,2,2,2,,,2,2,3,4,2,,,,2,1,1,,1,1,1,2,,2,,2,1,1,1,,,1,2,1,2,,,2,2,,2,2,,,,,,,,2,,,,,,3,1,1,,,,,,,,,,,,,,1,,1,1,,1,,1,2,1,1,2,2,,2,1,,1,2,,1,1,1,1,1,1,2,2,2,,,,,,,,,,1,2,,,,,,,,,,,,,1,2
2024,"Viet Nam","VNM","East Asia & Pacific (excluding high income)",76663207,134562829,1.00573202211036,2,39,2,4,1,1,1,0,1,1,1,1,1,4,4,4,0,2,1,1,1,1,1,2,2,,2,1,1,2,,,,,,,,,,,,,,,,,,,,,,,,,2,,1,,,,,2,2,,2,,1,2,2,2,2,,,,3,2,3,2,,,,2,2,,4,1,1,2,1,1,1,1,2,1,2,2,,1,1,2,1,2,,,2,2,,2,2,,,,,,,,2,,,,,,3,1,1,,,,,,,,,,,,,,1,,1,1,,1,,1,4,2,,2,2,,2,1,,1,1,3,,2,1,1,1,2,2,2,2,,,,,,,,,,1,2,,,,,,,,,,,,,1,2
2024,"Viet Nam","VNM","East Asia & Pacific (excluding high income)",76663207,134818953,1.06527242365664,1,74,2,5,1,1,0,0,0,0,0,0,4,4,4,2,0,4,3,0,2,,,,,,,,,,2,2,2,2,2,2,2,1,1,,,,,,,,,,,,,,,,2,,2,,,,2,2,2,,2,,2,,2,2,2,,,2,2,2,2,2,,,,,,,,,,,2,,2,,2,2,,,,,2,,,,,,,,,2,2,,,,,,,,1,2,2,1,,2,7,0,2,2,2,2,1,1,2,1,7,1,2,2,2,,,,,,,,,,,,,,,,,2,2,,,,,,,,,,,,,,,,,,,,,,1,2,,,,,,,,,,,,,2,
2024,"Viet Nam","VNM","East Asia & Pacific (excluding high income)",76663207,134926100,0.397124061915298,1,40,1,1,2,1,0,0,0,0,0,1,4,4,4,2,0,2,3,0,2,,,,,,,,,,2,2,2,2,2,2,2,2,2,,,,,,,,,,,,,,,,2,,1,,,,,2,2,,2,,2,3,2,2,2,,,2,1,2,2,2,,,,,,,,,,,2,,2,,2,1,2,2,,1,2,,,,,,,,,2,2,,,,,,,,1,2,2,1,,2,4,1,1,,,,,,,,,,,,,,1,,1,1,,2,,,4,2,,2,2,,2,1,,1,1,3,,2,1,1,1,2,2,2,2,,,,,,,,,,1,2,,,,,,,,,,,,,1,2
2024,"Viet Nam","VNM","East Asia & Pacific (excluding high income)",76663207,134933123,0.898295888088306,1,30,2,5,1,1,1,0,1,1,0,1,4,4,4,4,1,1,3,1,2,1,2,1,1,,1,1,1,2,,,,,,,,,,,,,,,,,,,,,,,,,1,,3,1,2,2,,2,2,,2,,2,,2,2,2,,,2,1,3,3,2,,,,1,1,2,,1,1,3,2,,2,,2,1,1,1,,,2,,,,,,,,,2,2,,,,,,,,2,,,,,,4,1,1,,,,,,,,,,,,,,1,,1,1,,1,,1,1,1,1,2,2,,2,1,,1,1,3,,1,1,1,1,1,2,2,2,,,,,,,,,,1,2,,,,,,,,,,,,,1,1
2024,"Viet Nam","VNM","East Asia & Pacific (excluding high income)",76663207,134944148,0.682687792305242,2,43,2,2,1,1,1,0,1,0,1,1,4,4,4,2,0,2,3,0,1,2,2,3,3,1,1,2,2,2,,,,,,,,,,,,,,,,,,,,,,,,,1,,2,3,1,2,,2,2,,2,,1,,2,2,2,,,,2,2,4,1,2,1,1,2,2,,4,2,2,,2,,2,,2,1,2,2,,1,2,,,,,,,,,2,2,,,,,,,,1,2,2,1,,2,1,0,1,,,,,,,,,,,,,,2,2,1,1,,1,,1,1,2,,2,2,,2,2,2,,,,,,,,,,,,,2,2,2,2,2,2,2,2,,1,2,,,,,,,,,,,,,2,
2024,"Viet Nam","VNM","East Asia & Pacific (excluding high income)",76663207,134966952,0.740626875925493,1,43,2,4,1,1,1,0,1,1,1,1,4,4,4,4,1,1,1,1,1,1,1,3,1,,1,1,1,2,,,,,,,,,,,,,,,,,,,,,,,,,2,,1,,,,,2,2,,2,,1,2,2,1,1,,,,3,2,4,2,,,,1,1,1,,1,1,3,1,1,1,1,2,1,1,1,,,2,,,,,,,,,2,2,,,,,,,,2,,,,,,3,1,1,,,,,,,,,,,,,,1,,1,1,,1,,1,1,1,1,2,2,,2,1,,1,1,3,,1,1,1,1,1,2,2,2,,,,,,,,,,1,2,,,,,,,,,,,,,1,2
2024,"Viet Nam","VNM","East Asia & Pacific (excluding high income)",76663207,135037754,0.470021167047861,1,17,2,4,2,1,0,0,0,0,0,0,4,4,4,4,0,4,3,0,2,,,,,,,,,,2,2,1,2,2,2,2,1,2,,,,,,,,,,,,,,,,2,,2,,,,2,2,2,,2,,2,,2,2,2,,,2,2,3,5,2,,,,,,,,,,,2,,2,,2,2,,,,,2,,,,,,,,,2,2,,,,,,,,2,,,,,,5,1,1,,,,,,,,,,,,,,1,,1,1,,1,,1,1,1,1,1,2,,2,1,,1,1,3,,1,1,1,2,1,2,2,2,,,,,,,,,,1,2,,,,,,,,,,,,,1,2
2024,"Viet Nam","VNM","East Asia & Pacific (excluding high income)",76663207,135158885,0.264749374610199,1,41,1,4,1,1,0,0,0,0,0,0,4,4,4,4,0,4,3,0,2,,,,,,,,,,2,2,2,2,2,2,2,2,2,,,,,,,,,,,,,,,,2,,2,,,,2,2,2,,2,,2,,2,2,2,,,2,3,2,3,2,,,,,,,,,,,2,,2,,2,2,,,,,2,,,,,,,,,2,2,,,,,,,,2,,,,,,4,1,1,,,,,,,,,,,,,,1,,2,1,,1,,1,2,2,,2,2,,2,1,,1,1,4,,1,2,1,2,2,2,2,2,,,,,,,,,,1,2,,,,,,,,,,,,,2,
2024,"Viet Nam","VNM","East Asia & Pacific (excluding high income)",76663207,135296348,0.916960660023786,1,30,3,5,1,2,1,0,1,1,0,1,1,4,4,4,1,1,3,1,1,1,1,2,2,,1,1,1,2,,,,,,,,,,,,,,,,,,,,,,,,,1,,2,2,2,1,,2,2,,2,,2,,2,2,2,,,2,1,3,4,2,,,,1,1,1,,1,1,3,2,,2,,2,1,1,1,,,1,2,1,2,,,2,2,,2,2,,,,,,,,2,,,,,,3,1,1,,,,,,,,,,,,,,1,,1,1,,1,,1,1,1,1,2,2,,2,1,,1,1,3,,1,1,1,1,2,1,2,2,,,,,,,,,,1,2,,,,,,,,,,,,,1,1
2024,"Viet Nam","VNM","East Asia & Pacific (excluding high income)",76663207,135557230,0.390392907811143,2,52,2,5,1,2,1,1,1,1,0,1,1,4,4,4,1,1,3,1,1,1,1,1,1,,1,1,1,1,,,,,,,,,,,,,,,,,,,,,,,,,2,,2,,,,1,2,2,,2,,2,,2,2,2,2,,2,3,3,4,2,,,,2,1,1,,1,2,,2,,2,,2,1,1,1,,,1,2,1,1,,,2,2,,2,2,,,,,,,,2,,,,,,1,1,1,,,,,,,,,,,,,,1,,1,1,,1,,1,1,1,1,2,1,2,2,1,,1,2,,1,1,1,1,1,2,2,1,2,,,,,,,,,,1,2,,,,,,,,,,,,,1,2
2024,"Viet Nam","VNM","East Asia & Pacific (excluding high income)",76663207,135563590,0.365217740174082,1,54,1,3,1,1,0,0,0,0,0,1,4,4,4,4,0,2,3,0,2,,,,,,,,,,2,2,2,2,2,2,2,2,2,,,,,,,,,,,,,,,,1,,1,2,2,2,,1,2,,2,,2,2,2,2,2,,,2,1,2,4,1,2,2,,,,,,,,,2,,2,,2,1,2,2,,1,2,,,,,,,,,2,2,,,,,,,,2,,,,,,2,1,1,,,,,,,,,,,,,,1,,1,1,,2,,,4,1,1,2,2,,2,1,,1,1,3,,2,2,2,2,2,2,2,2,,,,,,,,,,1,2,,,,,,,,,,,,,2,
2024,"Viet Nam","VNM","East Asia & Pacific (excluding high income)",76663207,135858722,1.65692311787414,2,65,2,2,1,1,0,0,0,0,0,1,4,4,4,2,0,4,3,0,2,,,,,,,,,,2,2,2,2,2,2,2,1,2,,,,,,,,,,,,,,,,2,,2,,,,1,2,2,,2,,2,,2,2,2,,,2,1,1,2,2,,,,,,,,,,,2,,2,,2,2,,,,,2,,,,,,,,,2,2,,,,,,,,1,2,2,1,,2,1,0,1,,,,,,,,,,,,,,2,2,1,1,,2,,,1,2,,2,1,2,2,2,2,,,,,,,,,,,,,2,2,2,1,2,2,1,1,4,1,2,,,,,,,,,,,,,1,2
2024,"Viet Nam","VNM","East Asia & Pacific (excluding high income)",76663207,136268776,0.389581735635415,2,39,1,2,1,1,1,0,1,1,0,1,1,4,4,4,0,4,3,1,1,1,1,2,2,,1,1,1,2,,,,,,,,,,,,,,,,,,,,,,,,,1,,2,3,2,2,,2,2,,2,,2,,2,2,2,,,2,3,3,4,2,,,,2,2,,4,2,2,,2,,2,,2,2,,,,,1,2,1,2,,,2,2,,2,2,,,,,,,,2,,,,,,3,1,1,,,,,,,,,,,,,,1,,1,1,,1,,1,1,1,1,2,2,,2,1,,1,1,3,,1,1,1,1,2,2,2,2,,,,,,,,,,1,2,,,,,,,,,,,,,1,2
2024,"Viet Nam","VNM","East Asia & Pacific (excluding high income)",76663207,136289057,0.740626875925493,1,44,2,5,1,1,1,1,1,1,0,1,1,4,4,4,1,1,3,1,1,1,2,2,2,,1,1,1,2,,,,,,,,,,,,,,,,,,,,,,,,,1,,2,2,2,1,,1,2,,2,,2,,2,2,2,,,2,1,3,4,2,,,,1,1,2,,1,1,3,2,,2,,2,1,1,1,,,1,2,1,1,,,1,2,,2,2,,,,,,,,2,,,,,,3,1,1,,,,,,,,,,,,,,1,,9,1,,1,,1,4,2,,2,2,,2,1,,1,1,3,,1,2,1,1,2,2,2,2,,,,,,,,,,1,2,,,,,,,,,,,,,1,2
2024,"Viet Nam","VNM","East Asia & Pacific (excluding high income)",76663207,136396952,0.826163298665447,2,43,2,3,1,2,1,1,1,1,1,1,1,4,4,4,1,1,3,1,1,1,1,1,1,,1,1,1,1,,,,,,,,,,,,,,,,,,,,,,,,,1,2,2,3,1,2,,2,2,,2,2,2,,2,2,2,1,2,,2,2,3,2,,,,1,1,1,,1,1,3,2,,2,,2,1,2,1,,,1,2,1,1,,,2,2,,2,2,,,,,,,,2,,,,,,3,1,1,,,,,,,,,,,,,,1,,1,1,,1,,1,1,1,1,2,2,,2,1,,1,1,3,,1,1,1,1,2,2,2,2,,,,,,,,,,1,2,,,,,,,,,,,,,1,1
2024,"Viet Nam","VNM","East Asia & Pacific (excluding high income)",76663207,136510001,0.859094922028297,1,42,2,5,1,2,1,0,1,1,0,1,1,4,4,4,1,1,3,1,1,1,1,1,1,,1,1,1,2,,,,,,,,,,,,,,,,,,,,,,,,,1,,2,2,1,1,,2,2,,2,,2,,2,2,2,,,2,3,3,4,2,,,,1,1,2,,1,2,,2,,2,,2,1,1,2,,,1,2,1,2,,,2,2,,2,2,,,,,,,,2,,,,,,1,1,1,,,,,,,,,,,,,,1,,1,1,,2,,,1,1,2,2,2,,2,1,,1,2,,1,1,1,1,1,2,2,2,2,,,,,,,,,,1,2,,,,,,,,,,,,,1,2
2024,"Viet Nam","VNM","East Asia & Pacific (excluding high income)",76663207,136662199,1.97356946388828,1,61,2,3,2,2,0,0,0,0,1,1,4,4,4,4,0,2,2,0,2,,,,,,,,,,2,2,2,2,2,2,1,1,2,,,,,,,,,,,,,,,,2,,2,,,,1,2,2,,2,,1,,2,2,2,,,,2,3,4,2,,,,,,,,,,,2,,1,2,2,1,2,2,,1,2,,,,,,,,,2,2,,,,,,,,2,,,,,,3,1,1,,,,,,,,,,,,,,2,2,1,2,,2,,,2,2,,2,2,,2,2,1,1,1,3,,2,2,2,2,2,2,2,2,2,2,2,1,2,2,2,1,8,1,2,,,,,,,,,,,,,2,
2024,"Viet Nam","VNM","East Asia & Pacific (excluding high income)",76663207,136719065,2.18029986029519,2,46,2,4,1,1,1,1,1,1,1,1,1,4,4,4,1,4,3,1,1,1,2,1,1,,1,1,1,1,,,,,,,,,,,,,,,,,,,,,,,,,1,1,2,3,1,1,,1,2,,2,2,1,,2,2,2,1,1,,3,3,3,1,2,2,2,1,1,2,,1,1,1,2,,2,,2,2,,,,,1,2,1,2,,,2,2,,2,2,,,,,,,,2,,,,,,1,1,1,,,,,,,,,,,,,,1,,1,1,,1,,1,3,1,1,2,1,2,2,1,,1,2,,1,2,1,1,1,1,2,2,2,,,,,,,,,,1,2,,,,,,,,,,,,,1,1
2024,"Viet Nam","VNM","East Asia & Pacific (excluding high income)",76663207,136785751,1.02533950832067,2,35,3,3,1,1,1,1,1,1,1,1,1,4,4,4,1,1,3,1,1,1,1,2,1,,1,1,1,1,,,,,,,,,,,,,,,,,,,,,,,,,1,1,2,2,1,2,,2,2,,2,2,2,,2,2,1,1,1,,1,3,3,1,2,2,2,1,1,1,,1,1,3,2,,2,,2,1,1,1,,,1,2,1,2,,,2,3,,2,2,,,,,,,,2,,,,,,3,1,1,,,,,,,,,,,,,,1,,1,1,,1,,2,1,1,1,2,2,,2,1,,1,1,3,,2,1,1,2,2,2,2,2,,,,,,,,,,1,2,,,,,,,,,,,,,1,2
2024,"Viet Nam","VNM","East Asia & Pacific (excluding high income)",76663207,137048255,0.257157228928712,1,53,1,1,1,1,0,0,0,0,1,0,2,4,4,4,0,2,3,0,2,,,,,,,,,,2,2,2,2,2,2,2,2,2,,,,,,,,,,,,,,,,2,,2,,,,2,1,2,,2,,1,,1,2,2,,,,1,1,2,2,,,,,,,,,,,2,,2,,2,1,2,2,,1,1,2,2,2,1,,,,,2,2,,,,,,,,2,,,,,,1,1,1,,,,,,,,,,,,,,2,2,1,2,,2,,,2,2,,2,2,,2,1,,1,1,3,,2,2,2,2,2,2,2,2,1,2,2,2,2,2,2,2,1,1,2,,,,,,,,,,,,,2,
2024,"Viet Nam","VNM","East Asia & Pacific (excluding high income)",76663207,137144621,0.360702004364158,2,32,1,3,1,1,1,1,1,1,1,0,1,4,4,4,1,4,3,1,1,1,1,1,1,,1,1,1,2,,,,,,,,,,,,,,,,,,,,,,,,,2,2,2,,,,2,2,2,,1,2,2,,2,2,2,,,,3,2,2,2,,,,2,1,2,,2,1,2,2,,2,,2,2,,,,,1,2,1,1,,,2,2,,2,2,,,,,,,,2,,,,,,2,1,1,,,,,,,,,,,,,,1,,1,1,,1,,1,1,1,1,2,2,,2,1,,1,1,3,,1,1,1,2,1,2,2,2,,,,,,,,,,1,2,,,,,,,,,,,,,2,
2024,"Viet Nam","VNM","East Asia & Pacific (excluding high income)",76663207,137363859,1.13382868151802,1,42,2,1,1,1,0,0,0,0,1,1,4,4,4,2,0,2,3,0,2,,,,,,,,,,2,2,2,1,2,2,2,1,2,,,,,,,,,,,,,,,,2,,2,,,,1,1,2,,2,,1,,2,2,2,,,,2,2,3,2,,,,,,,,,,,2,,2,,2,1,2,2,,1,2,,,,,,,,,2,2,,,,,,,,1,2,2,1,,1,5,1,1,,,,,,,,,,,,,,1,,1,1,,1,,1,1,1,1,2,2,,2,1,,1,1,4,,1,1,1,1,2,2,2,2,,,,,,,,,,1,2,,,,,,,,,,,,,2,
2024,"Viet Nam","VNM","East Asia & Pacific (excluding high income)",76663207,137604376,0.375311799842289,1,45,1,2,1,1,0,0,0,0,0,1,4,4,4,2,0,2,2,0,2,,,,,,,,,,2,2,2,1,2,2,2,1,1,,,,,,,,,,,,,,,,2,,2,,,,1,2,2,,2,,2,,2,2,2,,,2,1,2,2,2,,,,,,,,,,,1,2,1,2,2,1,2,2,,1,2,,,,,,,,,2,2,,,,,,,,1,2,2,1,,2,3,1,1,,,,,,,,,,,,,,1,,1,1,,1,,1,1,1,1,1,2,,2,1,,1,2,,1,2,1,1,1,2,2,1,2,,,,,,,,,,1,2,,,,,,,,,,,,,1,2
2024,"Viet Nam","VNM","East Asia & Pacific (excluding high income)",76663207,138223393,2.11423967438709,1,30,2,3,1,1,1,1,1,1,0,1,4,4,4,4,1,2,1,1,1,1,1,2,2,,2,1,1,1,,,,,,,,,,,,,,,,,,,,,,,,,1,1,2,2,2,1,,1,2,,2,2,2,,2,2,2,2,,2,1,3,4,2,,,,2,1,2,,1,1,3,2,,1,1,1,1,2,2,,1,2,,,,,,,,,2,2,,,,,,,,2,,,,,,2,1,1,,,,,,,,,,,,,,1,,1,1,,2,,,4,1,1,2,2,,2,1,,1,1,4,,1,1,1,1,2,2,2,2,,,,,,,,,,1,2,,,,,,,,,,,,,1,1
2024,"Viet Nam","VNM","East Asia & Pacific (excluding high income)",76663207,138463740,2.06226277073057,1,32,2,5,1,1,1,0,1,1,0,1,4,4,4,4,1,1,1,1,1,1,2,1,1,,1,1,1,2,,,,,,,,,,,,,,,,,,,,,,,,,1,,2,3,1,2,,2,2,,2,,2,,2,2,2,,,2,3,3,4,2,,,,1,1,1,,1,1,2,1,1,1,1,2,1,1,1,,,2,,,,,,,,,2,2,,,,,,,,2,,,,,,3,1,1,,,,,,,,,,,,,,1,,1,1,,1,,1,1,1,1,2,2,,2,1,,1,1,3,,1,1,1,1,2,1,1,2,,,,,,,,,,1,2,,,,,,,,,,,,,1,2
2024,"Viet Nam","VNM","East Asia & Pacific (excluding high income)",76663207,138548006,0.739442034469629,2,15,2,4,2,1,0,0,0,0,0,0,4,4,4,4,0,4,3,0,2,,,,,,,,,,2,2,1,2,2,2,2,1,2,,,,,,,,,,,,,,,,2,,2,,,,2,2,2,,2,,2,,2,2,2,,,2,8,,5,2,,,,,,,,,,,2,,2,,2,2,,,,,2,,,,,,,,,2,2,,,,,,,,2,,,,,,7,1,1,,,,,,,,,,,,,,1,,2,1,,2,,,3,1,1,1,2,,2,1,,1,1,3,,1,1,1,2,1,2,2,2,,,,,,,,,,1,2,,,,,,,,,,,,,2,
2024,"Viet Nam","VNM","East Asia & Pacific (excluding high income)",76663207,138577667,0.793115467969281,1,18,2,2,1,1,1,1,1,1,0,1,1,4,4,4,1,4,3,1,1,1,2,1,1,,1,1,1,2,,,,,,,,,,,,,,,,,,,,,,,,,1,,2,1,1,2,,2,2,,2,,2,,2,2,2,,,2,2,2,3,2,,,,1,1,1,,1,1,1,2,,2,,2,2,,,,,1,2,1,1,,,1,2,,2,2,,,,,,,,2,,,,,,5,1,1,,,,,,,,,,,,,,1,,1,1,,1,,1,1,1,1,2,2,,2,1,,1,2,,1,1,1,1,1,1,1,2,1,,,,,,,,,,1,2,,,,,,,,,,,,,1,2
2024,"Viet Nam","VNM","East Asia & Pacific (excluding high income)",76663207,138769538,1.18386559444017,2,30,2,1,1,1,0,0,0,0,0,0,2,4,4,2,0,4,3,0,2,,,,,,,,,,2,2,2,2,2,2,2,2,2,,,,,,,,,,,,,,,,2,,2,,,,2,2,2,,2,,2,,2,2,2,,,2,2,2,3,1,2,2,,,,,,,,,2,,2,,2,2,,,,,1,2,2,2,1,,,,,2,2,,,,,,,,1,2,2,1,,2,3,0,1,,,,,,,,,,,,,,2,2,2,1,,1,,1,1,2,,2,1,2,2,2,2,,,,,,,,,,,,,2,1,1,2,2,2,2,1,8,1,2,,,,,,,,,,,,,2,
2024,"Viet Nam","VNM","East Asia & Pacific (excluding high income)",76663207,138984631,0.80366437843314,1,46,2,1,1,1,0,0,0,0,1,0,2,4,4,2,0,2,3,0,2,,,,,,,,,,2,2,1,2,2,2,2,1,2,,,,,,,,,,,,,,,,2,,2,,,,2,2,2,,2,,1,,2,2,2,,,,2,2,2,2,,,,,,,,,,,2,,2,,2,1,2,2,,1,1,2,2,2,1,,,,,2,2,,,,,,,,1,2,2,1,,2,3,1,1,,,,,,,,,,,,,,1,,1,1,,1,,1,1,1,1,2,1,2,2,1,,1,1,3,,1,1,1,1,1,2,2,2,,,,,,,,,,1,2,,,,,,,,,,,,,1,2
2024,"Viet Nam","VNM","East Asia & Pacific (excluding high income)",76663207,139010328,0.801826777926979,2,25,2,5,1,2,0,0,0,0,0,1,3,4,4,4,0,2,3,0,2,,,,,,,,,,2,2,2,2,2,2,2,2,2,,,,,,,,,,,,,,,,2,,2,,,,1,2,2,,2,,2,,2,2,2,,,2,1,3,1,2,,,,,,,,,,,2,,2,,2,1,2,2,,1,1,2,2,2,2,2,,,,2,2,,,,,,,,2,,,,,,3,1,1,,,,,,,,,,,,,,1,,1,1,,1,,1,1,2,,2,2,,2,1,,1,1,3,,1,1,1,1,1,2,2,2,,,,,,,,,,1,2,,,,,,,,,,,,,1,2
2024,"Viet Nam","VNM","East Asia & Pacific (excluding high income)",76663207,139407529,0.574029455010427,1,34,2,2,1,1,1,1,1,1,1,1,1,4,4,1,1,1,3,1,1,1,1,2,1,,1,1,1,2,,,,,,,,,,,,,,,,,,,,,,,,,1,,2,3,1,1,,2,2,,2,,1,,2,2,1,,,,3,3,4,2,,,,1,1,1,,1,1,2,2,,2,,2,1,1,1,,,1,1,1,1,,,2,2,,2,2,,,,,,,,1,1,1,,,1,5,1,1,,,,,,,,,,,,,,1,,1,1,,1,,1,4,1,1,2,2,,2,1,,1,2,,1,1,2,1,1,1,2,2,2,,,,,,,,,,1,2,,,,,,,,,,,,,1,1
2024,"Viet Nam","VNM","East Asia & Pacific (excluding high income)",76663207,139614616,2.13054484731329,1,61,2,2,1,1,0,0,0,0,0,0,4,4,4,4,0,4,3,0,2,,,,,,,,,,2,2,2,2,2,2,2,2,2,,,,,,,,,,,,,,,,2,,2,,,,2,2,2,,2,,2,,2,2,2,,,2,2,3,5,2,,,,,,,,,,,2,,2,,2,2,,,,,2,,,,,,,,,2,2,,,,,,,,2,,,,,,1,0,1,,,,,,,,,,,,,,2,2,1,1,,2,,,2,2,,2,2,,2,2,2,,,,,,,,,,,,,2,2,2,1,2,2,2,2,4,1,2,,,,,,,,,,,,,2,
2024,"Viet Nam","VNM","East Asia & Pacific (excluding high income)",76663207,139720057,1.62107161587276,1,23,3,4,1,1,1,0,1,1,1,1,1,4,4,4,1,1,2,1,1,1,1,2,2,,1,1,1,2,,,,,,,,,,,,,,,,,,,,,,,,,1,,2,2,2,1,,1,2,,2,,1,,2,2,1,,,,3,2,3,2,,,,1,1,1,,1,1,3,1,2,2,,2,1,1,1,,,1,2,1,2,,,2,2,,2,2,,,,,,,,2,,,,,,3,1,1,,,,,,,,,,,,,,1,,1,1,,1,,1,1,1,1,2,2,,2,1,,1,2,,1,1,1,1,1,1,2,1,2,,,,,,,,,,1,2,,,,,,,,,,,,,2,
2024,"Viet Nam","VNM","East Asia & Pacific (excluding high income)",76663207,139785226,0.86104418251564,1,28,2,3,1,2,1,0,1,1,0,1,1,4,4,4,1,1,3,1,1,1,1,2,2,,1,1,1,2,,,,,,,,,,,,,,,,,,,,,,,,,1,,2,2,1,1,,2,2,,2,,2,,2,2,2,,,2,1,3,4,2,,,,1,1,1,,1,1,3,2,,2,,2,1,1,1,,,1,2,1,2,,,2,2,,2,2,,,,,,,,2,,,,,,3,1,1,,,,,,,,,,,,,,1,,1,1,,1,,1,1,1,1,2,2,,2,1,,1,2,,1,1,1,1,1,2,2,2,2,,,,,,,,,,1,2,,,,,,,,,,,,,1,2
2024,"Viet Nam","VNM","East Asia & Pacific (excluding high income)",76663207,140187653,0.986784731944138,1,62,2,4,1,2,1,1,1,1,0,1,1,4,4,4,0,1,3,1,1,1,2,2,2,,1,1,1,2,,,,,,,,,,,,,,,,,,,,,,,,,1,,2,2,1,1,,2,2,,2,,2,,2,2,2,,,2,3,3,4,2,,,,2,2,,4,1,2,,2,,2,,2,1,2,1,,,1,2,1,1,,,1,2,,2,2,,,,,,,,2,,,,,,3,1,1,,,,,,,,,,,,,,1,,1,1,,1,,1,4,1,1,2,2,,2,1,,1,2,,1,1,1,1,1,2,2,2,2,,,,,,,,,,1,2,,,,,,,,,,,,,1,1
2024,"Viet Nam","VNM","East Asia & Pacific (excluding high income)",76663207,140228224,2.96091873755317,2,59,3,5,1,2,1,1,1,1,0,1,4,1,4,1,1,1,1,1,1,1,1,1,1,,1,1,1,2,,,,,,,,,,,,,,,,,,,,,,,,,1,1,1,1,1,1,,1,2,,2,2,2,2,2,2,2,,,2,1,3,4,2,,,,1,1,1,,1,1,3,1,1,2,,2,1,1,1,,,2,,,,,,,,,1,2,2,1,,,2,2,,1,1,1,,,1,3,1,1,,,,,,,,,,,,,,1,,1,1,,1,,1,1,1,1,2,1,2,2,1,,1,1,1,,1,1,1,1,2,1,1,2,,,,,,,,,,1,2,,,,,,,,,,,,,1,1
2024,"Viet Nam","VNM","East Asia & Pacific (excluding high income)",76663207,140438923,0.903913574376687,2,53,1,1,1,1,1,0,1,0,1,0,4,4,4,4,0,1,2,1,2,,,,,,,,,,,,,,,,,,,,,,,,,,,,,,,,,,2,,2,,,,2,2,2,,2,,2,,2,1,2,,,1,4,3,3,2,,,,,,,,,,,1,2,2,,2,1,1,2,1,,2,,,,,,,,,2,2,,,,,,,,2,,,,,,1,0,1,,,,,,,,,,,,,,2,2,1,2,,2,,,2,2,,2,2,,2,2,2,,,,,,,,,,,,,2,2,2,2,2,2,2,2,,1,2,,,,,,,,,,,,,2,
2024,"Viet Nam","VNM","East Asia & Pacific (excluding high income)",76663207,140448616,0.705031750571792,1,18,2,3,1,1,0,0,0,0,1,1,4,4,4,4,0,2,3,0,2,,,,,,,,,,2,2,2,2,2,2,2,1,2,,,,,,,,,,,,,,,,2,,2,,,,1,2,2,,2,,1,,2,2,2,,,,2,1,2,2,,,,,,,,,,,2,,2,,2,1,2,2,,1,2,,,,,,,,,2,2,,,,,,,,2,,,,,,4,1,1,,,,,,,,,,,,,,1,,2,1,,1,,1,1,1,1,1,2,,2,1,,1,1,2,,1,1,1,1,1,2,2,2,,,,,,,,,,1,2,,,,,,,,,,,,,2,
2024,"Viet Nam","VNM","East Asia & Pacific (excluding high income)",76663207,140513787,1.59790863548496,1,60,2,3,1,1,0,0,0,0,0,1,4,4,4,4,0,2,3,0,2,,,,,,,,,,2,2,2,2,2,2,2,1,2,,,,,,,,,,,,,,,,2,,2,,,,1,2,2,,2,,2,,2,2,2,,,2,1,3,3,2,,,,,,,,,,,2,,2,,2,1,2,2,,1,2,,,,,,,,,2,2,,,,,,,,2,,,,,,1,0,1,,,,,,,,,,,,,,2,2,1,1,,2,,,2,2,,2,2,,2,2,2,,,,,,,,,,,,,2,2,2,1,2,2,2,1,8,1,2,,,,,,,,,,,,,2,
2024,"Viet Nam","VNM","East Asia & Pacific (excluding high income)",76663207,140589547,1.26433289537119,2,45,2,5,1,1,1,1,1,1,1,1,1,4,4,4,1,4,2,1,1,1,2,2,1,,1,1,1,1,,,,,,,,,,,,,,,,,,,,,,,,,1,2,2,5,2,2,,1,2,,2,2,2,,2,2,2,1,1,,4,3,3,2,,,,2,1,2,,2,1,3,1,2,2,,2,2,,,,,1,2,1,1,,,2,2,,2,2,,,,,,,,2,,,,,,3,1,1,,,,,,,,,,,,,,1,,1,1,,1,,1,1,2,,2,2,,2,1,,1,1,3,,1,2,1,1,2,2,2,2,,,,,,,,,,1,2,,,,,,,,,,,,,1,2
2024,"Viet Nam","VNM","East Asia & Pacific (excluding high income)",76663207,140745553,1.10300954158449,1,20,2,1,1,1,1,1,1,1,0,0,1,4,4,1,1,1,1,1,1,1,1,3,3,1,2,1,1,2,,,,,,,,,,,,,,,,,,,,,,,,,2,,2,,,,2,2,2,,2,,2,,2,2,2,,,2,3,2,3,2,,,,2,2,,4,1,1,3,1,1,1,1,2,1,1,1,,,1,2,1,1,,,2,1,,2,2,,,,,,,,1,1,1,,,2,3,1,1,,,,,,,,,,,,,,1,,1,1,,1,,1,1,1,1,2,2,,2,1,,1,1,3,,1,1,1,1,2,2,2,2,,,,,,,,,,1,2,,,,,,,,,,,,,2,
2024,"Viet Nam","VNM","East Asia & Pacific (excluding high income)",76663207,140747068,0.323514606997324,1,35,1,5,1,2,1,1,1,1,0,1,1,4,4,4,1,4,3,1,1,1,1,2,1,,1,1,1,2,,,,,,,,,,,,,,,,,,,,,,,,,1,1,2,2,1,2,,2,2,,2,2,2,,2,2,2,,,2,1,3,3,2,,,,2,1,1,,1,1,2,2,,2,,2,2,,,,,1,2,1,1,,,2,2,,2,2,,,,,,,,2,,,,,,4,1,1,,,,,,,,,,,,,,1,,1,1,,1,,1,1,1,1,2,2,,2,1,,1,1,3,,2,1,1,1,2,2,2,1,,,,,,,,,,1,2,,,,,,,,,,,,,1,2
2024,"Viet Nam","VNM","East Asia & Pacific (excluding high income)",76663207,140764696,0.318815653569191,2,41,1,2,1,1,1,0,1,0,1,0,1,4,4,4,0,2,3,1,1,2,1,2,2,,1,2,2,2,,,,,,,,,,,,,,,,,,,,,,,,,2,,2,,,,2,1,2,,2,,1,,2,2,2,,,,2,2,3,2,,,,2,2,,4,2,1,2,2,,2,,2,1,2,2,,1,1,2,1,2,,,2,2,,2,2,,,,,,,,2,,,,,,4,1,1,,,,,,,,,,,,,,1,,1,1,,1,,1,1,2,,2,2,,1,1,,1,1,1,,1,1,1,2,2,2,2,2,,,,,,,,,,1,2,,,,,,,,,,,,,2,
2024,"Viet Nam","VNM","East Asia & Pacific (excluding high income)",76663207,140897332,0.986784731944138,1,62,2,2,2,2,0,0,0,0,0,0,4,4,4,4,0,4,3,0,2,,,,,,,,,,2,2,2,2,2,2,2,1,2,,,,,,,,,,,,,,,,2,,2,,,,2,2,2,,2,,2,,2,2,2,,,2,2,3,4,2,,,,,,,,,,,2,,2,,2,2,,,,,2,,,,,,,,,2,2,,,,,,,,2,,,,,,7,1,1,,,,,,,,,,,,,,1,,1,1,,2,,,2,2,,2,2,,2,1,,1,2,,1,2,2,1,1,2,2,2,2,,,,,,,,,,1,2,,,,,,,,,,,,,3,
2024,"Viet Nam","VNM","East Asia & Pacific (excluding high income)",76663207,140944214,0.563742110748671,1,40,2,5,1,1,1,0,1,1,1,1,4,4,4,2,1,1,3,1,1,1,1,1,1,,1,1,1,2,,,,,,,,,,,,,,,,,,,,,,,,,1,,2,2,1,1,,2,2,,2,,1,,2,2,2,,,,1,3,4,1,2,2,2,2,1,2,,1,1,2,2,,2,,2,1,2,1,,,2,,,,,,,,,2,2,,,,,,,,1,2,2,1,,1,3,1,1,,,,,,,,,,,,,,1,,1,1,,1,,1,1,1,1,2,2,,2,1,,1,1,3,,1,1,1,1,1,2,2,2,,,,,,,,,,1,2,,,,,,,,,,,,,1,2
2024,"Viet Nam","VNM","East Asia & Pacific (excluding high income)",76663207,141007702,0.563742110748671,1,35,2,3,1,1,1,0,1,1,0,1,4,4,4,4,1,1,3,1,1,1,2,2,2,,1,1,1,2,,,,,,,,,,,,,,,,,,,,,,,,,1,,2,3,2,1,,2,2,,2,,2,,2,2,2,,,2,1,3,4,2,,,,1,1,2,,1,1,3,2,,2,,2,1,1,1,,,2,,,,,,,,,2,2,,,,,,,,2,,,,,,3,1,1,,,,,,,,,,,,,,1,,1,1,,1,,1,4,2,,2,2,,2,1,,1,1,3,,1,1,1,1,2,2,2,2,,,,,,,,,,1,2,,,,,,,,,,,,,1,2
2024,"Viet Nam","VNM","East Asia & Pacific (excluding high income)",76663207,141031459,0.492961356313086,2,21,2,4,1,1,1,1,1,1,0,1,1,4,4,4,1,4,3,1,1,1,1,2,1,,1,1,1,2,,,,,,,,,,,,,,,,,,,,,,,,,1,2,2,2,2,2,,2,2,,2,2,2,,2,2,2,,,2,3,2,4,2,,,,1,1,2,,1,1,3,2,,2,,2,2,,,,,1,2,1,1,,,2,2,,2,2,,,,,,,,2,,,,,,4,1,1,,,,,,,,,,,,,,1,,1,1,,1,,2,1,1,1,1,2,,2,1,,1,1,3,,1,1,1,1,1,2,2,2,,,,,,,,,,1,2,,,,,,,,,,,,,1,2
2024,"Viet Nam","VNM","East Asia & Pacific (excluding high income)",76663207,141119584,0.286364974009432,1,38,2,2,1,2,1,0,1,1,0,1,4,4,4,4,0,4,1,1,1,1,2,2,2,,2,1,1,2,,,,,,,,,,,,,,,,,,,,,,,,,1,,2,3,2,2,,2,2,,2,,2,,2,2,2,,,2,3,2,3,2,,,,2,2,,1,2,1,2,1,1,2,,2,2,,,,,2,,,,,,,,,2,2,,,,,,,,2,,,,,,3,1,1,,,,,,,,,,,,,,1,,1,1,,1,,1,1,1,1,2,2,,2,1,,1,1,3,,1,1,1,1,2,2,2,2,,,,,,,,,,1,2,,,,,,,,,,,,,2,
2024,"Viet Nam","VNM","East Asia & Pacific (excluding high income)",76663207,141153394,0.283457170379504,1,37,2,3,1,1,1,0,1,0,0,1,4,4,4,4,0,2,1,1,2,2,2,3,3,1,1,1,1,2,,,,,,,,,,,,,,,,,,,,,,,,,1,,2,3,1,1,,2,2,,2,,2,,2,2,2,,,2,1,3,4,2,,,,2,2,,4,2,2,,1,1,1,2,1,1,2,2,,1,2,,,,,,,,,2,2,,,,,,,,2,,,,,,3,1,1,,,,,,,,,,,,,,1,,1,4,1,1,,1,1,1,1,2,2,,2,1,,1,1,3,,1,1,1,1,2,2,2,2,,,,,,,,,,1,2,,,,,,,,,,,,,1,2
2024,"Viet Nam","VNM","East Asia & Pacific (excluding high income)",76663207,141182482,0.850371511138512,1,37,2,5,1,1,1,1,1,1,0,1,1,4,4,4,1,1,3,1,1,1,2,3,2,,1,1,2,2,,,,,,,,,,,,,,,,,,,,,,,,,1,1,1,3,1,1,,1,2,,2,2,2,2,2,2,2,,,2,1,2,4,1,1,2,2,1,1,1,,1,1,1,2,,2,,2,1,2,1,,,1,2,2,1,,,2,2,,2,2,,,,,,,,2,,,,,,4,1,1,,,,,,,,,,,,,,1,,2,1,,1,,1,1,1,1,2,2,,2,1,,1,1,1,,2,1,1,1,2,2,2,2,,,,,,,,,,1,2,,,,,,,,,,,,,1,1
2024,"Viet Nam","VNM","East Asia & Pacific (excluding high income)",76663207,141417767,0.758402776374282,1,19,2,5,2,2,1,1,1,1,0,1,4,4,4,4,1,4,3,1,1,1,2,2,1,,1,1,1,1,,,,,,,,,,,,,,,,,,,,,,,,,1,1,2,3,2,2,,2,2,,2,2,2,,2,2,2,2,,2,2,2,3,2,,,,1,1,1,,2,1,3,2,,2,,2,2,,,,,2,,,,,,,,,2,2,,,,,,,,2,,,,,,5,1,1,,,,,,,,,,,,,,1,,1,1,,1,,2,1,1,1,2,2,,2,1,,1,1,3,,1,1,1,1,2,2,2,2,,,,,,,,,,1,2,,,,,,,,,,,,,1,1
2024,"Viet Nam","VNM","East Asia & Pacific (excluding high income)",76663207,141423149,0.574029455010427,1,28,2,3,1,2,1,1,1,1,0,1,1,4,4,4,1,1,3,1,1,1,1,2,2,,1,1,1,2,,,,,,,,,,,,,,,,,,,,,,,,,1,,2,3,1,2,,2,2,,2,,2,,2,2,2,,,2,1,3,4,2,,,,1,1,2,,1,2,,2,,2,,2,1,1,1,,,1,2,2,1,,,2,2,,2,2,,,,,,,,2,,,,,,1,1,1,,,,,,,,,,,,,,1,,2,1,,1,,1,1,1,1,2,2,,2,1,,1,1,3,,1,1,1,1,2,2,2,2,,,,,,,,,,1,2,,,,,,,,,,,,,1,1
2024,"Viet Nam","VNM","East Asia & Pacific (excluding high income)",76663207,141522099,1.08174302991671,2,31,2,2,1,1,0,0,0,0,0,0,2,4,4,2,0,2,3,0,2,,,,,,,,,,2,2,2,2,2,2,2,2,2,,,,,,,,,,,,,,,,2,,2,,,,2,2,2,,2,,2,,2,2,2,,,2,2,1,2,2,,,,,,,,,,,2,,2,,2,1,2,2,,1,1,2,2,2,1,,,,,2,2,,,,,,,,1,2,2,1,,1,1,1,1,,,,,,,,,,,,,,1,,1,1,,1,,1,1,1,2,2,2,,2,1,,1,2,,1,1,1,1,1,2,2,2,2,,,,,,,,,,1,2,,,,,,,,,,,,,1,1
2024,"Viet Nam","VNM","East Asia & Pacific (excluding high income)",76663207,141658033,0.934782226370782,1,22,2,3,1,1,1,1,1,1,1,1,1,4,4,4,1,4,3,1,1,1,1,2,2,,1,1,1,2,,,,,,,,,,,,,,,,,,,,,,,,,1,2,2,3,1,2,,2,2,,1,2,1,,2,2,2,,,,3,3,4,2,,,,1,1,1,,2,1,3,2,,2,,2,2,,,,,1,2,1,1,,,2,2,,2,2,,,,,,,,2,,,,,,3,1,1,,,,,,,,,,,,,,1,,1,1,,1,,1,4,1,2,2,2,,2,1,,1,1,3,,1,1,1,1,1,2,2,2,,,,,,,,,,1,2,,,,,,,,,,,,,1,2
2024,"Viet Nam","VNM","East Asia & Pacific (excluding high income)",76663207,141698056,2.94580916281643,2,67,2,1,1,2,0,0,0,0,0,0,4,4,4,2,0,2,3,0,2,,,,,,,,,,2,2,2,2,2,2,2,1,2,,,,,,,,,,,,,,,,2,,2,,,,2,2,2,,2,,2,,2,2,2,,,2,2,3,5,2,,,,,,,,,,,2,,2,,2,1,2,2,,1,2,,,,,,,,,2,2,,,,,,,,1,2,2,1,,2,3,0,1,,,,,,,,,,,,,,2,2,1,1,,2,,,8,2,,2,2,,2,2,2,,,,,,,,,,,,,2,2,2,1,2,2,2,1,4,1,2,,,,,,,,,,,,,2,
2024,"Viet Nam","VNM","East Asia & Pacific (excluding high income)",76663207,141749610,0.257157228928712,1,41,1,1,1,1,1,1,1,1,0,1,4,4,4,1,1,1,3,1,1,1,2,1,3,,1,1,1,2,,,,,,,,,,,,,,,,,,,,,,,,,1,,2,2,1,1,,1,2,,2,,2,,2,2,2,,,2,1,1,4,2,,,,2,1,1,,2,1,3,2,,2,,2,1,1,1,,,2,,,,,,,,,2,2,,,,,,,,1,2,1,,,2,4,1,1,,,,,,,,,,,,,,1,,1,1,,2,,,1,1,2,2,2,,2,1,,1,1,3,,2,1,1,1,1,2,2,2,,,,,,,,,,1,2,,,,,,,,,,,,,1,2
2024,"Viet Nam","VNM","East Asia & Pacific (excluding high income)",76663207,141777653,2.01032817362331,1,20,2,1,1,1,1,0,1,1,1,1,1,4,4,4,1,4,2,1,1,1,1,2,2,,1,1,1,2,,,,,,,,,,,,,,,,,,,,,,,,,1,,2,2,1,1,,2,2,,2,,1,,1,2,2,,,,2,1,4,2,,,,1,1,2,,1,2,,2,,1,2,2,2,,,,,1,2,1,2,,,2,2,,2,2,,,,,,,,2,,,,,,3,1,1,,,,,,,,,,,,,,1,,2,1,,1,,1,2,1,1,1,1,2,2,1,,1,1,3,,1,1,1,1,2,2,1,1,,,,,,,,,,1,2,,,,,,,,,,,,,3,
2024,"Viet Nam","VNM","East Asia & Pacific (excluding high income)",76663207,141968275,0.940042334095723,1,16,2,3,2,1,0,0,0,0,0,0,4,4,4,2,0,2,3,0,2,,,,,,,,,,2,2,2,2,2,1,1,1,2,,,,,,,,,,,,,,,,2,,2,,,,2,2,2,,2,,2,,2,2,2,,,2,2,2,2,1,2,2,,,,,,,,,2,,2,,2,1,2,2,,1,2,,,,,,,,,2,2,,,,,,,,1,2,2,1,,2,3,1,1,,,,,,,,,,,,,,1,,2,1,,1,,1,1,1,1,2,1,2,2,1,,1,1,3,,1,1,1,1,1,2,2,2,,,,,,,,,,1,2,,,,,,,,,,,,,2,
2024,"Viet Nam","VNM","East Asia & Pacific (excluding high income)",76663207,141970530,1.14239794876533,1,72,1,1,2,1,0,0,0,0,1,0,4,4,4,4,0,4,3,0,2,,,,,,,,,,2,2,2,2,2,2,2,2,2,,,,,,,,,,,,,,,,2,,2,,,,2,1,2,,2,,1,,2,2,2,,,,2,1,4,2,,,,,,,,,,,2,,2,,2,2,,,,,2,,,,,,,,,2,2,,,,,,,,2,,,,,,4,0,1,,,,,,,,,,,,,,2,2,2,7,1,2,,,2,2,,2,2,,2,2,2,,,,,,,,,,,,,2,2,2,2,2,2,2,2,,1,2,,,,,,,,,,,,,2,
2024,"Viet Nam","VNM","East Asia & Pacific (excluding high income)",76663207,142147801,0.89187535134596,2,41,2,5,1,1,1,1,1,1,0,1,4,4,4,1,1,4,3,1,1,1,2,1,1,,1,1,1,2,,,,,,,,,,,,,,,,,,,,,,,,,1,,2,2,1,1,,2,2,,2,,2,,2,2,2,,,2,1,3,4,2,,,,2,1,1,,1,2,,2,,2,,2,2,,,,,2,,,,,,,,,2,2,,,,,,,,1,1,1,,,1,3,1,1,,,,,,,,,,,,,,1,,1,1,,1,,1,3,1,1,2,2,,2,1,,1,1,3,,2,2,1,1,2,2,2,2,,,,,,,,,,1,2,,,,,,,,,,,,,1,1
2024,"Viet Nam","VNM","East Asia & Pacific (excluding high income)",76663207,142460492,1.92422847727614,2,70,2,1,1,1,0,0,0,0,0,1,4,4,4,2,0,4,3,0,2,,,,,,,,,,2,2,2,1,2,2,2,1,2,,,,,,,,,,,,,,,,2,,2,,,,1,2,2,,2,,2,,2,2,2,,,2,2,3,4,2,,,,,,,,,,,2,,2,,2,2,,,,,2,,,,,,,,,2,2,,,,,,,,1,2,2,1,,2,1,0,1,,,,,,,,,,,,,,2,2,1,1,,2,,,2,2,,2,2,,2,2,2,,,,,,,,,,,,,1,2,2,1,2,2,2,1,8,1,2,,,,,,,,,,,,,2,
2024,"Viet Nam","VNM","East Asia & Pacific (excluding high income)",76663207,142640941,1.83468359735209,1,55,2,1,1,1,0,0,0,0,1,0,4,4,4,2,0,2,3,0,2,,,,,,,,,,2,2,2,2,2,2,1,1,3,,,,,,,,,,,,,,,,2,,2,,,,2,2,2,,2,,1,,1,2,1,,,,2,2,2,2,,,,,,,,,,,2,,2,,2,1,2,2,,1,2,,,,,,,,,2,2,,,,,,,,1,2,2,1,,2,3,0,1,,,,,,,,,,,,,,2,2,1,1,,2,,,3,2,,2,2,,2,2,2,,,,,,,,,,,,,2,2,2,1,2,2,2,1,4,1,2,,,,,,,,,,,,,2,
2024,"Viet Nam","VNM","East Asia & Pacific (excluding high income)",76663207,142714255,0.409977383644159,2,46,1,1,1,2,1,0,1,1,0,0,4,4,4,4,0,4,3,0,1,1,2,2,1,,1,1,1,2,,,,,,,,,,,,,,,,,,,,,,,,,2,,2,,,,2,2,2,,2,,2,,2,2,2,,,2,2,2,3,1,1,2,2,2,2,,4,2,2,,2,,2,,2,2,,,,,2,,,,,,,,,2,2,,,,,,,,2,,,,,,1,1,1,,,,,,,,,,,,,,1,,1,1,,1,,1,1,1,1,2,2,,2,1,,1,1,3,,2,1,1,1,2,2,2,2,,,,,,,,,,1,2,,,,,,,,,,,,,1,2
2024,"Viet Nam","VNM","East Asia & Pacific (excluding high income)",76663207,142791060,0.461621787780414,1,19,2,5,1,1,1,1,1,1,1,0,1,4,4,4,1,1,1,1,1,1,1,2,2,,2,1,1,2,,,,,,,,,,,,,,,,,,,,,,,,,2,2,2,,,,2,2,2,,2,2,1,,2,2,2,,,,2,1,5,2,,,,2,1,1,,1,1,3,2,,1,1,2,1,1,1,,,1,2,1,2,,,2,2,,2,2,,,,,,,,2,,,,,,3,1,1,,,,,,,,,,,,,,1,,1,1,,1,,1,4,1,1,2,2,,2,1,,1,1,2,,1,1,1,1,2,2,2,2,,,,,,,,,,1,2,,,,,,,,,,,,,1,2
2024,"Viet Nam","VNM","East Asia & Pacific (excluding high income)",76663207,142834035,1.68577719382826,2,54,2,1,1,1,1,1,1,1,1,1,4,4,4,1,1,2,2,1,1,1,2,1,1,,1,1,1,2,,,,,,,,,,,,,,,,,,,,,,,,,1,,2,2,1,2,,2,2,,2,,1,,2,1,2,,,,2,3,4,2,,,,1,1,1,,1,1,3,1,2,1,2,2,1,2,2,,1,2,,,,,,,,,2,2,,,,,,,,1,1,1,,,1,3,1,1,,,,,,,,,,,,,,1,,1,1,,1,,1,1,2,,2,2,,2,1,,1,1,3,,1,1,1,1,2,2,2,2,,,,,,,,,,1,2,,,,,,,,,,,,,1,1
2024,"Viet Nam","VNM","East Asia & Pacific (excluding high income)",76663207,143011251,2.96091873755317,2,64,2,1,1,2,0,0,0,0,0,1,2,4,4,4,0,2,3,0,2,,,,,,,,,,2,1,2,2,2,2,2,1,1,,,,,,,,,,,,,,,,2,,2,,,,1,1,2,,2,,2,,2,2,2,,,2,1,2,4,2,,,,,,,,,,,2,,2,,2,1,2,2,,1,1,2,2,2,1,,,,,2,2,,,,,,,,2,,,,,,3,1,1,,,,,,,,,,,,,,1,,1,1,,2,,,1,1,1,2,2,,2,1,,1,1,4,,2,2,1,2,2,2,2,2,,,,,,,,,,1,2,,,,,,,,,,,,,1,2
2024,"Viet Nam","VNM","East Asia & Pacific (excluding high income)",76663207,143015882,0.68496104242301,2,16,2,5,2,2,0,0,0,0,0,0,4,4,4,4,0,4,3,0,2,,,,,,,,,,2,2,2,2,2,2,2,1,2,,,,,,,,,,,,,,,,2,,2,,,,2,2,2,,2,,2,,2,2,2,,,2,7,,5,2,,,,,,,,,,,2,,2,,2,2,,,,,2,,,,,,,,,2,2,,,,,,,,2,,,,,,3,1,1,,,,,,,,,,,,,,1,,1,1,,1,,1,4,1,1,2,2,,2,1,,1,2,,1,1,1,1,2,2,2,2,2,,,,,,,,,,1,2,,,,,,,,,,,,,1,2
2024,"Viet Nam","VNM","East Asia & Pacific (excluding high income)",76663207,143130696,0.986784731944138,1,57,2,5,2,2,0,0,0,0,0,1,4,4,4,4,0,2,3,0,2,,,,,,,,,,2,2,2,2,2,2,2,2,2,,,,,,,,,,,,,,,,2,,2,,,,1,2,2,,2,,2,,2,2,2,,,2,1,3,4,2,,,,,,,,,,,2,,2,,2,1,2,2,,1,2,,,,,,,,,2,2,,,,,,,,2,,,,,,3,1,1,,,,,,,,,,,,,,1,,1,1,,1,,2,1,2,,2,2,,2,1,,1,1,1,,2,1,1,1,2,2,2,2,,,,,,,,,,1,2,,,,,,,,,,,,,1,2
2024,"Viet Nam","VNM","East Asia & Pacific (excluding high income)",76663207,143137474,0.582884053402479,1,16,2,2,2,1,0,0,0,0,0,0,4,4,4,4,0,4,3,0,2,,,,,,,,,,2,2,1,2,2,2,2,1,2,,,,,,,,,,,,,,,,2,,2,,,,2,2,2,,2,,2,,2,2,2,,,2,2,2,2,2,,,,,,,,,,,2,,2,,2,2,,,,,2,,,,,,,,,2,2,,,,,,,,2,,,,,,5,1,1,,,,,,,,,,,,,,1,,1,1,,1,,1,1,1,1,2,2,,2,1,,1,1,3,,1,1,1,1,2,2,2,2,,,,,,,,,,1,2,,,,,,,,,,,,,1,2
2024,"Viet Nam","VNM","East Asia & Pacific (excluding high income)",76663207,143366386,0.689691044464697,2,39,2,4,1,2,1,1,1,1,0,1,1,4,4,4,1,2,3,1,2,1,1,2,1,,1,1,1,2,,,,,,,,,,,,,,,,,,,,,,,,,1,2,2,2,1,2,,1,2,,2,2,2,,2,2,2,,,2,3,3,3,2,,,,1,1,2,,1,1,2,2,,2,,2,1,2,2,,1,1,2,1,1,,,1,2,,2,2,,,,,,,,2,,,,,,3,1,1,,,,,,,,,,,,,,1,,1,1,,1,,1,1,1,1,2,2,,2,1,,1,1,3,,2,2,1,1,2,2,2,2,,,,,,,,,,1,2,,,,,,,,,,,,,1,1
2024,"Viet Nam","VNM","East Asia & Pacific (excluding high income)",76663207,143560158,0.857720557538932,2,16,2,5,1,2,1,1,1,1,0,0,4,4,4,4,1,4,3,1,1,1,1,2,2,,1,1,1,2,,,,,,,,,,,,,,,,,,,,,,,,,2,2,2,,,,2,2,2,,2,2,2,,2,2,2,,,2,2,2,4,2,,,,2,1,2,,1,2,,2,,2,,2,2,,,,,2,,,,,,,,,2,2,,,,,,,,2,,,,,,3,1,1,,,,,,,,,,,,,,1,,1,1,,1,,1,1,1,1,2,2,,2,1,,1,1,3,,2,1,1,1,2,2,2,2,,,,,,,,,,1,2,,,,,,,,,,,,,2,
2024,"Viet Nam","VNM","East Asia & Pacific (excluding high income)",76663207,143674471,1.78402376470448,2,40,2,2,1,2,0,0,0,0,0,1,4,4,4,4,0,2,3,0,2,,,,,,,,,,2,1,1,2,2,2,2,1,2,,,,,,,,,,,,,,,,2,,2,,,,1,2,2,,2,,2,,2,2,2,,,2,1,3,4,2,,,,,,,,,,,2,,2,,2,1,2,2,,1,2,,,,,,,,,2,2,,,,,,,,2,,,,,,5,1,1,,,,,,,,,,,,,,1,,1,1,,1,,1,1,1,1,2,2,,2,1,,1,1,3,,1,1,1,1,2,2,2,2,,,,,,,,,,1,2,,,,,,,,,,,,,1,2
2024,"Viet Nam","VNM","East Asia & Pacific (excluding high income)",76663207,143692515,0.341538622075013,2,24,2,4,1,1,1,0,1,1,1,1,4,4,4,4,0,2,1,1,1,1,2,1,1,,1,2,1,2,,,,,,,,,,,,,,,,,,,,,,,,,2,,2,,,,1,2,2,,2,,1,,2,2,2,,,,3,3,3,2,,,,2,2,,4,2,1,2,1,1,1,1,2,1,2,2,,1,2,,,,,,,,,2,2,,,,,,,,2,,,,,,2,1,1,,,,,,,,,,,,,,1,,1,1,,1,,1,1,1,1,2,2,,2,1,,1,1,3,,1,1,1,1,1,2,1,2,,,,,,,,,,1,2,,,,,,,,,,,,,2,
2024,"Viet Nam","VNM","East Asia & Pacific (excluding high income)",76663207,143700562,2.96091873755317,2,60,2,2,1,2,0,0,0,0,1,1,4,4,4,4,0,2,3,0,2,,,,,,,,,,2,2,2,2,2,1,2,1,2,,,,,,,,,,,,,,,,1,,2,3,2,2,,2,2,,2,,1,,2,2,2,,,,2,1,2,2,,,,,,,,,,,2,,2,,2,1,2,2,,1,2,,,,,,,,,2,2,,,,,,,,2,,,,,,4,0,1,,,,,,,,,,,,,,2,2,2,1,,1,,2,1,2,,2,2,,2,2,2,,,,,,,,,,,,,1,2,2,2,2,1,2,1,1,2,,1,2,2,2,1,2,2,2,1,1,2,2,2,
2024,"Viet Nam","VNM","East Asia & Pacific (excluding high income)",76663207,143734574,0.729981221526654,2,41,3,5,1,1,1,1,1,1,0,0,1,4,4,2,1,1,1,1,1,1,1,2,1,,1,1,2,2,,,,,,,,,,,,,,,,,,,,,,,,,2,2,2,,,,2,2,2,,2,2,2,,2,2,2,,,2,3,3,3,2,,,,2,2,,1,1,1,3,1,2,1,1,2,1,1,1,,,1,1,1,1,,,2,2,,2,2,,,,,,,,1,2,2,1,,1,3,1,1,,,,,,,,,,,,,,1,,1,1,,1,,1,1,1,1,2,2,,2,1,,1,1,3,,2,1,1,1,1,2,1,2,,,,,,,,,,1,2,,,,,,,,,,,,,1,1
2024,"Viet Nam","VNM","East Asia & Pacific (excluding high income)",76663207,143810224,0.375311799842289,1,45,1,1,2,1,0,0,0,0,1,0,4,4,4,4,0,2,3,0,2,,,,,,,,,,2,2,2,1,2,2,2,2,2,,,,,,,,,,,,,,,,2,,2,,,,2,2,2,,2,,1,,2,2,2,,,,2,2,1,2,,,,,,,,,,,2,,2,,2,1,2,2,,1,2,,,,,,,,,2,2,,,,,,,,2,,,,,,5,1,1,,,,,,,,,,,,,,1,,1,1,,1,,1,1,2,,2,2,,2,1,,1,1,3,,1,1,1,1,2,2,2,2,,,,,,,,,,1,2,,,,,,,,,,,,,2,
2024,"Viet Nam","VNM","East Asia & Pacific (excluding high income)",76663207,144232312,1.05456525803642,1,38,2,2,1,1,1,1,1,1,1,1,4,4,4,2,1,1,2,1,1,1,2,4,3,2,1,1,1,2,,,,,,,,,,,,,,,,,,,,,,,,,1,1,1,3,1,1,,2,2,,2,2,2,1,2,2,2,,,,1,3,4,2,,,,2,2,,4,1,1,1,2,,1,2,2,1,1,1,,,2,,,,,,,,,2,2,,,,,,,,1,2,2,1,,2,2,1,1,,,,,,,,,,,,,,1,,1,1,,1,,1,1,1,1,2,1,2,2,1,,1,1,3,,1,1,1,2,2,2,2,2,,,,,,,,,,1,2,,,,,,,,,,,,,1,1
2024,"Viet Nam","VNM","East Asia & Pacific (excluding high income)",76663207,144258372,1.27514309748083,2,24,2,5,1,1,1,1,1,1,0,1,1,4,4,4,1,4,3,1,1,1,1,2,2,,1,1,1,2,,,,,,,,,,,,,,,,,,,,,,,,,1,,2,2,2,2,,2,2,,2,,2,,2,2,2,,,2,2,1,2,2,,,,2,1,2,,2,1,2,2,,2,,2,2,,,,,1,2,1,1,,,1,2,,2,2,,,,,,,,2,,,,,,3,1,1,,,,,,,,,,,,,,1,,1,1,,1,,1,1,2,,2,2,,2,1,,1,1,3,,1,1,1,1,2,2,2,2,,,,,,,,,,1,2,,,,,,,,,,,,,1,2
2024,"Viet Nam","VNM","East Asia & Pacific (excluding high income)",76663207,144349370,2.56563796970152,2,70,2,3,2,1,0,0,0,0,0,1,4,2,2,4,0,4,2,0,2,,,,,,,,,,2,2,2,2,2,2,2,1,2,,,,,,,,,,,,,,,,2,,2,,,,1,2,2,,2,,2,,2,2,2,,,2,2,2,4,2,,,,,,,,,,,2,,1,2,1,2,,,,,2,,,,,,,,,1,1,2,2,1,,,,,2,,,,,,3,0,1,,,,,,,,,,,,,,2,2,2,1,,2,,,3,2,,2,2,,2,2,2,,,,,,,,,,,,,2,2,2,1,2,2,2,1,4,1,2,,,,,,,,,,,,,2,
2024,"Viet Nam","VNM","East Asia & Pacific (excluding high income)",76663207,144836793,0.257628905747886,1,41,1,5,2,1,0,0,0,0,0,0,4,4,4,4,0,2,3,0,2,,,,,,,,,,2,2,1,2,2,2,1,2,2,,,,,,,,,,,,,,,,2,,2,,,,2,1,2,,2,,2,,2,2,2,,,2,2,2,3,2,,,,,,,,,,,2,,2,,2,1,2,2,,1,2,,,,,,,,,2,2,,,,,,,,2,,,,,,5,1,1,,,,,,,,,,,,,,1,,1,1,,1,,1,1,1,1,2,2,,2,1,,1,2,,1,1,1,1,1,2,1,2,2,,,,,,,,,,1,2,,,,,,,,,,,,,2,
2024,"Viet Nam","VNM","East Asia & Pacific (excluding high income)",76663207,144858969,0.904070843723421,1,52,2,3,1,1,0,0,0,0,0,1,4,4,4,2,0,2,3,0,2,,,,,,,,,,2,2,2,2,2,2,2,1,2,,,,,,,,,,,,,,,,2,,2,,,,1,1,2,,2,,2,,2,2,2,,,2,1,2,4,2,,,,,,,,,,,2,,2,,2,1,2,2,,1,2,,,,,,,,,2,2,,,,,,,,1,2,2,1,,2,3,1,1,,,,,,,,,,,,,,1,,1,1,,2,,,1,1,2,2,2,,2,1,,1,1,3,,2,1,1,1,2,2,2,2,,,,,,,,,,1,2,,,,,,,,,,,,,1,2
2024,"Viet Nam","VNM","East Asia & Pacific (excluding high income)",76663207,144935180,1.69733533732691,2,27,3,5,1,1,1,1,1,1,1,1,1,4,4,4,1,1,3,1,2,1,2,2,1,,1,1,1,2,,,,,,,,,,,,,,,,,,,,,,,,,1,1,1,2,2,2,,1,2,,2,2,1,1,2,2,2,,,,3,3,4,2,,,,1,1,2,,1,1,1,2,,2,,2,1,1,1,,,1,2,1,1,,,2,2,,2,2,,,,,,,,2,,,,,,3,1,1,,,,,,,,,,,,,,1,,1,1,,1,,1,1,1,1,2,2,,2,1,,1,1,1,,1,1,1,1,2,2,2,2,,,,,,,,,,1,2,,,,,,,,,,,,,1,1
2024,"Viet Nam","VNM","East Asia & Pacific (excluding high income)",76663207,145012658,1.4760270709894,1,58,2,5,1,2,1,0,1,0,0,0,4,4,4,4,0,2,3,0,1,2,2,4,3,2,2,1,2,2,,,,,,,,,,,,,,,,,,,,,,,,,2,,2,,,,2,2,2,,2,,2,,2,2,2,,,2,1,3,2,2,,,,2,2,,4,2,2,,2,,2,,2,1,2,2,,1,2,,,,,,,,,2,2,,,,,,,,2,,,,,,3,1,1,,,,,,,,,,,,,,1,,1,1,,1,,1,1,2,,2,2,,2,1,,1,1,3,,2,1,1,2,2,2,2,2,,,,,,,,,,1,2,,,,,,,,,,,,,2,
2024,"Viet Nam","VNM","East Asia & Pacific (excluding high income)",76663207,145034389,0.562840246334965,2,19,2,1,1,1,1,0,1,1,0,0,1,4,4,4,1,4,1,1,1,1,1,2,2,,1,1,1,2,,,,,,,,,,,,,,,,,,,,,,,,,2,,2,,,,2,2,2,,2,,2,,2,2,2,,,2,3,2,2,2,,,,2,1,2,,2,2,,2,,1,1,2,2,,,,,1,2,1,2,,,2,2,,2,2,,,,,,,,2,,,,,,3,1,1,,,,,,,,,,,,,,1,,1,1,,1,,1,4,1,1,2,2,,2,1,,1,1,3,,1,1,1,1,2,2,2,2,,,,,,,,,,1,2,,,,,,,,,,,,,1,2
2024,"Viet Nam","VNM","East Asia & Pacific (excluding high income)",76663207,145116018,0.846616823847742,2,37,2,2,1,1,1,1,1,1,0,0,1,4,4,4,0,1,3,1,1,1,1,2,2,,2,1,1,2,,,,,,,,,,,,,,,,,,,,,,,,,2,,2,,,,2,1,2,,2,,2,,2,2,2,,,2,2,2,3,2,,,,2,2,,4,2,2,,2,,2,,2,1,1,2,,,1,2,1,1,,,2,1,,2,2,,,,,,,,2,,,,,,4,1,1,,,,,,,,,,,,,,1,,1,1,,1,,1,1,2,,2,2,,2,1,,1,2,,1,1,1,1,2,2,2,2,2,,,,,,,,,,1,2,,,,,,,,,,,,,2,
2024,"Viet Nam","VNM","East Asia & Pacific (excluding high income)",76663207,145330626,0.960154484426295,1,35,2,3,1,2,1,1,1,1,1,0,1,4,4,4,1,1,1,1,1,1,1,2,1,,1,1,1,2,,,,,,,,,,,,,,,,,,,,,,,,,2,2,2,,,,2,2,2,,2,2,1,,2,2,1,,,,3,2,3,2,,,,1,1,1,,1,1,3,1,1,1,1,2,1,1,1,,,1,2,1,1,,,1,2,,2,2,,,,,,,,2,,,,,,3,1,1,,,,,,,,,,,,,,1,,1,1,,1,,1,1,1,1,2,2,,2,1,,1,1,1,,1,1,1,1,1,2,2,2,,,,,,,,,,1,2,,,,,,,,,,,,,1,2
2024,"Viet Nam","VNM","East Asia & Pacific (excluding high income)",76663207,145372757,1.68577719382826,2,48,2,4,1,2,1,0,1,1,0,1,4,4,4,4,1,4,3,1,1,1,2,1,1,,1,1,1,2,,,,,,,,,,,,,,,,,,,,,,,,,1,,2,3,1,1,,2,2,,2,,2,,2,2,2,,,2,1,3,4,2,,,,2,1,1,,1,2,,2,,2,,2,2,,,,,2,,,,,,,,,2,2,,,,,,,,2,,,,,,3,1,1,,,,,,,,,,,,,,1,,1,1,,1,,1,1,2,,2,2,,2,1,,1,2,,1,1,2,1,1,2,2,2,2,,,,,,,,,,1,2,,,,,,,,,,,,,1,2
2024,"Viet Nam","VNM","East Asia & Pacific (excluding high income)",76663207,145467188,0.568287634206467,1,34,3,4,1,1,1,1,1,1,1,1,1,4,4,4,1,2,1,1,1,1,2,2,1,,1,1,1,2,,,,,,,,,,,,,,,,,,,,,,,,,1,,2,2,1,2,,2,2,,2,,1,,2,2,2,,,,2,2,4,2,,,,1,1,1,,1,1,3,1,1,1,1,2,1,2,2,,1,1,2,1,1,,,2,2,,2,2,,,,,,,,2,,,,,,1,1,1,,,,,,,,,,,,,,1,,1,1,,1,,2,1,1,1,2,2,,2,1,,1,2,,1,1,1,1,1,2,2,2,2,,,,,,,,,,1,2,,,,,,,,,,,,,2,
2024,"Viet Nam","VNM","East Asia & Pacific (excluding high income)",76663207,145476704,0.686058586518264,1,39,2,3,1,2,1,1,1,1,0,1,1,4,4,4,1,1,3,1,1,1,1,2,1,,1,1,1,2,,,,,,,,,,,,,,,,,,,,,,,,,1,,2,2,2,1,,1,2,,2,,2,,2,2,2,,,2,1,3,4,2,,,,1,1,1,,1,1,3,2,,2,,2,1,1,1,,,1,2,1,1,,,1,2,,2,2,,,,,,,,2,,,,,,4,1,1,,,,,,,,,,,,,,1,,1,1,,2,,,3,2,,2,2,,2,1,,1,1,3,,1,1,1,1,2,2,2,2,,,,,,,,,,1,2,,,,,,,,,,,,,2,
2024,"Viet Nam","VNM","East Asia & Pacific (excluding high income)",76663207,145614610,0.851457544672011,1,35,3,3,1,1,1,1,1,1,0,1,1,4,4,2,1,1,3,1,1,1,2,1,1,,1,1,1,2,,,,,,,,,,,,,,,,,,,,,,,,,1,,2,2,2,1,,1,2,,2,,2,,2,2,2,,,2,1,3,4,2,,,,1,1,1,,1,1,3,2,,2,,2,1,1,1,,,1,2,1,1,,,1,2,,2,2,,,,,,,,1,2,2,1,,2,3,1,1,,,,,,,,,,,,,,1,,1,1,,1,,1,1,2,,2,2,,2,1,,1,1,3,,1,1,1,1,1,2,2,2,,,,,,,,,,1,2,,,,,,,,,,,,,1,2
2024,"Viet Nam","VNM","East Asia & Pacific (excluding high income)",76663207,145718926,1.08869732870534,2,48,2,2,1,2,1,1,1,1,1,1,1,4,4,4,1,4,3,1,1,1,1,2,1,,1,1,1,2,,,,,,,,,,,,,,,,,,,,,,,,,2,2,2,,,,1,2,2,,2,2,1,,2,2,2,,,,1,3,4,2,,,,1,1,2,,1,1,3,2,,2,,2,2,,,,,1,2,1,1,,,2,2,,2,2,,,,,,,,2,,,,,,3,1,1,,,,,,,,,,,,,,1,,1,1,,1,,1,4,1,1,2,2,,2,1,,3,1,3,,1,1,1,1,2,2,2,2,,,,,,,,,,1,2,,,,,,,,,,,,,1,2
2024,"Viet Nam","VNM","East Asia & Pacific (excluding high income)",76663207,146389092,0.934782226370782,1,18,2,3,2,1,0,0,0,0,0,0,4,4,4,4,0,4,3,0,2,,,,,,,,,,2,2,2,2,2,2,2,1,2,,,,,,,,,,,,,,,,2,,2,,,,2,2,2,,2,,2,,2,2,2,,,2,2,1,3,2,,,,,,,,,,,2,,2,,2,2,,,,,2,,,,,,,,,2,2,,,,,,,,2,,,,,,3,1,1,,,,,,,,,,,,,,1,,2,1,,1,,1,1,1,1,2,2,,2,1,,1,2,,2,1,1,1,1,1,2,2,2,,,,,,,,,,1,2,,,,,,,,,,,,,1,2
2024,"Viet Nam","VNM","East Asia & Pacific (excluding high income)",76663207,146458591,1.13657526841293,1,33,3,2,2,1,1,0,1,1,0,1,4,4,4,4,1,1,1,1,1,1,2,3,1,,1,1,1,2,,,,,,,,,,,,,,,,,,,,,,,,,1,,2,3,1,2,,2,2,,2,,2,,2,2,2,,,2,1,2,4,2,,,,1,1,1,,1,1,3,2,,1,1,2,1,1,1,,,2,,,,,,,,,2,2,,,,,,,,2,,,,,,4,1,1,,,,,,,,,,,,,,1,,1,1,,2,,,3,1,1,2,2,,2,1,,1,1,3,,2,1,1,1,2,2,2,2,,,,,,,,,,1,2,,,,,,,,,,,,,1,2
2024,"Viet Nam","VNM","East Asia & Pacific (excluding high income)",76663207,146581706,1.1116730073579,1,65,1,1,1,1,0,0,0,0,0,0,4,4,4,4,0,4,3,0,2,,,,,,,,,,2,2,2,2,2,2,2,2,2,,,,,,,,,,,,,,,,2,,2,,,,2,1,2,,2,,2,,2,2,2,,,2,2,1,3,2,,,,,,,,,,,2,,2,,2,2,,,,,2,,,,,,,,,2,2,,,,,,,,2,,,,,,4,0,1,,,,,,,,,,,,,,2,2,2,4,1,2,,,2,2,,2,2,,2,2,2,,,,,,,,,,,,,2,2,2,1,2,2,1,2,4,1,2,,,,,,,,,,,,,2,
2024,"Viet Nam","VNM","East Asia & Pacific (excluding high income)",76663207,146582534,0.563742110748671,1,39,2,5,1,1,1,0,1,1,0,1,1,4,4,4,1,1,3,1,1,1,1,2,1,,1,2,1,2,,,,,,,,,,,,,,,,,,,,,,,,,1,,2,3,2,1,,2,2,,2,,2,,2,2,2,,,2,1,3,4,2,,,,2,1,1,,1,1,3,2,,2,,2,1,1,1,,,1,2,1,2,,,2,2,,2,2,,,,,,,,2,,,,,,1,1,1,,,,,,,,,,,,,,1,,1,1,,1,,1,1,1,1,2,2,,2,1,,1,1,3,,1,1,1,2,2,2,2,2,,,,,,,,,,1,2,,,,,,,,,,,,,1,2
2024,"Viet Nam","VNM","East Asia & Pacific (excluding high income)",76663207,146637495,0.493751250616995,1,38,2,3,1,1,1,1,1,1,0,1,1,4,4,4,1,1,3,1,1,1,2,2,2,,1,1,1,2,,,,,,,,,,,,,,,,,,,,,,,,,1,,2,3,2,1,,2,2,,2,,2,,2,2,2,,,2,1,3,4,2,,,,2,1,2,,1,1,3,2,,2,,2,1,1,1,,,1,2,1,1,,,2,2,,2,2,,,,,,,,2,,,,,,3,1,1,,,,,,,,,,,,,,1,,1,1,,1,,1,1,2,,2,2,,2,1,,1,1,3,,1,1,1,1,2,2,2,2,,,,,,,,,,1,2,,,,,,,,,,,,,1,2
2024,"Viet Nam","VNM","East Asia & Pacific (excluding high income)",76663207,146648371,1.38251186531842,2,30,2,3,1,2,1,1,1,1,0,1,1,4,4,4,1,1,3,1,1,1,1,2,2,,1,1,1,2,,,,,,,,,,,,,,,,,,,,,,,,,1,,2,2,1,2,,2,2,,2,,2,,2,2,2,,,2,1,3,4,2,,,,2,1,2,,1,2,,2,,2,,2,1,1,1,,,1,2,1,1,,,1,1,,2,2,,,,,,,,2,,,,,,3,1,1,,,,,,,,,,,,,,1,,2,1,,1,,1,2,1,1,2,2,,2,1,,1,1,3,,1,2,1,1,2,2,2,2,,,,,,,,,,1,2,,,,,,,,,,,,,1,1
2024,"Viet Nam","VNM","East Asia & Pacific (excluding high income)",76663207,146722517,0.307794540331667,1,32,1,2,1,1,1,0,1,0,0,0,1,4,4,4,0,4,3,1,1,2,1,2,2,,2,2,2,2,,,,,,,,,,,,,,,,,,,,,,,,,2,,2,,,,2,1,2,,2,,2,,2,2,2,,,2,2,2,2,2,,,,2,2,,4,2,2,,2,,2,,2,2,,,,,1,2,1,2,,,2,1,,2,2,,,,,,,,2,,,,,,4,1,1,,,,,,,,,,,,,,1,,1,1,,1,,1,1,1,1,2,2,,2,1,,1,1,1,,1,1,1,1,2,2,2,2,,,,,,,,,,1,2,,,,,,,,,,,,,2,
2024,"Viet Nam","VNM","East Asia & Pacific (excluding high income)",76663207,146767564,1.20274016689047,2,33,2,2,1,2,1,0,1,1,0,1,2,4,4,4,0,2,2,0,1,1,1,2,2,,2,1,1,2,,,,,,,,,,,,,,,,,,,,,,,,,2,,2,,,,1,2,2,,2,,2,,2,2,2,,,2,1,3,1,2,,,,2,2,,4,2,2,,1,2,2,,2,1,2,2,,1,1,2,2,2,1,,,,,2,2,,,,,,,,2,,,,,,3,1,1,,,,,,,,,,,,,,1,,2,1,,1,,1,1,2,,2,2,,2,1,,1,2,,2,1,1,1,1,2,2,1,2,,,,,,,,,,1,2,,,,,,,,,,,,,2,
2024,"Viet Nam","VNM","East Asia & Pacific (excluding high income)",76663207,146919919,1.13201480293843,2,16,2,1,2,1,1,0,1,1,0,1,4,4,4,4,1,4,3,1,2,1,2,3,1,,1,1,1,2,,,,,,,,,,,,,,,,,,,,,,,,,1,,2,3,2,2,,2,2,,2,,2,,2,2,2,,,2,2,1,1,1,2,2,2,2,1,3,,2,1,3,2,,2,,2,2,,,,,2,,,,,,,,,2,2,,,,,,,,2,,,,,,4,1,1,,,,,,,,,,,,,,1,,1,1,,1,,1,1,1,1,2,2,,2,1,,1,1,4,,2,1,1,2,2,2,2,2,,,,,,,,,,1,2,,,,,,,,,,,,,2,
2024,"Viet Nam","VNM","East Asia & Pacific (excluding high income)",76663207,147109802,0.7363674801362,2,54,1,1,2,1,0,0,0,0,0,0,4,4,4,4,0,4,3,0,2,,,,,,,,,,2,2,2,2,2,2,2,1,2,,,,,,,,,,,,,,,,2,,2,,,,2,2,2,,2,,2,,2,2,2,,,2,2,2,4,2,,,,,,,,,,,2,,2,,2,2,,,,,2,,,,,,,,,2,2,,,,,,,,2,,,,,,6,1,2,2,2,2,1,2,2,2,4,1,1,2,1,,,,,,,,,,,,,,,,,1,,2,2,,2,2,2,2,1,2,2,2,2,,,,,,,,,,1,2,,,,,,,,,,,,,2,
2024,"Viet Nam","VNM","East Asia & Pacific (excluding high income)",76663207,147138463,1.57848745925356,2,30,2,2,1,1,1,0,1,1,1,1,2,4,4,4,0,2,2,0,1,1,2,3,2,,1,1,1,2,,,,,,,,,,,,,,,,,,,,,,,,,1,,2,3,1,1,,2,2,,2,,1,,2,2,2,,,,3,3,4,2,,,,2,2,,4,2,2,,1,2,2,,2,1,2,2,,1,1,2,2,2,1,,,,,2,2,,,,,,,,2,,,,,,3,1,1,,,,,,,,,,,,,,1,,1,1,,1,,1,1,1,1,2,2,,2,1,,1,1,3,,1,1,1,1,2,2,2,2,,,,,,,,,,1,2,,,,,,,,,,,,,1,2
2024,"Viet Nam","VNM","East Asia & Pacific (excluding high income)",76663207,147484961,0.833519804177335,1,71,2,1,2,1,0,0,0,0,0,0,4,4,4,4,0,2,2,0,2,,,,,,,,,,2,2,3,2,2,2,1,1,1,,,,,,,,,,,,,,,,2,,2,,,,2,2,2,,2,,2,,2,2,2,,,2,2,1,4,2,,,,,,,,,,,2,,1,2,2,1,2,2,,1,2,,,,,,,,,2,2,,,,,,,,2,,,,,,3,1,1,,,,,,,,,,,,,,1,,1,1,,1,,1,2,1,2,2,2,,2,1,,1,2,,1,2,2,1,2,2,2,2,2,,,,,,,,,,1,2,,,,,,,,,,,,,1,1
2024,"Viet Nam","VNM","East Asia & Pacific (excluding high income)",76663207,147503362,1.37569484048063,2,58,1,2,1,1,0,0,0,0,0,1,4,4,4,4,0,2,3,0,2,,,,,,,,,,2,2,3,2,2,2,1,2,2,,,,,,,,,,,,,,,,2,,2,,,,1,2,2,,2,,2,,2,2,2,,,2,1,2,2,2,,,,,,,,,,,2,,2,,2,1,2,2,,1,2,,,,,,,,,2,2,,,,,,,,2,,,,,,4,0,1,,,,,,,,,,,,,,2,2,1,2,,2,,,4,2,,2,2,,2,2,2,,,,,,,,,,,,,2,2,2,2,2,2,2,1,8,1,2,,,,,,,,,,,,,2,
2024,"Viet Nam","VNM","East Asia & Pacific (excluding high income)",76663207,147521871,1.1042194624752,2,34,3,4,1,2,1,0,1,1,0,1,4,4,4,4,0,1,3,1,1,1,2,1,1,,1,1,1,1,,,,,,,,,,,,,,,,,,,,,,,,,2,,2,,,,1,2,2,,2,,2,,2,2,2,2,,2,3,1,4,2,,,,2,2,,4,1,2,,2,,2,,2,1,1,1,,,2,,,,,,,,,2,2,,,,,,,,2,,,,,,1,1,1,,,,,,,,,,,,,,1,,1,1,,1,,1,1,1,1,2,2,,2,1,,1,2,,1,1,1,2,1,2,2,2,2,,,,,,,,,,1,2,,,,,,,,,,,,,1,2
2024,"Viet Nam","VNM","East Asia & Pacific (excluding high income)",76663207,147542060,1.83468359735209,1,70,2,1,1,2,0,0,0,0,0,0,4,4,4,2,0,4,2,0,2,,,,,,,,,,2,2,2,2,2,2,2,1,2,,,,,,,,,,,,,,,,2,,2,,,,2,2,2,,2,,2,,2,2,2,,,2,2,2,3,2,,,,,,,,,,,2,,1,2,2,2,,,,,2,,,,,,,,,2,2,,,,,,,,1,2,2,1,,2,1,0,1,,,,,,,,,,,,,,2,2,8,1,,2,,,4,2,,2,2,,2,2,2,,,,,,,,,,,,,2,2,2,1,2,2,2,1,97,1,2,,,,,,,,,,,,,3,
2024,"Viet Nam","VNM","East Asia & Pacific (excluding high income)",76663207,147554328,2.01032817362331,1,22,3,2,1,1,1,1,1,1,0,1,1,4,4,4,1,1,3,1,1,1,1,4,2,,1,1,1,2,,,,,,,,,,,,,,,,,,,,,,,,,2,1,2,2,2,2,,2,2,,2,2,2,,2,2,2,,,2,2,3,4,2,,,,2,1,2,,1,1,1,2,,2,,2,1,1,2,,,1,2,1,2,,,2,2,,2,2,,,,,,,,2,,,,,,3,1,1,,,,,,,,,,,,,,1,,1,1,,1,,1,1,2,,2,2,,2,1,,1,2,,2,1,1,1,1,2,2,2,2,,,,,,,,,,1,2,,,,,,,,,,,,,1,2
2024,"Viet Nam","VNM","East Asia & Pacific (excluding high income)",76663207,147581027,1.13447549500533,1,15,2,2,2,1,0,0,0,0,0,1,4,4,4,4,0,4,3,0,2,,,,,,,,,,2,2,1,2,2,2,2,1,2,,,,,,,,,,,,,,,,2,,2,,,,1,2,2,,2,,2,,2,2,2,,,2,2,1,4,2,,,,,,,,,,,2,,2,,2,2,,,,,2,,,,,,,,,2,2,,,,,,,,2,,,,,,4,1,1,,,,,,,,,,,,,,1,,2,1,,1,,1,1,1,1,2,2,,2,1,,1,1,3,,1,1,1,2,2,2,2,2,,,,,,,,,,1,2,,,,,,,,,,,,,1,2
2024,"Viet Nam","VNM","East Asia & Pacific (excluding high income)",76663207,147625427,0.496716005889745,2,45,1,3,1,1,1,1,1,1,1,1,2,4,4,1,1,2,1,1,1,1,1,2,2,,2,1,1,2,,,,,,,,,,,,,,,,,,,,,,,,,2,2,2,,,,1,2,2,,1,2,1,,2,2,2,,,,3,2,3,2,,,,2,1,3,,1,2,,1,1,1,1,2,1,2,2,,1,1,2,2,2,1,,,,,2,2,,,,,,,,1,2,1,,,1,1,1,1,,,,,,,,,,,,,,1,,1,1,,1,,1,1,1,1,2,2,,2,1,,1,1,3,,1,1,1,1,1,2,1,1,,,,,,,,,,1,2,,,,,,,,,,,,,2,
2024,"Viet Nam","VNM","East Asia & Pacific (excluding high income)",76663207,147740260,0.934782226370782,1,16,2,4,2,1,0,0,0,0,1,0,4,4,4,4,0,4,3,0,2,,,,,,,,,,2,2,1,2,2,2,2,2,2,,,,,,,,,,,,,,,,2,,2,,,,2,2,2,,2,,1,,2,2,2,,,,7,,5,2,,,,,,,,,,,2,,2,,2,2,,,,,2,,,,,,,,,2,2,,,,,,,,2,,,,,,3,1,1,,,,,,,,,,,,,,1,,1,1,,1,,1,4,1,1,2,2,,2,1,,1,1,1,,1,1,1,2,2,2,2,2,,,,,,,,,,1,2,,,,,,,,,,,,,1,2
2024,"Viet Nam","VNM","East Asia & Pacific (excluding high income)",76663207,147745948,1.47067938877932,1,22,2,2,2,1,1,1,1,1,0,1,4,4,4,2,1,4,3,1,1,1,1,3,3,1,1,1,1,2,,,,,,,,,,,,,,,,,,,,,,,,,1,2,2,3,2,2,,2,2,,2,2,2,,2,2,2,,,2,2,2,4,2,,,,1,1,1,,1,1,2,2,,2,,2,2,,,,,2,,,,,,,,,2,2,,,,,,,,1,2,2,1,,1,4,1,1,,,,,,,,,,,,,,1,,1,1,,1,,1,1,1,1,2,2,,2,1,,1,1,3,,2,1,1,1,1,1,2,2,,,,,,,,,,1,2,,,,,,,,,,,,,1,2
2024,"Viet Nam","VNM","East Asia & Pacific (excluding high income)",76663207,147776257,0.898295888088306,1,27,2,1,2,1,1,1,1,1,0,1,4,4,4,4,1,1,3,1,1,1,1,3,3,1,1,1,1,2,,,,,,,,,,,,,,,,,,,,,,,,,1,2,2,3,1,2,,2,2,,2,2,2,,2,2,2,,,2,2,1,4,2,,,,1,1,3,,1,1,2,2,,2,,2,1,1,1,,,2,,,,,,,,,2,2,,,,,,,,2,,,,,,3,1,1,,,,,,,,,,,,,,1,,1,1,,1,,1,1,1,2,2,1,2,2,1,,1,2,,1,1,1,1,1,2,2,2,2,,,,,,,,,,1,2,,,,,,,,,,,,,1,1
2024,"Viet Nam","VNM","East Asia & Pacific (excluding high income)",76663207,147905903,2.48936452064054,2,48,2,5,1,1,1,1,1,1,1,1,1,4,4,1,1,4,3,1,1,1,1,2,1,,1,1,1,2,,,,,,,,,,,,,,,,,,,,,,,,,1,2,2,2,1,2,,2,2,,2,2,1,,2,2,1,,,,3,2,3,2,,,,1,1,1,,1,1,3,2,,2,,2,2,,,,,1,2,1,2,,,2,2,,2,2,,,,,,,,1,1,2,,,1,3,1,1,,,,,,,,,,,,,,1,,1,1,,1,,1,1,1,1,2,2,,2,1,,1,1,3,,1,1,1,1,1,2,2,2,,,,,,,,,,1,2,,,,,,,,,,,,,1,2
2024,"Viet Nam","VNM","East Asia & Pacific (excluding high income)",76663207,148124043,0.898295888088306,1,31,2,5,1,2,1,1,1,1,1,1,1,4,4,4,1,1,1,1,1,1,1,2,1,,1,1,1,1,,,,,,,,,,,,,,,,,,,,,,,,,1,2,2,2,1,2,,2,2,,2,2,2,,2,2,2,1,1,,1,3,4,2,,,,1,1,1,,1,1,2,2,,1,1,1,1,1,1,,,1,2,1,1,,,2,2,,2,2,,,,,,,,2,,,,,,3,1,1,,,,,,,,,,,,,,1,,1,1,,1,,1,1,1,1,2,2,,2,1,,1,1,3,,2,1,1,1,1,1,2,2,,,,,,,,,,1,2,,,,,,,,,,,,,1,2
2024,"Viet Nam","VNM","East Asia & Pacific (excluding high income)",76663207,148125619,1.13657526841293,1,25,3,3,1,1,1,1,1,1,0,1,1,4,4,4,0,2,3,1,1,1,1,2,2,,1,1,1,2,,,,,,,,,,,,,,,,,,,,,,,,,1,2,2,2,1,1,,2,2,,2,2,2,,2,2,2,,,2,1,3,4,2,,,,2,2,,4,2,2,,2,,2,,2,1,2,2,,1,1,2,1,1,,,2,2,,2,2,,,,,,,,2,,,,,,3,1,1,,,,,,,,,,,,,,1,,1,1,,1,,1,1,1,1,2,1,2,2,1,,1,1,3,,1,1,1,1,1,2,2,2,,,,,,,,,,1,2,,,,,,,,,,,,,1,2
2024,"Viet Nam","VNM","East Asia & Pacific (excluding high income)",76663207,148262833,0.998773753540653,1,33,2,5,1,2,1,1,1,1,1,1,1,4,4,4,1,1,1,1,1,1,1,3,1,,1,1,1,2,,,,,,,,,,,,,,,,,,,,,,,,,1,2,2,3,1,2,,2,2,,2,2,1,,2,2,2,,,,1,1,3,2,,,,2,1,2,,1,1,3,1,2,1,1,2,1,2,1,,,1,2,1,2,,,2,2,,2,2,,,,,,,,2,,,,,,4,1,1,,,,,,,,,,,,,,1,,2,1,,1,,1,4,1,1,2,2,,2,1,,1,1,3,,1,1,1,1,2,2,2,2,,,,,,,,,,1,2,,,,,,,,,,,,,1,1
2024,"Viet Nam","VNM","East Asia & Pacific (excluding high income)",76663207,148283911,1.83468359735209,1,73,2,2,1,1,0,0,0,0,1,0,4,4,4,4,0,2,3,0,2,,,,,,,,,,2,2,2,1,2,2,2,2,2,,,,,,,,,,,,,,,,2,,2,,,,2,2,2,,2,,1,,2,2,2,,,,2,2,3,2,,,,,,,,,,,2,,2,,2,1,2,2,,1,2,,,,,,,,,2,2,,,,,,,,2,,,,,,3,0,1,,,,,,,,,,,,,,2,2,1,1,,2,,,2,2,,2,2,,2,2,2,,,,,,,,,,,,,2,2,2,1,2,2,2,1,4,1,2,,,,,,,,,,,,,2,
2024,"Viet Nam","VNM","East Asia & Pacific (excluding high income)",76663207,148368496,1.16576810680496,1,24,2,2,1,1,1,1,1,1,0,1,1,4,4,4,1,4,3,1,1,1,1,2,2,,1,1,1,2,,,,,,,,,,,,,,,,,,,,,,,,,1,2,2,2,2,2,,2,2,,2,2,2,,2,2,2,,,2,1,2,4,2,,,,2,2,,4,2,1,3,2,,2,,2,2,,,,,1,2,1,2,,,2,2,,2,2,,,,,,,,2,,,,,,4,1,1,,,,,,,,,,,,,,1,,1,1,,1,,2,2,1,1,1,2,,2,1,,1,2,,1,1,1,1,1,2,2,2,2,,,,,,,,,,1,2,,,,,,,,,,,,,1,2
2024,"Viet Nam","VNM","East Asia & Pacific (excluding high income)",76663207,148375468,1.19204777390738,2,34,2,3,1,2,1,0,1,1,1,0,1,4,4,2,1,4,3,1,1,1,1,2,2,,1,1,1,2,,,,,,,,,,,,,,,,,,,,,,,,,2,,2,,,,2,2,2,,2,,1,,2,2,2,,,,3,3,4,2,,,,2,1,1,,2,1,3,2,,2,,2,2,,,,,1,2,1,2,,,2,2,,2,2,,,,,,,,1,2,2,1,,1,3,1,1,,,,,,,,,,,,,,1,,1,1,,1,,2,1,1,1,2,2,,2,1,,1,1,3,,1,2,1,1,1,2,2,2,,,,,,,,,,1,2,,,,,,,,,,,,,1,2
2024,"Viet Nam","VNM","East Asia & Pacific (excluding high income)",76663207,148386048,1.14239794876533,1,58,1,1,2,1,0,0,0,0,1,1,4,4,4,4,0,2,3,0,2,,,,,,,,,,2,2,2,2,2,2,2,1,2,,,,,,,,,,,,,,,,2,,2,,,,1,2,2,,1,,2,,2,1,2,,,,4,1,1,2,,,,,,,,,,,2,,2,,2,1,2,2,,1,2,,,,,,,,,2,2,,,,,,,,2,,,,,,4,1,1,,,,,,,,,,,,,,2,2,1,2,,2,,,2,2,,2,2,,2,1,,1,1,3,,2,2,2,2,2,2,2,2,2,2,2,1,2,2,2,1,4,1,2,,,,,,,,,,,,,2,
2024,"Viet Nam","VNM","East Asia & Pacific (excluding high income)",76663207,148489525,1.48148050670523,1,36,3,4,1,2,1,1,1,1,1,1,1,4,4,4,1,1,3,1,1,1,1,2,1,,1,1,1,2,,,,,,,,,,,,,,,,,,,,,,,,,1,2,2,2,1,1,,2,2,,2,2,1,,2,2,2,,,,1,3,4,2,,,,1,1,2,,1,1,3,2,,2,,2,1,1,1,,,1,2,1,2,,,2,3,,2,2,,,,,,,,2,,,,,,5,1,1,,,,,,,,,,,,,,1,,1,1,,1,,1,1,1,1,2,2,,2,1,,1,1,3,,2,1,1,1,1,2,2,2,,,,,,,,,,1,2,,,,,,,,,,,,,1,1
2024,"Viet Nam","VNM","East Asia & Pacific (excluding high income)",76663207,148499361,1.31817602348079,1,26,2,3,1,1,1,0,1,1,1,1,1,4,4,2,1,1,3,1,1,1,1,2,2,,1,1,1,2,,,,,,,,,,,,,,,,,,,,,,,,,1,,1,2,1,1,,2,2,,2,,1,2,2,2,2,,,,1,2,2,2,,,,2,1,1,,1,1,2,2,,2,,2,1,1,1,,,1,2,1,2,,,1,2,,2,2,,,,,,,,1,2,2,1,,1,3,1,1,,,,,,,,,,,,,,1,,1,1,,1,,1,1,1,1,2,2,,2,1,,1,1,3,,1,1,1,1,2,2,2,2,,,,,,,,,,1,2,,,,,,,,,,,,,2,
2024,"Viet Nam","VNM","East Asia & Pacific (excluding high income)",76663207,148559640,0.257157228928712,1,43,1,2,1,1,1,0,1,1,0,1,4,4,4,4,1,1,3,1,1,1,2,1,1,,1,1,1,2,,,,,,,,,,,,,,,,,,,,,,,,,1,,2,1,1,1,,2,2,,2,,2,,2,2,2,,,2,2,2,2,2,,,,1,1,1,,1,1,3,2,,2,,2,1,1,1,,,2,,,,,,,,,2,2,,,,,,,,2,,,,,,3,1,1,,,,,,,,,,,,,,1,,1,1,,1,,1,1,1,1,2,1,2,2,1,,1,1,3,,1,1,1,1,2,2,2,2,,,,,,,,,,1,2,,,,,,,,,,,,,1,2
2024,"Viet Nam","VNM","East Asia & Pacific (excluding high income)",76663207,148696216,1.78245417789978,2,58,2,3,1,2,1,0,1,0,0,1,4,4,1,4,0,4,3,1,1,2,1,2,2,,1,1,2,2,,,,,,,,,,,,,,,,,,,,,,,,,2,,2,,,,1,2,2,,2,,2,,2,2,2,,,2,1,3,4,2,,,,2,2,,4,2,2,,2,,2,,2,2,,,,,2,,,,,,,,,2,1,1,2,,,2,2,,2,,,,,,1,1,1,,,,,,,,,,,,,,1,,1,1,,1,,2,1,2,,2,2,,2,1,,1,1,3,,2,1,1,1,1,2,1,2,,,,,,,,,,1,2,,,,,,,,,,,,,2,
2024,"Viet Nam","VNM","East Asia & Pacific (excluding high income)",76663207,148753199,0.375311799842289,1,45,1,1,1,1,1,0,1,1,0,0,4,4,4,4,0,1,2,1,2,1,2,2,3,,1,1,1,2,,,,,,,,,,,,,,,,,,,,,,,,,2,,2,,,,2,1,2,,2,,2,,2,2,2,,,2,3,1,2,2,,,,2,2,,4,2,2,,1,2,2,,2,1,1,2,,,2,,,,,,,,,2,2,,,,,,,,2,,,,,,2,1,1,,,,,,,,,,,,,,1,,1,1,,1,,1,1,2,,2,2,,2,1,,1,1,4,,1,1,1,2,2,2,1,2,,,,,,,,,,1,2,,,,,,,,,,,,,2,
2024,"Viet Nam","VNM","East Asia & Pacific (excluding high income)",76663207,148828939,0.655400014066006,1,31,2,1,1,1,0,0,0,0,1,1,4,4,4,2,0,4,3,0,2,,,,,,,,,,2,2,2,2,2,2,2,2,2,,,,,,,,,,,,,,,,2,,1,,,,,2,2,,2,,1,2,2,1,2,,,,5,2,5,1,2,2,,,,,,,,,2,,2,,2,2,,,,,2,,,,,,,,,2,2,,,,,,,,1,2,2,1,,2,3,0,1,,,,,,,,,,,,,,2,2,1,2,,1,,1,2,2,,2,2,,2,2,2,,,,,,,,,,,,,2,2,1,2,2,2,2,1,8,1,2,,,,,,,,,,,,,2,
2024,"Viet Nam","VNM","East Asia & Pacific (excluding high income)",76663207,149083793,0.701086669778087,1,20,2,3,1,1,1,1,1,1,0,1,1,4,4,4,1,1,3,1,1,1,2,2,2,,1,1,1,2,,,,,,,,,,,,,,,,,,,,,,,,,1,2,2,2,1,2,,2,2,,2,2,2,,2,2,2,,,2,2,2,4,2,,,,1,1,1,,1,1,3,2,,2,,2,1,1,1,,,1,2,1,2,,,1,2,,2,2,,,,,,,,2,,,,,,3,1,1,,,,,,,,,,,,,,1,,1,1,,1,,1,1,1,1,2,2,,2,1,,1,1,3,,2,1,1,1,1,2,2,1,,,,,,,,,,1,2,,,,,,,,,,,,,1,1
2024,"Viet Nam","VNM","East Asia & Pacific (excluding high income)",76663207,149196505,0.856798461574,1,66,1,1,1,1,1,0,1,0,0,1,2,4,4,2,0,1,2,1,2,,,,,,,,,,,,,,,,,,,,,,,,,,,,,,,,,,2,,1,,,,,1,2,,2,,2,2,2,2,2,,,2,2,3,4,2,,,,,,,,,,,2,,1,2,2,1,1,1,1,,1,2,2,2,1,,,,,2,2,,,,,,,,1,2,2,1,,2,2,0,1,,,,,,,,,,,,,,1,,1,1,,2,,,2,1,2,2,1,2,2,2,2,,,,,2,2,2,2,2,2,2,2,,,,,,,,,,1,2,,,,,,,,,,,,,2,
2024,"Viet Nam","VNM","East Asia & Pacific (excluding high income)",76663207,149328926,1.6430166996435,1,50,2,1,1,1,1,1,1,1,0,1,4,4,4,1,1,1,3,1,1,1,2,3,3,1,2,1,1,2,,,,,,,,,,,,,,,,,,,,,,,,,1,2,2,3,2,2,,2,2,,2,2,2,,2,2,2,,,2,2,3,2,2,,,,2,1,3,,1,1,2,2,,2,,2,1,1,1,,,2,,,,,,,,,2,2,,,,,,,,1,1,1,,,1,1,1,1,,,,,,,,,,,,,,1,,1,1,,1,,1,2,1,1,2,2,,2,1,,1,1,1,,1,1,1,1,2,2,1,2,,,,,,,,,,1,1,,,,,,,,,,,,,1,1
2024,"Viet Nam","VNM","East Asia & Pacific (excluding high income)",76663207,149347825,1.02620258826928,1,36,2,1,1,2,1,0,1,0,0,1,4,4,4,4,0,2,3,0,1,2,1,4,3,2,2,2,2,2,,,,,,,,,,,,,,,,,,,,,,,,,2,,2,,,,1,2,2,,2,,2,,2,2,2,,,2,2,4,2,2,,,,2,2,,4,2,1,2,2,,2,,2,1,2,2,,1,2,,,,,,,,,2,2,,,,,,,,2,,,,,,4,1,1,,,,,,,,,,,,,,1,,1,1,,1,,1,1,1,1,2,2,,2,1,,1,1,3,,1,1,1,1,2,2,2,2,,,,,,,,,,1,2,,,,,,,,,,,,,2,
2024,"Viet Nam","VNM","East Asia & Pacific (excluding high income)",76663207,149423205,1.20549656764971,1,49,2,2,1,1,0,0,0,0,1,1,4,4,4,2,0,2,3,0,2,,,,,,,,,,2,2,2,2,2,2,1,1,2,,,,,,,,,,,,,,,,2,,1,,,,,2,2,,2,,1,2,2,2,2,,,,2,1,3,2,,,,,,,,,,,2,,2,,2,1,2,2,,1,2,,,,,,,,,2,2,,,,,,,,1,2,2,1,,1,1,1,1,,,,,,,,,,,,,,1,,8,1,,2,,,1,1,1,2,2,,2,1,,1,1,3,,2,1,1,2,2,2,2,2,,,,,,,,,,1,2,,,,,,,,,,,,,1,2
2024,"Viet Nam","VNM","East Asia & Pacific (excluding high income)",76663207,149654353,1.37593419370532,1,72,2,2,1,1,0,0,0,0,0,1,4,4,4,2,0,2,3,0,2,,,,,,,,,,2,2,2,2,2,2,2,2,2,,,,,,,,,,,,,,,,2,,2,,,,1,1,2,,2,,2,,2,2,2,,,2,3,1,4,2,,,,,,,,,,,2,,2,,2,1,2,2,,1,2,,,,,,,,,2,2,,,,,,,,1,2,2,1,,2,1,0,1,,,,,,,,,,,,,,2,2,8,1,,2,,,8,2,,2,2,,2,2,2,,,,,,,,,,,,,2,2,2,2,2,2,2,1,8,1,2,,,,,,,,,,,,,1,2
2024,"Viet Nam","VNM","East Asia & Pacific (excluding high income)",76663207,149668462,0.375311799842289,1,52,1,4,1,1,0,0,0,0,0,0,4,4,4,4,0,2,3,0,2,,,,,,,,,,2,2,2,2,2,2,2,2,2,,,,,,,,,,,,,,,,2,,2,,,,2,2,2,,2,,2,,2,2,2,,,2,3,3,4,2,,,,,,,,,,,2,,2,,2,1,2,2,,1,2,,,,,,,,,2,2,,,,,,,,2,,,,,,2,1,1,,,,,,,,,,,,,,1,,1,1,,1,,1,2,2,,2,2,,2,1,,1,1,3,,2,2,1,2,2,2,2,2,,,,,,,,,,1,2,,,,,,,,,,,,,2,
2024,"Viet Nam","VNM","East Asia & Pacific (excluding high income)",76663207,149723348,1.83468359735209,1,63,2,1,2,1,0,0,0,0,1,1,4,4,4,4,0,2,2,0,2,,,,,,,,,,2,2,2,2,2,2,2,1,2,,,,,,,,,,,,,,,,2,,2,,,,1,2,2,,2,,1,,2,2,2,,,,4,2,4,2,,,,,,,,,,,1,2,1,2,2,1,2,2,,1,2,,,,,,,,,2,2,,,,,,,,2,,,,,,3,0,1,,,,,,,,,,,,,,2,2,1,1,,2,,,3,2,,2,2,,2,2,2,,,,,,,,,,,,,2,2,2,1,2,1,2,1,4,1,2,,,,,,,,,,,,,2,
2024,"Viet Nam","VNM","East Asia & Pacific (excluding high income)",76663207,149801801,1.57492326118651,2,23,2,4,1,2,1,1,1,1,0,1,1,4,4,4,1,4,3,1,1,1,1,2,2,,1,1,1,2,,,,,,,,,,,,,,,,,,,,,,,,,1,1,2,3,2,2,,2,2,,2,2,2,,2,2,2,,,2,3,2,4,2,,,,2,1,1,,1,1,3,2,,2,,2,2,,,,,1,2,1,2,,,2,2,,2,2,,,,,,,,2,,,,,,3,1,1,,,,,,,,,,,,,,1,,1,1,,1,,1,1,1,1,2,2,,2,1,,1,1,3,,1,1,1,1,1,2,2,2,,,,,,,,,,1,2,,,,,,,,,,,,,1,2
2024,"Viet Nam","VNM","East Asia & Pacific (excluding high income)",76663207,149845134,1.92422847727614,2,59,2,5,2,1,1,0,1,0,0,1,4,4,4,4,0,4,3,0,1,2,1,3,3,1,1,2,2,2,,,,,,,,,,,,,,,,,,,,,,,,,1,,2,3,1,2,,2,2,,2,,2,,2,2,2,,,2,1,2,4,2,,,,2,2,,4,2,2,,2,,2,,2,2,,,,,2,,,,,,,,,2,2,,,,,,,,2,,,,,,3,1,1,,,,,,,,,,,,,,1,,1,1,,1,,1,1,1,1,2,2,,2,1,,1,1,3,,2,2,1,1,2,2,2,2,,,,,,,,,,1,2,,,,,,,,,,,,,1,2
2024,"Viet Nam","VNM","East Asia & Pacific (excluding high income)",76663207,150017345,0.582884053402479,1,20,2,3,1,1,1,0,1,1,0,1,4,4,4,4,0,2,3,0,1,1,2,2,2,,1,1,1,2,,,,,,,,,,,,,,,,,,,,,,,,,1,,2,2,2,2,,2,2,,2,,2,,2,2,2,,,2,1,1,3,2,,,,2,2,,4,2,2,,2,,2,,2,1,2,2,,1,2,,,,,,,,,2,2,,,,,,,,2,,,,,,4,1,1,,,,,,,,,,,,,,1,,1,1,,1,,2,4,1,1,2,2,,2,1,,1,1,3,,2,1,1,2,2,2,2,2,,,,,,,,,,1,2,,,,,,,,,,,,,2,
2024,"Viet Nam","VNM","East Asia & Pacific (excluding high income)",76663207,150076395,0.439801350617346,2,46,1,2,1,1,0,0,0,0,0,1,4,4,4,4,0,2,3,0,2,,,,,,,,,,2,2,2,2,2,2,2,2,2,,,,,,,,,,,,,,,,2,,1,,,,,2,2,,2,,2,2,2,2,2,,,2,2,2,3,1,2,2,,,,,,,,,2,,2,,2,1,2,2,,1,2,,,,,,,,,2,2,,,,,,,,2,,,,,,4,1,1,,,,,,,,,,,,,,1,,1,1,,2,,,4,1,1,2,2,,2,1,,1,2,,1,2,2,1,2,2,2,2,2,,,,,,,,,,1,2,,,,,,,,,,,,,1,2
2024,"Viet Nam","VNM","East Asia & Pacific (excluding high income)",76663207,150140599,1.38251186531842,2,26,2,2,1,1,1,0,1,1,1,1,1,4,4,4,1,1,3,1,1,1,1,3,3,1,2,1,1,2,,,,,,,,,,,,,,,,,,,,,,,,,1,,2,3,1,2,,2,2,,2,,1,,2,2,2,,,,2,2,1,2,,,,1,1,2,,1,2,,2,,2,,2,1,1,1,,,1,2,1,2,,,2,1,,2,2,,,,,,,,2,,,,,,1,1,1,,,,,,,,,,,,,,1,,1,1,,1,,1,4,1,1,2,1,2,2,1,,1,2,,1,1,1,1,1,2,2,2,2,,,,,,,,,,1,2,,,,,,,,,,,,,1,2
2024,"Viet Nam","VNM","East Asia & Pacific (excluding high income)",76663207,150199224,0.960487831655973,2,27,2,5,1,2,1,0,1,1,1,1,4,4,4,4,1,4,3,1,1,1,1,3,2,,1,1,1,2,,,,,,,,,,,,,,,,,,,,,,,,,1,,2,2,1,2,,2,2,,2,,1,,2,2,2,,,,2,2,4,2,,,,2,1,2,,1,2,,2,,2,,2,2,,,,,2,,,,,,,,,2,2,,,,,,,,2,,,,,,7,1,1,,,,,,,,,,,,,,1,,1,1,,1,,1,1,1,1,2,2,,2,1,,1,1,1,,2,1,1,1,2,2,2,2,,,,,,,,,,1,2,,,,,,,,,,,,,2,
2024,"Viet Nam","VNM","East Asia & Pacific (excluding high income)",76663207,150206235,0.921197301551503,1,68,1,1,1,1,0,0,0,0,0,1,4,4,4,2,0,2,3,0,2,,,,,,,,,,2,2,2,2,2,2,1,1,2,,,,,,,,,,,,,,,,2,,2,,,,1,1,2,,2,,2,,2,2,2,,,2,2,1,4,1,1,1,,,,,,,,,2,,2,,2,1,2,2,,1,2,,,,,,,,,2,2,,,,,,,,1,2,2,1,,2,3,0,1,,,,,,,,,,,,,,2,2,2,2,,2,,,2,2,,2,2,,2,2,2,,,,,,,,,,,,,2,2,2,1,2,2,2,1,4,1,2,,,,,,,,,,,,,3,
2024,"Viet Nam","VNM","East Asia & Pacific (excluding high income)",76663207,150211047,2.20935687211232,2,79,2,1,2,1,0,0,0,0,1,1,4,4,2,4,0,4,2,0,2,,,,,,,,,,2,2,2,1,2,2,1,2,2,,,,,,,,,,,,,,,,2,,2,,,,1,1,2,,2,,2,,1,2,2,,,1,2,1,3,1,2,2,,,,,,,,,2,,1,2,2,2,,,,,2,,,,,,,,,2,1,2,2,1,,,,,2,,,,,,3,0,1,,,,,,,,,,,,,,2,2,1,2,,2,,,2,2,,2,2,,2,2,2,,,,,,,,,,,,,1,2,2,1,2,2,2,1,8,1,2,,,,,,,,,,,,,1,2
2024,"Viet Nam","VNM","East Asia & Pacific (excluding high income)",76663207,150339530,1.92474164331363,2,48,2,3,1,1,1,1,1,1,0,1,1,4,4,1,1,1,3,1,1,1,1,2,2,,2,1,1,2,,,,,,,,,,,,,,,,,,,,,,,,,2,,2,,,,1,2,2,,2,,2,,2,2,2,,,2,1,3,3,2,,,,2,1,1,,1,2,,2,,2,,2,1,2,1,,,1,2,1,1,,,2,2,,2,2,,,,,,,,1,1,1,,,1,1,1,1,,,,,,,,,,,,,,1,,1,1,,1,,1,1,1,1,2,2,,2,1,,1,2,,1,1,1,1,1,2,2,2,2,,,,,,,,,,1,2,,,,,,,,,,,,,1,1
2024,"Viet Nam","VNM","East Asia & Pacific (excluding high income)",76663207,150361709,1.06805281921733,2,38,2,3,1,1,1,0,1,1,1,0,4,4,4,4,1,1,3,1,2,1,1,3,3,1,1,1,1,2,,,,,,,,,,,,,,,,,,,,,,,,,2,,2,,,,2,2,2,,2,,2,,2,1,2,,,2,3,3,3,2,,,,2,1,3,,2,2,,2,,2,,2,1,1,1,,,2,,,,,,,,,2,2,,,,,,,,2,,,,,,5,1,1,,,,,,,,,,,,,,2,2,1,1,,1,,1,1,1,1,2,1,2,2,1,,2,1,3,,1,2,1,1,2,2,1,2,2,2,1,2,2,2,2,2,3,1,3,,,,,,,,,,,,,1,2
2024,"Viet Nam","VNM","East Asia & Pacific (excluding high income)",76663207,150481912,0.290968640467354,1,35,1,2,1,1,1,0,1,0,0,1,1,4,4,4,0,4,3,1,1,2,1,2,2,,1,1,2,2,,,,,,,,,,,,,,,,,,,,,,,,,1,,2,2,2,2,,2,2,,2,,2,,2,2,2,,,2,1,3,4,2,,,,2,2,,4,2,2,,2,,2,,2,2,,,,,1,2,1,2,,,1,2,,2,2,,,,,,,,2,,,,,,4,1,1,,,,,,,,,,,,,,1,,1,1,,1,,1,1,1,2,2,2,,2,1,,1,1,1,,2,1,1,2,2,2,2,2,,,,,,,,,,1,2,,,,,,,,,,,,,1,2
2024,"Viet Nam","VNM","East Asia & Pacific (excluding high income)",76663207,150563062,2.20935687211232,2,71,2,1,2,1,0,0,0,0,0,0,4,2,2,4,0,2,3,0,2,,,,,,,,,,2,2,2,2,2,2,2,2,2,,,,,,,,,,,,,,,,2,,2,,,,2,2,2,,2,,2,,2,2,2,,,2,2,2,3,2,,,,,,,,,,,2,,2,,2,1,2,2,,1,2,,,,,,,,,1,1,2,2,1,,,,,2,,,,,,1,0,1,,,,,,,,,,,,,,2,2,1,1,,2,,,1,2,,2,2,,2,2,2,,,,,,,,,,,,,1,2,2,1,2,2,1,1,8,1,2,,,,,,,,,,,,,2,
2024,"Viet Nam","VNM","East Asia & Pacific (excluding high income)",76663207,150725452,2.66722746480215,1,27,2,2,1,1,1,0,1,0,0,0,4,4,4,4,0,4,3,0,2,2,2,4,4,2,2,2,2,2,,,,,,,,,,,,,,,,,,,,,,,,,2,,2,,,,2,2,2,,2,,2,,2,2,2,,,2,1,1,2,1,1,1,2,2,2,,1,2,2,,2,,2,,2,2,,,,,2,,,,,,,,,2,2,,,,,,,,2,,,,,,4,1,1,,,,,,,,,,,,,,1,,1,1,,1,,1,3,1,2,2,2,,2,1,,1,2,,1,1,1,1,1,1,2,2,2,,,,,,,,,,1,2,,,,,,,,,,,,,1,1
2024,"Viet Nam","VNM","East Asia & Pacific (excluding high income)",76663207,150789078,1.06347163281696,1,25,2,3,1,2,1,1,1,1,1,1,1,4,4,1,1,1,3,1,1,1,1,2,1,,1,1,1,2,,,,,,,,,,,,,,,,,,,,,,,,,1,,2,2,2,2,,1,2,,2,,1,,2,2,2,,,,2,2,2,1,2,2,2,1,1,1,,1,1,1,2,,2,,2,1,2,1,,,1,2,2,1,,,2,2,,2,2,,,,,,,,1,2,1,,,1,4,1,1,,,,,,,,,,,,,,1,,1,1,,1,,1,1,1,1,2,2,,2,1,,1,1,4,,1,1,1,1,1,1,2,2,,,,,,,,,,1,2,,,,,,,,,,,,,2,
2024,"Viet Nam","VNM","East Asia & Pacific (excluding high income)",76663207,150833439,0.257157228928712,1,39,1,1,1,1,0,0,0,0,0,1,4,4,4,4,0,2,3,0,2,,,,,,,,,,2,2,1,2,2,2,1,2,2,,,,,,,,,,,,,,,,2,,2,,,,1,1,2,,2,,2,,2,2,2,,,2,1,1,4,1,1,1,,,,,,,,,2,,2,,2,1,2,2,,1,2,,,,,,,,,2,2,,,,,,,,2,,,,,,4,1,1,,,,,,,,,,,,,,1,,1,1,,1,,2,1,1,1,2,2,,2,1,,1,1,3,,2,1,1,1,2,2,2,2,,,,,,,,,,1,2,,,,,,,,,,,,,1,2
2024,"Viet Nam","VNM","East Asia & Pacific (excluding high income)",76663207,150838418,0.343923710120157,2,59,1,1,1,1,0,0,0,0,1,1,4,4,4,4,0,4,2,0,2,,,,,,,,,,1,2,1,1,2,1,2,2,1,,,,,,,,,,,,,,,,2,,1,,,,,2,2,,2,,1,2,2,2,2,,,,4,1,3,2,,,,,,,,,,,1,2,2,,1,2,,,,,2,,,,,,,,,2,2,,,,,,,,2,,,,,,1,1,1,,,,,,,,,,,,,,2,2,2,2,,2,,,4,2,,2,2,,2,2,1,2,2,,1,2,2,2,1,2,2,2,2,1,1,2,1,1,2,2,2,1,1,2,,,,,,,,,,,,,1,2
2024,"Viet Nam","VNM","East Asia & Pacific (excluding high income)",76663207,151065606,0.850856621253996,1,15,2,1,2,1,0,0,0,0,0,0,4,4,4,4,0,4,3,0,2,,,,,,,,,,2,2,1,2,2,2,2,1,2,,,,,,,,,,,,,,,,2,,2,,,,2,2,2,,2,,2,,2,2,2,,,2,2,1,4,2,,,,,,,,,,,2,,2,,2,2,,,,,2,,,,,,,,,2,2,,,,,,,,2,,,,,,3,1,1,,,,,,,,,,,,,,1,,1,1,,1,,1,1,1,1,2,2,,2,1,,1,1,3,,2,1,1,1,1,1,2,1,,,,,,,,,,1,2,,,,,,,,,,,,,1,2
2024,"Viet Nam","VNM","East Asia & Pacific (excluding high income)",76663207,151079105,1.57848745925356,2,25,2,3,1,1,1,0,1,1,0,1,1,4,4,4,1,4,3,1,1,1,1,2,1,,1,1,1,2,,,,,,,,,,,,,,,,,,,,,,,,,2,,2,,,,1,2,2,,2,,2,,2,2,2,,,2,3,3,3,2,,,,2,1,1,,2,1,3,2,,2,,2,2,,,,,1,2,1,2,,,1,2,,2,2,,,,,,,,2,,,,,,3,1,1,,,,,,,,,,,,,,1,,1,1,,1,,1,1,1,1,2,2,,2,1,,1,1,3,,1,1,1,1,2,2,2,2,,,,,,,,,,1,2,,,,,,,,,,,,,1,2
2024,"Viet Nam","VNM","East Asia & Pacific (excluding high income)",76663207,151079523,0.614043927877089,1,22,2,5,1,2,1,1,1,1,0,1,1,4,4,4,1,4,3,1,1,1,1,2,1,,1,1,1,2,,,,,,,,,,,,,,,,,,,,,,,,,1,,2,2,2,1,,2,2,,2,,2,,2,2,2,,,2,1,3,4,2,,,,2,1,1,,2,1,3,2,,2,,2,2,,,,,1,2,1,1,,,2,2,,2,2,,,,,,,,2,,,,,,3,1,1,,,,,,,,,,,,,,1,,1,1,,1,,1,1,1,1,2,2,,2,1,,1,1,3,,1,1,1,1,2,2,2,2,,,,,,,,,,1,2,,,,,,,,,,,,,1,2
2024,"Viet Nam","VNM","East Asia & Pacific (excluding high income)",76663207,151373767,0.554660648760232,2,80,,5,2,2,0,0,0,0,1,0,4,2,2,4,0,3,2,0,2,,,,,,,,,,2,2,2,2,2,1,2,1,2,,,,,,,,,,,,,,,,2,,2,,,,2,2,2,,2,,1,,2,2,2,,,,2,2,2,2,,,,,,,,,,,2,,1,2,2,1,2,2,,2,2,,,,,,,,,1,1,2,2,1,,,,,2,,,,,,3,0,1,,,,,,,,,,,,,,2,2,1,1,,2,,,3,2,,2,2,,2,2,2,,,,,,,,,,,,,2,2,2,1,2,1,2,1,4,1,2,,,,,,,,,,,,,2,
2024,"Viet Nam","VNM","East Asia & Pacific (excluding high income)",76663207,151393101,0.750623599684577,1,46,1,1,1,1,1,0,1,1,1,1,4,4,4,4,0,1,1,1,1,1,2,3,3,1,1,1,1,2,,,,,,,,,,,,,,,,,,,,,,,,,2,,1,,,,,2,2,,1,,1,1,2,1,2,,,,1,3,4,2,,,,2,2,,4,1,2,,1,1,1,1,2,1,1,1,,,2,,,,,,,,,2,2,,,,,,,,2,,,,,,1,1,1,,,,,,,,,,,,,,1,,1,1,,1,,1,3,2,,2,2,,2,1,,1,2,,1,1,1,1,2,2,2,2,2,,,,,,,,,,1,2,,,,,,,,,,,,,1,2
2024,"Viet Nam","VNM","East Asia & Pacific (excluding high income)",76663207,151492982,0.594583567563974,2,41,2,3,1,2,1,1,1,1,0,1,1,4,4,4,1,1,3,1,1,1,1,2,1,,1,1,1,2,,,,,,,,,,,,,,,,,,,,,,,,,1,,2,2,2,2,,2,2,,2,,2,,2,2,2,,,2,2,3,3,2,,,,2,1,2,,1,1,3,2,,2,,2,1,1,1,,,1,2,1,1,,,2,2,,2,2,,,,,,,,2,,,,,,3,1,1,,,,,,,,,,,,,,1,,1,1,,1,,1,4,2,,2,2,,2,1,,1,1,3,,1,1,1,1,2,2,2,2,,,,,,,,,,1,2,,,,,,,,,,,,,1,2
2024,"Viet Nam","VNM","East Asia & Pacific (excluding high income)",76663207,151589980,1.90098325221991,2,49,2,3,1,1,1,0,1,1,0,1,4,4,4,1,0,4,3,1,1,1,2,2,2,,1,1,1,2,,,,,,,,,,,,,,,,,,,,,,,,,1,,2,3,1,1,,2,2,,2,,2,,2,2,2,,,2,2,2,5,2,,,,2,2,,4,2,2,,2,,2,,2,2,,,,,2,,,,,,,,,2,2,,,,,,,,1,1,2,,,2,3,1,1,,,,,,,,,,,,,,1,,1,1,,1,,1,1,1,1,2,2,,2,1,,1,2,,2,1,1,1,1,2,2,2,2,,,,,,,,,,1,2,,,,,,,,,,,,,1,2
2024,"Viet Nam","VNM","East Asia & Pacific (excluding high income)",76663207,151835353,0.611561199117365,1,61,2,2,1,2,0,0,0,0,1,0,4,4,4,2,0,2,2,0,2,,,,,,,,,,2,2,2,2,1,2,1,2,2,,,,,,,,,,,,,,,,2,,2,,,,2,2,2,,2,,1,,2,2,2,,,,2,3,3,2,,,,,,,,,,,2,,1,2,2,1,2,2,,1,2,,,,,,,,,2,2,,,,,,,,1,2,2,1,,2,3,1,1,,,,,,,,,,,,,,1,,1,1,,2,,,2,2,,2,2,,2,1,,1,1,3,,2,2,2,2,2,2,2,2,,,,,,,,,,1,2,,,,,,,,,,,,,2,
2024,"Viet Nam","VNM","East Asia & Pacific (excluding high income)",76663207,151852315,1.39569137752145,2,38,2,3,1,2,1,1,1,1,1,1,4,4,4,4,1,1,1,1,1,1,2,1,1,,1,1,1,2,,,,,,,,,,,,,,,,,,,,,,,,,2,2,1,,,,,2,2,,2,2,1,1,2,2,2,,,,3,2,4,2,,,,2,1,2,,1,1,1,1,1,1,1,2,1,1,1,,,2,,,,,,,,,2,2,,,,,,,,2,,,,,,2,1,1,,,,,,,,,,,,,,1,,1,1,,1,,1,1,1,1,2,2,,1,1,,1,2,,1,1,1,1,1,1,1,2,1,,,,,,,,,,1,2,,,,,,,,,,,,,1,2
2024,"Viet Nam","VNM","East Asia & Pacific (excluding high income)",76663207,151882334,1.83468359735209,1,57,2,2,1,1,1,0,1,1,1,1,4,4,4,2,0,2,3,0,1,1,2,3,3,1,2,1,1,2,,,,,,,,,,,,,,,,,,,,,,,,,2,,2,,,,1,2,2,,2,,1,,2,2,2,,,,1,2,4,2,,,,2,2,,4,2,2,,2,,2,,2,1,2,2,,1,2,,,,,,,,,2,2,,,,,,,,1,2,2,1,,1,1,1,1,,,,,,,,,,,,,,1,,1,1,,2,,,1,2,,2,2,,2,1,,1,1,3,,2,1,1,2,2,2,2,2,,,,,,,,,,1,2,,,,,,,,,,,,,2,
2024,"Viet Nam","VNM","East Asia & Pacific (excluding high income)",76663207,151937110,0.460598650775751,1,63,1,1,1,1,0,0,0,0,0,0,4,4,4,2,0,2,3,0,2,,,,,,,,,,2,2,2,2,2,2,2,1,2,,,,,,,,,,,,,,,,2,,2,,,,2,2,2,,2,,2,,2,2,2,,,2,2,2,3,2,,,,,,,,,,,2,,2,,2,1,2,2,,1,2,,,,,,,,,2,2,,,,,,,,1,2,2,1,,2,1,0,1,,,,,,,,,,,,,,2,2,1,1,,2,,,1,2,,2,2,,2,2,2,,,,,,,,,,,,,2,2,2,1,2,2,2,1,4,1,2,,,,,,,,,,,,,2,
2024,"Viet Nam","VNM","East Asia & Pacific (excluding high income)",76663207,152290607,1.22602529023901,1,28,2,4,1,1,1,1,1,1,1,1,1,4,4,4,1,1,3,1,1,1,1,4,2,,1,1,1,2,,,,,,,,,,,,,,,,,,,,,,,,,1,1,1,2,1,1,,2,2,,2,2,2,1,2,2,2,,,,3,3,5,2,,,,2,1,3,,1,1,3,2,,2,,2,1,1,1,,,1,2,1,1,,,2,2,,2,2,,,,,,,,2,,,,,,4,1,1,,,,,,,,,,,,,,1,,1,1,,1,,1,1,1,1,2,2,,2,1,,1,1,3,,1,1,1,1,2,1,2,2,,,,,,,,,,1,2,,,,,,,,,,,,,1,1
2024,"Viet Nam","VNM","East Asia & Pacific (excluding high income)",76663207,152325259,0.80366437843314,1,50,2,5,1,2,1,1,1,1,1,1,1,4,4,4,1,1,3,1,1,1,1,2,2,,1,1,1,2,,,,,,,,,,,,,,,,,,,,,,,,,2,,2,,,,1,2,2,,2,,1,,2,2,2,,,,1,2,5,2,,,,1,1,1,,1,2,,2,,2,,2,1,1,1,,,1,2,1,1,,,2,2,,2,2,,,,,,,,2,,,,,,3,1,1,,,,,,,,,,,,,,1,,1,1,,1,,1,1,2,,2,2,,2,1,,1,1,3,,2,1,1,1,2,2,2,2,,,,,,,,,,1,2,,,,,,,,,,,,,2,
2024,"Viet Nam","VNM","East Asia & Pacific (excluding high income)",76663207,152417696,0.845613166123006,1,40,2,2,1,1,1,1,1,1,0,1,1,4,4,4,1,1,3,1,1,1,1,2,2,,1,1,1,2,,,,,,,,,,,,,,,,,,,,,,,,,1,,2,3,1,1,,2,2,,2,,2,,2,2,2,,,2,1,2,3,2,,,,1,1,2,,1,1,3,2,,2,,2,1,1,1,,,1,2,1,1,,,1,2,,2,2,,,,,,,,2,,,,,,3,1,1,,,,,,,,,,,,,,1,,1,1,,1,,1,1,2,,2,2,,2,1,,1,1,3,,1,1,1,1,2,2,2,2,,,,,,,,,,1,2,,,,,,,,,,,,,1,2
2024,"Viet Nam","VNM","East Asia & Pacific (excluding high income)",76663207,152444562,2.43255657128609,1,58,2,2,1,1,1,0,1,0,0,1,1,4,4,4,0,2,2,1,1,2,1,3,3,1,2,1,1,3,,,,,,,,,,,,,,,,,,,,,,,,,1,,2,3,1,1,,1,2,,2,,2,,2,2,2,,,2,1,3,4,2,,,,2,2,,4,2,2,,1,2,2,,2,1,2,2,,1,1,2,1,2,,,2,1,,2,2,,,,,,,,2,,,,,,1,0,1,,,,,,,,,,,,,,2,2,1,1,,1,,2,3,2,,2,1,2,8,2,2,,,,,,,,,,,,,2,2,2,1,2,2,2,1,4,1,2,,,,,,,,,,,,,3,
2024,"Viet Nam","VNM","East Asia & Pacific (excluding high income)",76663207,152496320,1.04992129339089,1,48,2,4,1,1,1,1,1,1,1,1,1,4,4,4,1,1,3,1,1,1,1,2,1,,1,1,1,2,,,,,,,,,,,,,,,,,,,,,,,,,1,2,2,2,1,2,,2,2,,2,2,1,,2,2,2,,,,2,3,4,2,,,,1,1,1,,1,2,,2,,2,,2,1,1,1,,,1,2,1,1,,,2,2,,2,2,,,,,,,,2,,,,,,3,1,1,,,,,,,,,,,,,,1,,1,1,,1,,2,4,1,1,2,2,,2,1,,1,1,3,,2,1,1,2,2,2,2,2,,,,,,,,,,1,2,,,,,,,,,,,,,1,2
2024,"Viet Nam","VNM","East Asia & Pacific (excluding high income)",76663207,152646075,0.614043927877089,1,22,2,4,1,1,1,1,1,1,0,0,1,4,4,4,1,1,3,1,1,1,1,3,1,,1,1,1,2,,,,,,,,,,,,,,,,,,,,,,,,,2,2,2,,,,2,2,2,,2,2,2,,2,2,2,,,2,2,2,5,2,,,,1,1,1,,1,1,3,2,,2,,2,1,1,1,,,1,2,1,1,,,2,2,,2,2,,,,,,,,2,,,,,,3,1,1,,,,,,,,,,,,,,1,,1,1,,1,,1,4,1,1,2,2,,2,1,,1,2,,1,1,1,1,2,1,2,2,2,,,,,,,,,,1,2,,,,,,,,,,,,,1,2
2024,"Viet Nam","VNM","East Asia & Pacific (excluding high income)",76663207,152665933,2.94580916281643,2,55,2,4,1,1,1,0,1,0,0,1,4,4,4,4,0,2,3,0,1,2,2,3,3,1,1,1,1,2,,,,,,,,,,,,,,,,,,,,,,,,,1,,2,3,1,1,,2,2,,2,,2,,2,2,2,,,2,1,3,2,1,2,1,1,2,2,,4,2,2,,2,,2,,2,1,2,2,,1,2,,,,,,,,,2,2,,,,,,,,2,,,,,,2,1,1,,,,,,,,,,,,,,1,,1,1,,1,,1,1,1,1,2,2,,2,1,,1,2,,1,1,1,1,1,2,2,2,2,,,,,,,,,,1,2,,,,,,,,,,,,,2,
2024,"Viet Nam","VNM","East Asia & Pacific (excluding high income)",76663207,152772052,1.02461586622504,2,15,2,2,2,1,0,0,0,0,0,0,4,4,4,4,0,4,3,0,2,,,,,,,,,,2,2,2,2,2,2,2,1,2,,,,,,,,,,,,,,,,2,,2,,,,2,2,2,,2,,2,,2,2,2,,,2,2,2,4,2,,,,,,,,,,,2,,2,,2,2,,,,,2,,,,,,,,,2,2,,,,,,,,2,,,,,,5,1,1,,,,,,,,,,,,,,1,,1,1,,1,,1,1,1,1,2,2,,2,1,,1,1,3,,2,1,1,1,2,2,2,2,,,,,,,,,,1,2,,,,,,,,,,,,,1,2
2024,"Viet Nam","VNM","East Asia & Pacific (excluding high income)",76663207,152808071,1.97356946388828,1,65,2,4,2,2,1,0,1,0,0,1,4,4,2,4,0,4,3,0,2,2,2,3,4,2,1,2,2,2,,,,,,,,,,,,,,,,,,,,,,,,,1,,2,3,2,1,,1,2,,2,,2,,2,2,2,,,2,1,3,4,2,,,,2,2,,4,2,2,,2,,2,,2,2,,,,,2,,,,,,,,,2,1,2,2,1,,,,,2,,,,,,1,1,1,,,,,,,,,,,,,,1,,2,1,,2,,,1,2,,2,2,,2,1,,1,2,,2,2,1,1,2,2,2,2,2,,,,,,,,,,1,2,,,,,,,,,,,,,1,2
2024,"Viet Nam","VNM","East Asia & Pacific (excluding high income)",76663207,152835996,0.850810966468217,1,17,2,1,2,1,0,0,0,0,1,0,4,4,4,4,0,4,3,0,2,,,,,,,,,,2,2,1,2,2,2,1,1,2,,,,,,,,,,,,,,,,2,,2,,,,2,2,2,,2,,1,,2,2,2,,,,2,1,4,2,,,,,,,,,,,2,,2,,2,2,,,,,2,,,,,,,,,2,2,,,,,,,,2,,,,,,4,1,1,,,,,,,,,,,,,,1,,2,1,,1,,1,1,1,1,2,2,,2,1,,1,2,,1,1,1,1,1,2,2,2,2,,,,,,,,,,1,2,,,,,,,,,,,,,2,
2024,"Viet Nam","VNM","East Asia & Pacific (excluding high income)",76663207,153089848,0.290503154108719,2,18,1,5,1,2,1,1,1,1,1,0,1,4,4,4,1,4,1,1,1,1,1,1,1,,2,1,1,2,,,,,,,,,,,,,,,,,,,,,,,,,2,,2,,,,2,2,2,,2,,1,,2,2,2,,,,3,2,2,2,,,,2,1,1,,2,1,1,2,,1,1,2,2,,,,,1,2,1,1,,,2,1,,2,2,,,,,,,,2,,,,,,3,1,1,,,,,,,,,,,,,,1,,1,1,,1,,2,1,1,1,2,2,,2,1,,1,1,3,,1,1,1,1,2,2,2,2,,,,,,,,,,1,1,,,,,,,,,,,,,1,2
2024,"Viet Nam","VNM","East Asia & Pacific (excluding high income)",76663207,153101193,0.614043927877089,1,15,2,4,1,1,0,0,0,0,1,1,4,4,4,4,0,4,2,0,2,,,,,,,,,,2,2,2,2,2,2,2,1,2,,,,,,,,,,,,,,,,2,,2,,,,1,2,2,,2,,1,,2,2,2,,,,2,1,1,2,,,,,,,,,,,2,,1,2,2,2,,,,,2,,,,,,,,,2,2,,,,,,,,2,,,,,,5,1,1,,,,,,,,,,,,,,1,,1,1,,1,,1,1,1,1,1,2,,2,1,,1,1,2,,1,1,1,1,1,2,2,2,,,,,,,,,,1,2,,,,,,,,,,,,,1,1
2024,"Viet Nam","VNM","East Asia & Pacific (excluding high income)",76663207,153104401,0.562967699763433,1,46,1,1,1,1,0,0,0,0,1,1,4,4,4,4,0,2,3,0,2,,,,,,,,,,2,2,2,2,2,2,2,2,2,,,,,,,,,,,,,,,,2,,1,,,,,1,2,,2,,2,1,2,2,2,,,,3,2,3,2,,,,,,,,,,,2,,2,,2,1,2,2,,1,2,,,,,,,,,2,2,,,,,,,,2,,,,,,4,1,1,,,,,,,,,,,,,,1,,1,1,,1,,1,2,2,,2,2,,2,1,,1,1,3,,1,2,1,2,2,2,2,2,,,,,,,,,,1,2,,,,,,,,,,,,,2,
2024,"Viet Nam","VNM","East Asia & Pacific (excluding high income)",76663207,153218171,0.397124061915298,1,43,1,4,2,1,1,1,1,1,0,1,4,4,4,1,1,1,3,1,1,1,2,3,3,1,1,1,1,2,,,,,,,,,,,,,,,,,,,,,,,,,1,,2,3,1,2,,2,2,,2,,2,,2,2,2,,,2,2,3,1,2,,,,2,1,3,,1,1,3,2,,2,,2,1,1,1,,,2,,,,,,,,,2,2,,,,,,,,1,2,1,,,1,3,1,1,,,,,,,,,,,,,,1,,1,1,,1,,1,2,2,,2,2,,2,1,,1,1,2,,2,1,1,1,2,2,2,2,,,,,,,,,,1,2,,,,,,,,,,,,,1,2
2024,"Viet Nam","VNM","East Asia & Pacific (excluding high income)",76663207,153292304,1.37593419370532,1,73,2,1,2,1,0,0,0,0,1,0,4,4,4,4,0,2,2,0,2,,,,,,,,,,2,2,2,2,2,2,2,2,2,,,,,,,,,,,,,,,,2,,2,,,,2,2,2,,2,,1,,2,2,1,,,,2,3,4,2,,,,,,,,,,,2,,1,2,2,1,2,2,,1,2,,,,,,,,,2,2,,,,,,,,2,,,,,,3,0,1,,,,,,,,,,,,,,2,2,1,1,,2,,,3,2,,2,2,,2,2,2,,,,,,,,,,,,,2,2,2,1,2,1,2,1,4,1,2,,,,,,,,,,,,,2,
2024,"Viet Nam","VNM","East Asia & Pacific (excluding high income)",76663207,153355472,1.0348298896102,2,45,3,4,2,1,0,0,0,0,1,1,4,4,4,4,0,2,3,0,2,,,,,,,,,,2,1,1,1,2,2,2,1,2,,,,,,,,,,,,,,,,2,,2,,,,1,2,2,,1,,2,,2,2,2,,,,3,2,4,2,,,,,,,,,,,2,,2,,2,1,2,2,,1,2,,,,,,,,,2,2,,,,,,,,2,,,,,,3,1,1,,,,,,,,,,,,,,1,,1,1,,1,,1,1,2,,2,1,2,2,1,,1,2,,1,1,1,1,1,2,2,2,2,,,,,,,,,,1,2,,,,,,,,,,,,,2,
2024,"Viet Nam","VNM","East Asia & Pacific (excluding high income)",76663207,153395186,0.571198974382667,1,60,1,2,2,1,0,0,0,0,0,1,4,4,4,4,0,2,3,0,2,,,,,,,,,,2,2,2,1,2,2,1,2,2,,,,,,,,,,,,,,,,2,,1,,,,,1,2,,2,,2,2,2,2,2,,,2,1,1,1,2,,,,,,,,,,,2,,2,,2,1,2,2,,1,2,,,,,,,,,2,2,,,,,,,,2,,,,,,3,0,1,,,,,,,,,,,,,,2,2,1,1,,2,,,4,1,1,2,2,,2,2,2,,,,,,,,,,,,,2,2,2,2,2,1,2,1,8,1,2,,,,,,,,,,,,,2,
2024,"Viet Nam","VNM","East Asia & Pacific (excluding high income)",76663207,153424752,1.9954651999006,2,21,3,5,1,2,1,1,1,1,1,1,1,4,4,4,1,4,1,1,1,1,1,2,2,,1,1,1,2,,,,,,,,,,,,,,,,,,,,,,,,,2,2,2,,,,1,2,2,,2,2,1,,2,2,2,,,,3,2,4,2,,,,2,1,2,,1,1,3,1,1,1,1,2,2,,,,,1,2,1,1,,,2,2,,2,2,,,,,,,,2,,,,,,3,1,1,,,,,,,,,,,,,,1,,1,1,,1,,1,2,1,1,2,2,,1,1,,1,2,,1,1,1,1,1,1,2,2,2,,,,,,,,,,1,2,,,,,,,,,,,,,1,2
2024,"Viet Nam","VNM","East Asia & Pacific (excluding high income)",76663207,153476744,0.701086669778087,1,20,2,5,1,1,1,1,1,1,0,1,1,4,4,4,1,1,3,1,1,1,1,2,1,,1,1,1,2,,,,,,,,,,,,,,,,,,,,,,,,,1,,2,2,2,2,,2,2,,2,,2,,2,2,2,,,2,1,3,4,2,,,,1,1,1,,1,1,3,2,,2,,2,1,2,1,,,1,2,1,1,,,2,2,,2,2,,,,,,,,2,,,,,,4,1,1,,,,,,,,,,,,,,1,,1,1,,1,,1,1,1,1,2,2,,2,1,,1,1,3,,1,1,1,1,2,2,2,2,,,,,,,,,,1,2,,,,,,,,,,,,,1,1
2024,"Viet Nam","VNM","East Asia & Pacific (excluding high income)",76663207,153492437,0.771432816726167,2,24,2,3,1,1,1,1,1,1,0,0,4,4,4,2,1,2,3,1,1,1,1,2,2,,2,1,1,2,,,,,,,,,,,,,,,,,,,,,,,,,2,2,2,,,,2,2,2,,2,2,2,,2,2,2,,,2,3,2,4,2,,,,1,1,2,,1,1,2,2,,2,,2,1,2,2,,1,2,,,,,,,,,2,2,,,,,,,,1,2,2,1,,1,5,1,1,,,,,,,,,,,,,,1,,1,1,,1,,1,1,1,1,2,2,,2,1,,1,1,3,,1,1,1,1,1,2,1,2,,,,,,,,,,1,2,,,,,,,,,,,,,2,
2024,"Viet Nam","VNM","East Asia & Pacific (excluding high income)",76663207,153569320,0.788723416022452,1,36,3,4,1,2,1,0,1,1,1,1,1,4,4,4,1,2,1,1,1,1,1,2,1,,1,1,1,2,,,,,,,,,,,,,,,,,,,,,,,,,1,,1,3,1,2,,1,2,,1,,1,2,2,2,2,,,,2,3,4,2,,,,1,1,1,,1,1,3,1,1,1,1,2,1,2,2,,1,1,2,1,2,,,2,2,,2,2,,,,,,,,2,,,,,,1,1,1,,,,,,,,,,,,,,1,,1,1,,1,,1,1,1,1,2,2,,2,1,,1,2,,1,1,1,1,1,2,2,2,2,,,,,,,,,,1,2,,,,,,,,,,,,,1,1
2024,"Viet Nam","VNM","East Asia & Pacific (excluding high income)",76663207,153685498,1.22602529023901,1,28,2,2,1,1,1,1,1,1,0,1,1,4,4,4,1,1,3,1,1,1,1,2,2,,1,1,1,2,,,,,,,,,,,,,,,,,,,,,,,,,1,,2,2,2,2,,1,2,,2,,2,,2,2,2,,,2,3,2,3,2,,,,1,1,2,,1,1,3,2,,2,,2,1,2,1,,,1,2,1,1,,,2,2,,2,2,,,,,,,,2,,,,,,3,1,1,,,,,,,,,,,,,,1,,1,1,,1,,1,4,1,1,2,2,,2,1,,1,1,1,,1,1,1,1,2,2,2,2,,,,,,,,,,1,2,,,,,,,,,,,,,1,1
2024,"Viet Nam","VNM","East Asia & Pacific (excluding high income)",76663207,153800505,0.562967699763433,1,54,1,1,2,1,0,0,0,0,0,0,4,4,4,4,0,4,3,0,2,,,,,,,,,,2,2,2,2,2,2,2,1,2,,,,,,,,,,,,,,,,2,,2,,,,2,2,2,,2,,2,,2,2,2,,,2,1,2,3,2,,,,,,,,,,,2,,2,,2,2,,,,,2,,,,,,,,,2,2,,,,,,,,2,,,,,,1,0,1,,,,,,,,,,,,,,1,,1,1,,2,,,2,1,1,2,2,,2,2,2,,,,,2,2,2,2,2,2,2,2,,,,,,,,,,1,2,,,,,,,,,,,,,2,
2024,"Viet Nam","VNM","East Asia & Pacific (excluding high income)",76663207,153904555,0.949794014564732,2,35,3,5,1,2,1,1,1,1,1,1,1,4,4,4,1,1,1,1,1,1,1,1,1,,1,1,1,1,,,,,,,,,,,,,,,,,,,,,,,,,1,1,2,2,1,1,,1,2,,2,2,2,,2,2,1,1,1,,1,3,4,2,,,,1,1,2,,1,1,3,1,1,2,,2,1,1,1,,,1,2,1,1,,,2,2,,2,2,,,,,,,,2,,,,,,3,1,1,,,,,,,,,,,,,,1,,1,1,,1,,1,1,1,1,1,1,2,2,1,,1,1,3,,1,1,1,1,2,2,2,2,,,,,,,,,,1,2,,,,,,,,,,,,,1,1
2024,"Viet Nam","VNM","East Asia & Pacific (excluding high income)",76663207,154009300,0.78924372962678,2,29,2,2,1,1,1,0,1,0,0,1,1,4,4,4,0,4,3,1,1,2,1,2,2,,1,1,1,2,,,,,,,,,,,,,,,,,,,,,,,,,2,,1,,,,,2,2,,2,,2,2,2,2,2,,,2,2,4,4,2,,,,2,2,,4,2,2,,2,,2,,2,2,,,,,1,2,1,2,,,2,2,,2,2,,,,,,,,2,,,,,,3,1,1,,,,,,,,,,,,,,1,,1,1,,1,,1,1,1,1,2,1,2,2,1,,1,2,,2,1,1,1,1,2,2,2,2,,,,,,,,,,1,2,,,,,,,,,,,,,1,2
2024,"Viet Nam","VNM","East Asia & Pacific (excluding high income)",76663207,154300598,0.560350553325653,2,59,1,3,1,2,0,0,0,0,1,0,4,4,4,4,0,2,3,0,2,,,,,,,,,,2,2,2,2,2,2,1,2,2,,,,,,,,,,,,,,,,2,,2,,,,2,2,2,,2,,1,,2,2,2,,,,2,1,4,2,,,,,,,,,,,2,,2,,2,1,2,2,,1,2,,,,,,,,,2,2,,,,,,,,2,,,,,,2,0,2,1,2,2,2,2,2,2,1,2,,,,1,,,,,,,,,,,,,,,,2,2,,,,,,,,,,,,,,,,,,,,,,1,2,,,,,,,,,,,,,2,
2024,"Viet Nam","VNM","East Asia & Pacific (excluding high income)",76663207,154328345,1.97978925510297,1,25,3,4,1,1,1,1,1,1,0,1,1,4,4,4,1,1,3,1,1,1,1,1,1,,1,1,1,2,,,,,,,,,,,,,,,,,,,,,,,,,2,,2,,,,1,2,2,,2,,2,,2,2,2,,,2,1,3,4,2,,,,1,1,1,,1,1,1,2,,2,,2,1,1,1,,,1,2,1,1,,,2,2,,2,2,,,,,,,,2,,,,,,3,1,1,,,,,,,,,,,,,,1,,1,1,,1,,1,1,1,1,2,2,,2,1,,1,1,3,,1,1,1,1,1,2,2,2,,,,,,,,,,1,2,,,,,,,,,,,,,2,
2024,"Viet Nam","VNM","East Asia & Pacific (excluding high income)",76663207,154405687,2.96091873755317,2,50,2,4,1,2,1,0,1,1,0,1,4,4,4,4,0,4,3,0,1,1,2,1,1,,1,2,1,2,,,,,,,,,,,,,,,,,,,,,,,,,1,,2,3,1,1,,2,2,,2,,2,,2,2,2,,,2,1,3,4,2,,,,2,2,,4,2,2,,2,,2,,2,2,,,,,2,,,,,,,,,2,2,,,,,,,,2,,,,,,2,1,1,,,,,,,,,,,,,,1,,1,1,,1,,1,1,1,1,2,2,,2,1,,1,1,3,,1,1,1,1,2,1,2,2,,,,,,,,,,1,2,,,,,,,,,,,,,1,1
2024,"Viet Nam","VNM","East Asia & Pacific (excluding high income)",76663207,154443187,2.50337240951114,2,49,2,3,1,1,0,0,0,0,0,1,4,4,4,2,0,4,3,0,2,,,,,,,,,,2,2,1,1,2,2,2,2,2,,,,,,,,,,,,,,,,2,,2,,,,1,1,2,,2,,2,,2,2,2,,,2,3,2,4,2,,,,,,,,,,,2,,2,,2,2,,,,,2,,,,,,,,,2,2,,,,,,,,1,2,2,1,,1,3,1,1,,,,,,,,,,,,,,1,,1,1,,1,,2,1,1,1,2,2,,2,1,,1,1,3,,2,1,1,1,1,2,2,2,,,,,,,,,,1,2,,,,,,,,,,,,,1,2
2024,"Viet Nam","VNM","East Asia & Pacific (excluding high income)",76663207,154592983,1.28121912143007,1,18,2,4,2,1,0,0,0,0,0,1,4,4,4,4,0,4,3,0,2,,,,,,,,,,2,2,1,1,2,2,2,1,1,,,,,,,,,,,,,,,,2,,2,,,,1,2,2,,2,,2,,2,2,2,,,2,2,2,4,2,,,,,,,,,,,2,,2,,2,2,,,,,2,,,,,,,,,2,2,,,,,,,,2,,,,,,4,1,1,,,,,,,,,,,,,,1,,1,1,,1,,1,1,1,1,2,2,,2,1,,1,1,3,,2,1,1,1,1,2,1,2,,,,,,,,,,1,2,,,,,,,,,,,,,1,2
2024,"Viet Nam","VNM","East Asia & Pacific (excluding high income)",76663207,154678496,1.51682220136657,1,61,2,5,1,1,1,0,1,0,1,0,4,4,4,4,0,5,3,0,1,2,2,2,3,,2,1,2,2,,,,,,,,,,,,,,,,,,,,,,,,,2,,2,,,,2,2,2,,2,,1,,2,2,2,,,,3,2,2,2,,,,2,2,,4,2,2,,2,,2,,2,3,,,,,2,,,,,,,,,2,2,,,,,,,,2,,,,,,3,1,1,,,,,,,,,,,,,,1,,2,3,,2,,,4,2,,2,2,,1,1,,3,2,,2,2,2,1,2,2,1,2,2,,,,,,,,,,1,2,,,,,,,,,,,,,1,1
2024,"Viet Nam","VNM","East Asia & Pacific (excluding high income)",76663207,154685021,1.02620258826928,1,44,2,5,2,1,1,1,1,1,0,1,4,4,4,2,1,1,3,1,2,1,2,3,3,1,1,1,1,2,,,,,,,,,,,,,,,,,,,,,,,,,2,1,2,3,2,1,,1,2,,2,2,2,,2,2,2,,,2,1,2,3,2,,,,1,1,3,,1,2,,2,,2,,2,1,1,1,,,2,,,,,,,,,2,2,,,,,,,,1,2,2,1,,1,3,1,1,,,,,,,,,,,,,,1,,1,1,,1,,1,1,2,,2,2,,2,1,,2,1,3,,1,1,1,1,2,2,2,2,,,,,,,,,,1,2,,,,,,,,,,,,,1,2
2024,"Viet Nam","VNM","East Asia & Pacific (excluding high income)",76663207,155049702,0.691255932659211,2,31,2,4,1,1,1,1,1,1,1,1,1,4,4,4,1,1,3,1,1,1,1,3,1,,1,1,1,2,,,,,,,,,,,,,,,,,,,,,,,,,1,,2,2,1,2,,2,2,,2,,1,,2,2,2,,,,2,2,4,2,,,,2,1,1,,1,2,,2,,2,,2,1,1,1,,,1,2,1,1,,,2,2,,2,2,,,,,,,,2,,,,,,4,1,1,,,,,,,,,,,,,,1,,1,1,,1,,1,1,1,1,2,2,,2,1,,1,1,1,,1,1,1,1,2,1,2,2,,,,,,,,,,1,2,,,,,,,,,,,,,1,2
2024,"Viet Nam","VNM","East Asia & Pacific (excluding high income)",76663207,155153911,0.934782226370782,1,15,2,2,2,1,0,0,0,0,0,0,4,4,4,4,0,4,3,0,2,,,,,,,,,,2,2,1,2,2,2,2,2,2,,,,,,,,,,,,,,,,2,,2,,,,2,2,2,,2,,2,,2,2,2,,,2,2,2,3,2,,,,,,,,,,,2,,2,,2,2,,,,,2,,,,,,,,,2,2,,,,,,,,2,,,,,,5,1,1,,,,,,,,,,,,,,1,,2,1,,1,,1,1,1,1,1,2,,2,1,,1,1,3,,1,1,1,2,2,2,2,2,,,,,,,,,,1,2,,,,,,,,,,,,,1,2
2024,"Viet Nam","VNM","East Asia & Pacific (excluding high income)",76663207,155237712,0.496716005889745,2,50,1,1,1,1,0,0,0,0,1,0,2,4,4,4,0,4,2,0,2,,,,,,,,,,2,2,2,1,1,2,2,2,2,,,,,,,,,,,,,,,,2,,2,,,,2,2,2,,2,,1,,2,2,2,,,,2,1,2,2,,,,,,,,,,,2,,1,2,2,2,,,,,1,2,2,2,1,,,,,2,2,,,,,,,,2,,,,,,4,0,1,,,,,,,,,,,,,,2,2,1,1,,1,,1,1,1,1,2,2,,2,2,2,,,,,,,,,,,,,1,2,2,1,2,2,2,2,1,1,2,,,,,,,,,,,,,1,2
2024,"Viet Nam","VNM","East Asia & Pacific (excluding high income)",76663207,155364214,0.818725237169452,1,24,2,3,1,1,1,1,1,1,0,1,1,4,4,4,1,4,3,1,1,1,2,2,2,,1,1,1,2,,,,,,,,,,,,,,,,,,,,,,,,,1,,2,3,1,2,,1,2,,2,,2,,2,2,2,,,2,1,3,4,2,,,,1,1,2,,1,1,3,2,,2,,2,2,,,,,1,2,1,1,,,1,2,,2,2,,,,,,,,2,,,,,,3,1,1,,,,,,,,,,,,,,1,,1,1,,1,,1,1,2,,2,2,,2,1,,1,1,3,,1,1,1,1,2,2,2,2,,,,,,,,,,1,2,,,,,,,,,,,,,1,2
2024,"Viet Nam","VNM","East Asia & Pacific (excluding high income)",76663207,155380086,0.758402776374282,1,24,2,3,1,2,1,1,1,1,1,1,1,4,4,1,1,1,3,1,1,1,1,1,2,,1,1,1,2,,,,,,,,,,,,,,,,,,,,,,,,,1,,2,2,1,2,,2,2,,2,,1,,2,2,2,,,,3,3,4,2,,,,1,1,1,,1,1,3,2,,2,,2,1,1,1,,,1,2,1,1,,,2,2,,2,2,,,,,,,,1,1,1,,,1,3,1,1,,,,,,,,,,,,,,1,,1,1,,1,,1,1,1,2,2,2,,2,1,,1,1,3,,1,1,1,1,2,2,2,2,,,,,,,,,,1,2,,,,,,,,,,,,,1,2
2024,"Viet Nam","VNM","East Asia & Pacific (excluding high income)",76663207,155401867,1.14805891002085,1,27,2,2,1,1,1,1,1,1,0,1,1,4,4,4,1,1,3,1,1,1,1,3,1,,1,1,1,2,,,,,,,,,,,,,,,,,,,,,,,,,1,1,2,3,1,1,,2,2,,2,2,2,,2,2,2,,,2,1,3,4,2,,,,1,1,1,,1,1,3,2,,2,,2,1,1,1,,,1,2,1,2,,,2,2,,2,2,,,,,,,,2,,,,,,3,1,1,,,,,,,,,,,,,,1,,1,1,,1,,1,1,1,1,2,2,,2,1,,1,1,3,,2,1,1,1,2,2,2,2,,,,,,,,,,1,2,,,,,,,,,,,,,1,2
2024,"Viet Nam","VNM","East Asia & Pacific (excluding high income)",76663207,155579164,0.257157228928712,2,38,1,5,1,1,0,0,0,0,1,0,2,4,4,4,0,4,2,0,2,,,,,,,,,,2,2,2,2,2,2,1,2,2,,,,,,,,,,,,,,,,2,,2,,,,2,2,2,,2,,1,,2,2,2,,,,2,3,2,1,1,2,,,,,,,,,1,2,1,2,2,2,,,,,1,2,2,2,1,,,,,2,2,,,,,,,,2,,,,,,4,1,1,,,,,,,,,,,,,,1,,1,1,,2,,,3,2,,2,2,,2,1,,1,1,1,,1,2,1,2,2,2,2,2,,,,,,,,,,1,2,,,,,,,,,,,,,2,
2024,"Viet Nam","VNM","East Asia & Pacific (excluding high income)",76663207,155605418,0.801826777926979,2,34,2,3,1,2,1,1,1,1,0,0,1,4,4,4,1,4,1,1,1,1,1,2,2,,1,1,1,2,,,,,,,,,,,,,,,,,,,,,,,,,2,,2,,,,2,2,2,,2,,2,,2,2,2,,,2,3,3,4,2,,,,1,1,2,,2,1,2,1,1,2,,2,2,,,,,1,2,1,1,,,2,2,,2,2,,,,,,,,2,,,,,,3,1,1,,,,,,,,,,,,,,1,,1,1,,1,,1,1,1,1,2,2,,2,1,,1,1,3,,1,1,1,1,1,2,2,2,,,,,,,,,,1,2,,,,,,,,,,,,,1,2
2024,"Viet Nam","VNM","East Asia & Pacific (excluding high income)",76663207,155672632,0.407358560995046,2,31,1,2,1,1,1,1,1,1,0,1,4,4,4,4,1,4,3,1,1,1,2,1,1,,1,1,1,2,,,,,,,,,,,,,,,,,,,,,,,,,1,1,1,3,2,1,,2,2,,2,2,2,2,2,2,2,,,2,1,3,4,2,,,,1,1,1,,1,1,2,2,,2,,2,2,,,,,2,,,,,,,,,2,2,,,,,,,,2,,,,,,3,1,1,,,,,,,,,,,,,,1,,1,1,,1,,1,1,1,1,2,2,,2,1,,1,1,3,,1,1,1,1,1,2,2,2,,,,,,,,,,1,2,,,,,,,,,,,,,1,2
2024,"Viet Nam","VNM","East Asia & Pacific (excluding high income)",76663207,155695902,0.510677195625342,1,50,1,1,1,1,0,0,0,0,0,0,4,4,4,2,0,2,3,0,2,,,,,,,,,,2,2,2,2,2,2,2,1,2,,,,,,,,,,,,,,,,2,,2,,,,2,2,2,,2,,2,,2,2,2,,,2,2,2,4,2,,,,,,,,,,,2,,2,,2,1,2,2,,1,2,,,,,,,,,2,2,,,,,,,,1,2,2,1,,2,1,0,1,,,,,,,,,,,,,,2,2,1,1,,1,,1,1,2,,2,2,,2,2,2,,,,,,,,,,,,,2,2,2,1,2,2,1,1,4,1,2,,,,,,,,,,,,,1,2
2024,"Viet Nam","VNM","East Asia & Pacific (excluding high income)",76663207,155698267,1.1042194624752,2,33,3,3,1,2,1,0,1,1,1,1,1,4,4,4,1,1,3,1,1,1,1,2,1,,1,2,1,2,,,,,,,,,,,,,,,,,,,,,,,,,1,,2,3,1,2,,2,2,,2,,1,,2,2,2,,,,3,3,1,2,,,,1,1,1,,1,1,3,2,,2,,2,1,1,1,,,1,2,1,2,,,2,2,,2,2,,,,,,,,2,,,,,,3,1,1,,,,,,,,,,,,,,1,,1,1,,1,,1,1,1,1,2,2,,2,1,,1,1,1,,1,1,1,1,2,2,2,2,,,,,,,,,,1,2,,,,,,,,,,,,,1,2
2024,"Viet Nam","VNM","East Asia & Pacific (excluding high income)",76663207,155757932,1.92422847727614,2,58,2,1,1,1,0,0,0,0,0,0,4,4,4,2,0,2,3,0,2,,,,,,,,,,2,2,3,2,3,2,2,2,2,,,,,,,,,,,,,,,,2,,2,,,,2,2,2,,2,,2,,2,2,2,,,2,2,2,2,2,,,,,,,,,,,2,,2,,2,1,2,2,,1,2,,,,,,,,,2,2,,,,,,,,1,2,2,1,,1,2,1,1,,,,,,,,,,,,,,1,,1,1,,2,,,1,2,,2,2,,2,1,,1,1,3,,2,2,1,1,2,2,2,2,,,,,,,,,,1,2,,,,,,,,,,,,,2,
2024,"Viet Nam","VNM","East Asia & Pacific (excluding high income)",76663207,155759335,0.568287634206467,1,34,3,5,1,2,1,1,1,1,0,1,1,4,4,4,1,1,3,1,1,1,1,1,1,,1,1,1,2,,,,,,,,,,,,,,,,,,,,,,,,,1,1,1,3,2,1,,1,2,,2,2,2,2,2,2,2,,,2,1,2,3,2,,,,1,1,1,,1,1,3,2,,2,,2,1,1,1,,,1,2,1,1,,,2,2,,2,2,,,,,,,,2,,,,,,1,1,1,,,,,,,,,,,,,,1,,1,1,,1,,1,1,1,2,1,2,,2,1,,1,1,3,,1,1,1,1,2,2,1,2,,,,,,,,,,1,2,,,,,,,,,,,,,1,1
2024,"Viet Nam","VNM","East Asia & Pacific (excluding high income)",76663207,155883565,0.799167388189266,1,45,2,2,1,1,1,0,1,1,1,1,1,4,4,4,1,2,1,1,1,1,1,2,1,,2,1,1,2,,,,,,,,,,,,,,,,,,,,,,,,,2,,1,,,,,2,2,,2,,1,2,2,2,2,,,,2,2,3,2,,,,2,2,,4,2,1,3,1,1,1,1,2,1,2,2,,1,1,2,1,2,,,2,2,,2,2,,,,,,,,2,,,,,,3,1,1,,,,,,,,,,,,,,1,,1,1,,1,,1,4,1,1,2,2,,2,1,,1,1,1,,2,1,1,2,2,2,2,2,,,,,,,,,,1,2,,,,,,,,,,,,,1,2
2024,"Viet Nam","VNM","East Asia & Pacific (excluding high income)",76663207,155899181,0.987502501233991,1,44,2,3,1,1,1,0,1,1,1,1,1,4,4,4,1,1,3,1,1,1,1,2,2,,1,1,1,1,,,,,,,,,,,,,,,,,,,,,,,,,1,,1,3,1,2,,2,2,,2,,1,1,2,2,2,2,,,2,3,4,2,,,,1,1,1,,1,1,3,2,,2,,2,1,1,1,,,1,2,1,2,,,2,2,,2,2,,,,,,,,2,,,,,,3,1,1,,,,,,,,,,,,,,1,,1,1,,1,,1,4,1,1,2,2,,2,1,,1,2,,1,1,1,1,2,2,2,2,2,,,,,,,,,,1,2,,,,,,,,,,,,,1,2
2024,"Viet Nam","VNM","East Asia & Pacific (excluding high income)",76663207,156181610,0.89187535134596,2,43,2,4,1,1,1,1,1,1,0,0,4,4,4,1,1,4,3,1,1,1,2,1,1,,4,1,1,2,,,,,,,,,,,,,,,,,,,,,,,,,4,,2,,,,4,2,2,,2,,2,,2,2,2,,,2,6,3,4,2,,,,2,1,1,,2,2,,2,,2,,2,2,,,,,2,,,,,,,,,2,2,,,,,,,,1,1,1,,,1,3,1,1,,,,,,,,,,,,,,1,,9,1,,1,,1,1,9,,2,2,,2,1,,1,1,3,,2,2,1,1,2,2,2,2,,,,,,,,,,1,2,,,,,,,,,,,,,1,2
2024,"Viet Nam","VNM","East Asia & Pacific (excluding high income)",76663207,156258461,0.257157228928712,1,18,1,5,1,2,1,1,1,1,0,0,2,4,4,4,0,2,3,1,1,1,1,1,1,,2,1,1,2,,,,,,,,,,,,,,,,,,,,,,,,,2,2,2,,,,2,2,2,,2,2,2,,2,2,2,,,2,2,3,1,2,,,,1,2,,4,2,1,2,2,,2,,2,1,2,2,,1,1,2,2,2,1,,,,,2,2,,,,,,,,2,,,,,,4,1,1,,,,,,,,,,,,,,1,,1,1,,1,,1,1,2,,2,2,,2,1,,1,2,,1,1,1,1,1,1,2,2,2,,,,,,,,,,1,2,,,,,,,,,,,,,2,
2024,"Viet Nam","VNM","East Asia & Pacific (excluding high income)",76663207,156332579,1.92474164331363,2,53,2,3,1,1,1,1,1,1,0,1,4,4,4,1,1,1,3,1,1,1,2,2,1,,1,1,1,2,,,,,,,,,,,,,,,,,,,,,,,,,1,2,2,2,1,2,,2,2,,2,2,2,,2,2,2,,,2,2,2,3,2,,,,1,1,2,,1,1,3,2,,2,,2,1,1,1,,,2,,,,,,,,,2,2,,,,,,,,1,1,2,,,1,3,1,1,,,,,,,,,,,,,,1,,1,1,,1,,1,1,1,1,2,2,,2,1,,1,1,3,,2,1,1,1,1,2,2,2,,,,,,,,,,1,2,,,,,,,,,,,,,1,1
2024,"Viet Nam","VNM","East Asia & Pacific (excluding high income)",76663207,156403758,1.70291508934402,1,41,2,3,1,1,1,1,1,1,0,1,1,4,4,4,1,1,3,1,1,1,1,3,1,,1,1,1,2,,,,,,,,,,,,,,,,,,,,,,,,,1,1,2,3,1,1,,1,2,,2,2,2,,2,2,2,,,2,1,3,4,2,,,,1,1,1,,1,1,2,2,,2,,2,1,1,1,,,1,2,1,2,,,2,2,,2,2,,,,,,,,2,,,,,,3,1,1,,,,,,,,,,,,,,1,,1,1,,1,,1,1,1,1,2,1,2,2,1,,1,2,,1,2,1,1,1,2,2,2,2,,,,,,,,,,1,2,,,,,,,,,,,,,1,2
2024,"Viet Nam","VNM","East Asia & Pacific (excluding high income)",76663207,156744674,2.05737692337548,1,34,3,3,1,1,0,0,0,0,0,0,2,4,4,4,0,2,3,0,2,,,,,,,,,,2,2,1,2,2,2,1,2,1,,,,,,,,,,,,,,,,2,,2,,,,2,2,2,,2,,2,,2,2,2,,,2,2,1,1,2,,,,,,,,,,,2,,2,,2,1,2,2,,1,1,2,2,2,1,,,,,2,2,,,,,,,,2,,,,,,4,1,1,,,,,,,,,,,,,,1,,1,1,,1,,1,1,1,1,2,1,2,2,1,,1,1,1,,1,1,1,2,2,2,2,2,,,,,,,,,,1,2,,,,,,,,,,,,,1,1
2024,"Viet Nam","VNM","East Asia & Pacific (excluding high income)",76663207,156779038,0.37229518001007,1,30,1,5,1,1,0,0,0,0,0,0,4,4,4,4,0,4,1,0,2,,,,,,,,,,2,2,2,2,2,2,1,2,2,,,,,,,,,,,,,,,,2,,2,,,,2,2,2,,2,,2,,2,2,2,,,2,2,2,4,1,1,2,,,,,,,,,2,,1,1,1,2,,,,,2,,,,,,,,,2,2,,,,,,,,2,,,,,,4,1,1,,,,,,,,,,,,,,1,,1,1,,2,,,3,2,,2,2,,8,1,,1,2,,1,1,1,1,1,2,2,2,2,,,,,,,,,,1,2,,,,,,,,,,,,,2,
2024,"Viet Nam","VNM","East Asia & Pacific (excluding high income)",76663207,156780115,0.898295888088306,1,30,2,3,1,2,1,1,1,1,1,1,1,4,4,4,1,2,1,1,1,1,1,2,2,,1,1,1,2,,,,,,,,,,,,,,,,,,,,,,,,,2,2,2,,,,1,2,2,,2,2,1,,2,2,2,,,,3,2,2,2,,,,2,2,,4,1,1,3,1,1,1,1,2,1,2,2,,1,1,2,1,1,,,2,2,,2,2,,,,,,,,2,,,,,,4,1,1,,,,,,,,,,,,,,1,,1,1,,1,,1,1,1,1,2,2,,2,1,,1,1,3,,2,1,1,1,1,2,2,1,,,,,,,,,,1,2,,,,,,,,,,,,,1,2
2024,"Viet Nam","VNM","East Asia & Pacific (excluding high income)",76663207,156820732,0.571198974382667,1,71,1,1,1,1,0,0,0,0,0,0,4,5,3,4,0,4,3,0,2,,,,,,,,,,2,2,2,2,1,2,1,2,2,,,,,,,,,,,,,,,,2,,2,,,,2,2,2,,2,,2,,2,2,2,,,2,5,1,3,2,,,,,,,,,,,2,,2,,2,2,,,,,2,,,,,,,,,3,1,2,2,2,2,,,,2,,,,,,4,0,1,,,,,,,,,,,,,,9,,2,2,,2,,,4,2,,2,2,,2,2,2,,,,,,,,,,,,,1,2,2,2,2,2,2,2,1,1,2,,,,,,,,,,,,,2,
2024,"Viet Nam","VNM","East Asia & Pacific (excluding high income)",76663207,156987333,1.12568049266993,2,22,2,3,2,1,1,1,1,1,1,0,4,4,4,4,1,4,1,1,1,1,2,3,3,1,2,1,1,2,,,,,,,,,,,,,,,,,,,,,,,,,2,2,2,,,,2,2,2,,2,2,1,,2,2,2,,,,7,,3,2,,,,2,1,2,,1,1,3,2,,1,1,2,2,,,,,2,,,,,,,,,2,2,,,,,,,,2,,,,,,3,1,1,,,,,,,,,,,,,,1,,1,1,,1,,1,4,1,1,2,2,,2,1,,1,1,1,,1,1,1,2,2,2,2,2,,,,,,,,,,1,2,,,,,,,,,,,,,1,2
2024,"Viet Nam","VNM","East Asia & Pacific (excluding high income)",76663207,157015522,0.758402776374282,1,20,2,3,1,2,1,1,1,1,0,1,1,4,4,4,1,4,3,1,1,1,1,2,2,,1,1,1,2,,,,,,,,,,,,,,,,,,,,,,,,,1,,2,3,1,1,,2,2,,2,,2,,2,2,2,,,2,8,,5,2,,,,1,1,1,,2,1,3,2,,2,,2,2,,,,,1,2,2,1,,,2,2,,2,2,,,,,,,,2,,,,,,3,1,1,,,,,,,,,,,,,,1,,2,1,,2,,,3,2,,2,2,,2,1,,1,1,3,,1,1,1,1,2,2,2,2,,,,,,,,,,1,2,,,,,,,,,,,,,2,
2024,"Viet Nam","VNM","East Asia & Pacific (excluding high income)",76663207,157144592,0.285906852512977,2,21,2,5,2,1,1,0,1,1,1,0,4,4,4,4,0,4,1,1,1,1,2,2,2,,1,1,1,1,,,,,,,,,,,,,,,,,,,,,,,,,2,,2,,,,2,1,2,,2,,1,,2,1,2,2,,,4,3,2,2,,,,1,2,,4,2,2,,2,,1,1,2,2,,,,,2,,,,,,,,,2,2,,,,,,,,2,,,,,,2,1,1,,,,,,,,,,,,,,1,,1,1,,1,,2,4,1,1,2,2,,1,1,,1,1,1,,1,1,1,1,2,1,2,2,,,,,,,,,,1,2,,,,,,,,,,,,,1,2
2024,"Viet Nam","VNM","East Asia & Pacific (excluding high income)",76663207,157329162,0.934782226370782,1,24,2,3,1,1,1,1,1,1,0,1,1,4,4,4,1,4,3,1,1,1,2,2,2,,1,1,1,2,,,,,,,,,,,,,,,,,,,,,,,,,1,,2,3,1,1,,2,2,,2,,2,,2,2,2,,,2,1,3,3,2,,,,2,1,2,,1,1,3,2,,2,,2,2,,,,,1,2,1,1,,,1,2,,2,2,,,,,,,,2,,,,,,3,1,1,,,,,,,,,,,,,,1,,1,1,,1,,1,1,1,1,2,2,,2,1,,1,1,3,,1,1,1,1,1,2,1,2,,,,,,,,,,1,2,,,,,,,,,,,,,1,2
2024,"Viet Nam","VNM","East Asia & Pacific (excluding high income)",76663207,157461534,1.37569484048063,2,56,1,2,1,1,0,0,0,0,0,1,4,4,4,4,0,4,3,0,2,,,,,,,,,,2,2,2,2,2,2,2,1,2,,,,,,,,,,,,,,,,2,,2,,,,1,2,2,,2,,2,,3,2,2,,,2,1,3,4,2,,,,,,,,,,,2,,2,,2,2,,,,,2,,,,,,,,,2,2,,,,,,,,2,,,,,,1,1,1,,,,,,,,,,,,,,2,2,1,1,,1,,1,1,2,,2,2,,2,1,,2,2,,2,1,2,2,2,2,2,2,2,2,2,2,2,2,1,2,2,6,1,2,,,,,,,,,,,,,1,2
2024,"Viet Nam","VNM","East Asia & Pacific (excluding high income)",76663207,157644448,0.859094922028297,1,38,2,3,1,2,0,0,0,0,1,1,4,4,4,4,0,2,3,0,2,,,,,,,,,,2,2,2,2,2,2,2,1,2,,,,,,,,,,,,,,,,2,,2,,,,1,2,2,,2,,1,,2,2,2,,,,3,3,4,2,,,,,,,,,,,2,,2,,2,1,2,2,,1,2,,,,,,,,,2,2,,,,,,,,2,,,,,,5,1,1,,,,,,,,,,,,,,1,,1,1,,1,,1,2,1,1,2,2,,2,1,,1,1,3,,2,1,1,1,2,2,2,2,,,,,,,,,,1,2,,,,,,,,,,,,,1,2
2024,"Viet Nam","VNM","East Asia & Pacific (excluding high income)",76663207,157678403,1.97978925510297,1,25,3,4,1,1,1,1,1,1,0,1,1,4,4,4,1,4,3,1,1,1,1,2,1,,1,1,1,2,,,,,,,,,,,,,,,,,,,,,,,,,1,,2,2,2,1,,2,2,,2,,2,,2,2,2,,,2,1,3,4,2,,,,2,1,2,,2,1,3,2,,2,,2,2,,,,,1,2,1,1,,,1,2,,2,2,,,,,,,,2,,,,,,3,1,1,,,,,,,,,,,,,,1,,1,1,,1,,1,8,1,1,2,2,,2,1,,1,1,3,,1,1,1,1,2,2,2,2,,,,,,,,,,1,2,,,,,,,,,,,,,1,2
2024,"Viet Nam","VNM","East Asia & Pacific (excluding high income)",76663207,157684531,0.574029455010427,1,27,2,4,1,2,1,0,1,1,1,0,1,4,4,4,1,1,3,1,1,1,1,2,2,,2,1,1,2,,,,,,,,,,,,,,,,,,,,,,,,,2,,2,,,,2,2,2,,2,,1,,2,2,2,,,,2,2,1,2,,,,1,1,1,,1,1,3,2,,2,,2,1,1,1,,,1,2,1,2,,,2,2,,2,2,,,,,,,,2,,,,,,3,1,1,,,,,,,,,,,,,,1,,1,1,,1,,1,1,1,1,2,2,,2,1,,1,1,3,,1,1,1,1,2,2,2,2,,,,,,,,,,1,2,,,,,,,,,,,,,1,1
2024,"Viet Nam","VNM","East Asia & Pacific (excluding high income)",76663207,157686447,0.64837643345405,1,48,2,1,1,2,1,0,1,0,0,0,4,4,4,4,0,4,3,0,1,2,2,3,3,1,1,1,2,2,,,,,,,,,,,,,,,,,,,,,,,,,2,,2,,,,2,2,2,,2,,2,,2,2,2,,,2,2,2,3,2,,,,2,2,,4,2,2,,2,,2,,2,2,,,,,2,,,,,,,,,2,2,,,,,,,,2,,,,,,3,1,1,,,,,,,,,,,,,,1,,1,1,,1,,1,1,1,2,2,2,,2,1,,1,2,,1,1,1,2,2,2,2,2,2,,,,,,,,,,1,2,,,,,,,,,,,,,1,2
2024,"Viet Nam","VNM","East Asia & Pacific (excluding high income)",76663207,157753339,0.957846272200131,2,29,2,2,1,1,1,1,1,1,1,1,1,4,4,4,1,4,1,1,1,1,1,2,2,,1,1,1,2,,,,,,,,,,,,,,,,,,,,,,,,,1,,2,3,2,2,,2,2,,2,,1,,2,2,2,,,,3,3,4,2,,,,2,1,2,,1,2,,1,1,1,1,2,2,,,,,1,2,1,1,,,2,2,,2,2,,,,,,,,2,,,,,,4,1,1,,,,,,,,,,,,,,1,,1,1,,1,,1,1,1,1,2,2,,2,1,,1,1,3,,2,1,1,1,2,2,2,2,,,,,,,,,,1,2,,,,,,,,,,,,,1,2
2024,"Viet Nam","VNM","East Asia & Pacific (excluding high income)",76663207,157956385,1.02625765462501,1,35,2,1,1,1,0,0,0,0,1,1,2,4,4,4,0,2,3,0,2,,,,,,,,,,2,2,2,2,2,2,1,2,2,,,,,,,,,,,,,,,,2,,2,,,,1,2,2,,1,,1,,1,2,1,,,,3,1,2,2,,,,,,,,,,,2,,2,,2,1,2,2,,1,1,2,2,2,1,,,,,2,2,,,,,,,,2,,,,,,4,0,1,,,,,,,,,,,,,,2,2,1,1,,1,,1,1,1,1,2,2,,2,2,2,,,,,,,,,,,,,1,2,2,2,2,2,2,1,1,1,2,,,,,,,,,,,,,2,
2024,"Viet Nam","VNM","East Asia & Pacific (excluding high income)",76663207,158050363,0.712264214935924,1,16,2,1,1,2,1,1,1,1,0,1,4,4,4,4,1,1,1,1,1,1,2,1,1,,1,1,1,2,,,,,,,,,,,,,,,,,,,,,,,,,1,1,2,2,2,2,,2,2,,2,2,2,,2,2,2,,,2,2,2,3,2,,,,1,1,1,,1,1,3,1,1,1,1,2,1,2,1,,,2,,,,,,,,,2,2,,,,,,,,2,,,,,,4,1,1,,,,,,,,,,,,,,1,,1,1,,1,,1,1,1,2,2,2,,2,1,,1,1,1,,1,1,1,2,2,1,2,1,,,,,,,,,,1,2,,,,,,,,,,,,,1,1
2024,"Viet Nam","VNM","East Asia & Pacific (excluding high income)",76663207,158105039,0.659088011740394,1,31,2,4,1,1,1,1,1,1,0,1,4,4,4,1,1,2,1,1,1,1,2,1,1,,1,1,1,2,,,,,,,,,,,,,,,,,,,,,,,,,1,,2,2,1,1,,2,2,,2,,2,,2,2,2,,,2,1,3,4,2,,,,1,1,1,,1,1,3,2,,1,1,1,1,2,2,,1,2,,,,,,,,,2,2,,,,,,,,1,2,1,,,1,6,1,1,,,,,,,,,,,,,,1,,1,1,,1,,1,1,1,1,2,2,,2,1,,1,1,3,,1,1,1,1,1,1,1,2,,,,,,,,,,1,2,,,,,,,,,,,,,2,
2024,"Viet Nam","VNM","East Asia & Pacific (excluding high income)",76663207,158155475,1.15900337769161,1,36,2,2,1,1,1,0,1,0,1,1,1,4,4,4,0,2,3,1,1,2,1,2,2,,2,2,2,2,,,,,,,,,,,,,,,,,,,,,,,,,2,,2,,,,1,1,2,,2,,1,,2,2,2,,,,1,3,4,2,,,,2,2,,4,2,1,2,2,,2,,2,1,2,2,,1,1,2,1,2,,,2,2,,2,2,,,,,,,,2,,,,,,5,1,1,,,,,,,,,,,,,,1,,1,1,,1,,2,1,1,1,2,2,,2,1,,1,2,,1,1,1,1,1,1,2,2,2,,,,,,,,,,1,2,,,,,,,,,,,,,2,
2024,"Viet Nam","VNM","East Asia & Pacific (excluding high income)",76663207,158183287,0.934782226370782,1,20,2,1,1,1,1,1,1,1,1,0,4,4,4,1,1,4,3,1,1,1,1,2,2,,1,1,1,2,,,,,,,,,,,,,,,,,,,,,,,,,2,,2,,,,2,2,2,,2,,1,,2,2,1,,,,2,1,3,1,1,1,2,1,1,1,,1,1,3,2,,2,,2,2,,,,,2,,,,,,,,,2,2,,,,,,,,1,2,1,,,1,3,1,1,,,,,,,,,,,,,,1,,1,1,,1,,1,1,1,1,2,2,,2,1,,1,1,3,,1,1,1,1,1,2,2,2,,,,,,,,,,1,2,,,,,,,,,,,,,1,2
2024,"Viet Nam","VNM","East Asia & Pacific (excluding high income)",76663207,158200896,0.494947313775742,1,34,3,5,1,2,1,0,1,1,0,1,1,4,4,4,1,1,2,1,1,1,1,2,1,,1,1,1,2,,,,,,,,,,,,,,,,,,,,,,,,,2,,2,,,,1,2,2,,2,,2,,2,2,2,,,2,3,2,3,2,,,,1,1,1,,1,1,1,1,2,2,,2,1,2,1,,,1,2,2,2,2,1,2,2,,2,2,,,,,,,,2,,,,,,3,1,1,,,,,,,,,,,,,,1,,1,1,,1,,1,1,1,1,2,2,,2,1,,1,2,,1,1,1,1,1,2,2,2,2,,,,,,,,,,1,2,,,,,,,,,,,,,1,2
2024,"Viet Nam","VNM","East Asia & Pacific (excluding high income)",76663207,158224620,0.568802082280711,1,17,2,4,1,2,0,0,0,0,1,1,4,4,4,4,0,2,3,0,2,,,,,,,,,,2,2,2,2,2,2,2,1,2,,,,,,,,,,,,,,,,2,,2,,,,1,2,2,,2,,1,,2,2,2,,,,2,1,3,2,,,,,,,,,,,2,,2,,2,1,2,2,,1,2,,,,,,,,,2,2,,,,,,,,2,,,,,,4,1,1,,,,,,,,,,,,,,1,,1,1,,1,,1,1,1,1,1,2,,2,1,,1,2,,2,2,1,1,1,1,2,2,2,,,,,,,,,,1,2,,,,,,,,,,,,,2,
2024,"Viet Nam","VNM","East Asia & Pacific (excluding high income)",76663207,158364164,0.916042643227793,1,63,1,1,1,1,0,0,0,0,0,1,4,4,4,2,0,4,3,0,2,,,,,,,,,,2,2,2,2,2,2,2,2,2,,,,,,,,,,,,,,,,2,,2,,,,1,2,2,,2,,2,,2,2,2,,,2,2,2,2,1,2,2,,,,,,,,,2,,2,,2,2,,,,,2,,,,,,,,,2,2,,,,,,,,1,2,2,1,,2,3,0,1,,,,,,,,,,,,,,2,2,1,1,,1,,1,1,2,,2,2,,2,2,2,,,,,,,,,,,,,2,2,2,2,2,2,2,1,8,1,2,,,,,,,,,,,,,2,
2024,"Viet Nam","VNM","East Asia & Pacific (excluding high income)",76663207,158493874,0.986073640690129,2,22,3,5,2,2,1,1,1,1,0,1,4,4,4,4,1,1,2,1,1,1,1,2,1,,1,1,1,1,,,,,,,,,,,,,,,,,,,,,,,,,2,2,2,,,,1,2,2,,2,2,2,,2,2,2,2,,2,3,3,2,2,,,,1,1,1,,1,1,2,2,,1,2,2,1,1,1,,,2,,,,,,,,,2,2,,,,,,,,2,,,,,,4,1,1,,,,,,,,,,,,,,1,,1,1,,1,,1,1,1,1,1,2,,2,1,,1,1,3,,1,1,1,1,1,2,2,2,,,,,,,,,,1,2,,,,,,,,,,,,,2,
2024,"Viet Nam","VNM","East Asia & Pacific (excluding high income)",76663207,158572237,0.3681837400681,2,52,1,4,2,1,0,0,0,0,0,0,2,4,4,4,0,2,3,0,2,,,,,,,,,,2,2,2,2,2,2,2,2,2,,,,,,,,,,,,,,,,2,,2,,,,2,2,2,,2,,2,,2,2,2,,,2,3,2,2,2,,,,,,,,,,,2,,2,,2,1,2,2,,1,1,2,2,2,1,,,,,2,2,,,,,,,,2,,,,,,4,1,1,,,,,,,,,,,,,,1,,1,1,,1,,1,1,2,,2,2,,2,1,,1,2,,2,2,2,1,1,2,2,2,2,,,,,,,,,,1,2,,,,,,,,,,,,,2,
2024,"Viet Nam","VNM","East Asia & Pacific (excluding high income)",76663207,158681739,1.62261454487506,2,30,2,5,1,1,1,1,1,1,1,1,4,4,4,4,1,4,3,1,1,1,1,1,1,,1,1,1,2,,,,,,,,,,,,,,,,,,,,,,,,,2,2,2,,,,1,2,2,,2,2,1,,2,2,2,,,,3,2,3,2,,,,2,1,2,,1,1,2,2,,2,,2,2,,,,,2,,,,,,,,,2,2,,,,,,,,2,,,,,,2,1,1,,,,,,,,,,,,,,1,,1,1,,1,,1,1,1,1,2,2,,2,1,,1,1,3,,1,1,1,1,2,2,2,2,,,,,,,,,,1,2,,,,,,,,,,,,,1,2
2024,"Viet Nam","VNM","East Asia & Pacific (excluding high income)",76663207,158705750,0.277918251839475,1,58,1,1,1,1,1,0,1,0,0,1,4,1,4,4,0,1,1,1,1,2,2,2,2,,1,1,1,2,,,,,,,,,,,,,,,,,,,,,,,,,1,,2,3,2,1,,2,2,,2,,2,,2,2,2,,,2,5,1,1,2,,,,2,2,,4,2,2,,2,,1,1,2,1,1,1,,,2,,,,,,,,,1,2,1,2,,,1,2,,2,,,,,,3,0,2,1,1,2,2,2,2,2,1,1,1,2,2,,,,,,,,,,,,,,,,,2,2,,,,,,,,,,,,,,,,,,,,,,1,2,,,,,,,,,,,,,2,
2024,"Viet Nam","VNM","East Asia & Pacific (excluding high income)",76663207,158812127,0.257157228928712,1,23,1,2,1,1,1,0,1,0,0,1,4,4,4,4,0,1,3,1,2,2,2,4,3,1,2,2,1,1,,,,,,,,,,,,,,,,,,,,,,,,,2,,2,,,,1,2,2,,2,,2,,2,2,2,2,,2,3,2,2,2,,,,2,2,,1,1,2,,2,,2,,2,1,1,1,,,2,,,,,,,,,2,2,,,,,,,,2,,,,,,4,1,1,,,,,,,,,,,,,,1,,1,1,,1,,1,1,1,1,2,2,,2,1,,1,1,3,,1,1,1,1,2,1,2,2,,,,,,,,,,1,2,,,,,,,,,,,,,1,2
2024,"Viet Nam","VNM","East Asia & Pacific (excluding high income)",76663207,158829203,0.767979949033449,2,42,2,3,1,1,1,0,1,1,1,1,4,4,4,4,0,4,3,0,1,1,1,3,3,1,2,1,1,2,,,,,,,,,,,,,,,,,,,,,,,,,2,,2,,,,1,2,2,,2,,1,,2,2,2,,,,1,2,4,2,,,,2,2,,4,2,2,,2,,2,,2,2,,,,,2,,,,,,,,,2,2,,,,,,,,2,,,,,,3,1,1,,,,,,,,,,,,,,1,,1,1,,1,,2,1,1,1,2,2,,2,1,,1,1,4,,1,1,1,1,2,2,2,2,,,,,,,,,,1,2,,,,,,,,,,,,,2,
2024,"Viet Nam","VNM","East Asia & Pacific (excluding high income)",76663207,158840021,1.31080002813201,1,30,2,4,1,1,1,1,1,1,0,1,1,4,4,4,1,1,3,1,1,1,1,3,1,,1,1,1,2,,,,,,,,,,,,,,,,,,,,,,,,,1,2,2,3,1,2,,1,2,,2,2,2,,2,2,2,,,2,2,2,4,2,,,,1,1,1,,1,1,3,2,,2,,2,1,1,2,,,1,2,1,2,,,1,2,,2,2,,,,,,,,2,,,,,,3,1,1,,,,,,,,,,,,,,1,,1,1,,1,,1,2,1,1,2,2,,2,1,,1,1,3,,1,1,1,1,1,2,2,2,,,,,,,,,,1,2,,,,,,,,,,,,,1,2
2024,"Viet Nam","VNM","East Asia & Pacific (excluding high income)",76663207,158865764,1.12748422149734,1,39,2,3,1,1,1,1,1,1,0,1,4,4,4,1,1,1,3,1,1,1,2,2,2,,1,1,1,2,,,,,,,,,,,,,,,,,,,,,,,,,1,,2,3,2,2,,2,2,,2,,2,,2,2,2,,,2,2,2,3,2,,,,1,1,2,,1,2,,2,,2,,2,1,1,1,,,2,,,,,,,,,2,2,,,,,,,,1,1,1,,,1,3,1,1,,,,,,,,,,,,,,1,,2,1,,1,,1,1,2,,2,2,,2,1,,1,1,3,,1,1,1,1,1,2,2,2,,,,,,,,,,1,2,,,,,,,,,,,,,1,2
2024,"Viet Nam","VNM","East Asia & Pacific (excluding high income)",76663207,158934293,0.257157228928712,1,38,2,1,1,1,0,0,0,0,0,1,4,4,4,4,0,2,3,0,2,,,,,,,,,,2,2,3,2,2,2,1,2,2,,,,,,,,,,,,,,,,2,,2,,,,1,2,2,,2,,2,,2,2,2,,,2,4,1,4,2,,,,,,,,,,,2,,2,,2,1,2,2,,1,2,,,,,,,,,2,2,,,,,,,,2,,,,,,3,1,1,,,,,,,,,,,,,,1,,1,1,,1,,1,1,2,,2,2,,2,1,,1,1,4,,1,1,1,1,2,2,2,2,,,,,,,,,,1,2,,,,,,,,,,,,,2,
2024,"Viet Nam","VNM","East Asia & Pacific (excluding high income)",76663207,158977666,0.801826777926979,2,25,2,4,1,2,1,1,1,1,1,0,1,4,4,4,1,1,3,1,1,1,1,3,3,1,1,1,1,2,,,,,,,,,,,,,,,,,,,,,,,,,2,2,2,,,,2,2,2,,2,2,1,,2,2,2,,,,2,2,2,2,,,,2,1,3,,1,1,3,2,,2,,2,1,2,1,,,1,2,2,1,,,2,2,,2,2,,,,,,,,2,,,,,,3,1,1,,,,,,,,,,,,,,1,,1,1,,1,,1,1,1,1,2,2,,2,1,,1,1,1,,1,1,1,1,1,2,1,1,,,,,,,,,,1,2,,,,,,,,,,,,,1,1
2024,"Viet Nam","VNM","East Asia & Pacific (excluding high income)",76663207,159095530,0.78924372962678,2,33,2,3,1,1,1,1,1,1,0,1,1,4,4,4,1,4,3,1,1,1,2,2,2,,1,1,1,2,,,,,,,,,,,,,,,,,,,,,,,,,1,,2,3,1,2,,2,2,,2,,2,,2,2,2,,,2,2,2,3,2,,,,2,1,2,,1,1,3,2,,2,,2,2,,,,,1,2,1,1,,,2,2,,2,2,,,,,,,,2,,,,,,3,1,1,,,,,,,,,,,,,,1,,1,1,,1,,1,4,2,,2,2,,2,1,,1,1,3,,1,1,1,1,1,2,1,2,,,,,,,,,,1,2,,,,,,,,,,,,,1,2
2024,"Viet Nam","VNM","East Asia & Pacific (excluding high income)",76663207,159311676,0.987502501233991,1,42,2,2,1,1,1,0,1,1,0,1,4,4,4,2,1,2,3,1,1,1,2,2,2,,1,1,1,2,,,,,,,,,,,,,,,,,,,,,,,,,1,,2,2,1,1,,2,2,,2,,2,,2,2,2,,,2,3,3,4,2,,,,2,1,1,,2,1,2,2,,2,,2,1,2,2,,1,2,,,,,,,,,2,2,,,,,,,,1,2,2,1,,2,2,1,1,,,,,,,,,,,,,,1,,1,1,,1,,1,1,1,1,2,2,,2,1,,1,2,,1,1,1,1,1,2,2,2,2,,,,,,,,,,1,1,,,,,,,,,,,,,1,2
2024,"Viet Nam","VNM","East Asia & Pacific (excluding high income)",76663207,159395589,1.54286563345233,2,24,2,3,1,2,1,1,1,1,1,1,1,4,4,4,1,4,3,1,1,1,1,2,1,,1,1,1,2,,,,,,,,,,,,,,,,,,,,,,,,,1,2,2,3,1,2,,2,2,,2,2,1,,2,2,2,,,,2,3,4,2,,,,2,1,1,,1,1,2,2,,2,,2,2,,,,,1,2,1,1,,,2,2,,2,2,,,,,,,,2,,,,,,3,1,1,,,,,,,,,,,,,,1,,1,1,,1,,1,1,1,1,2,2,,2,1,,1,1,3,,1,1,1,1,1,1,1,2,,,,,,,,,,1,2,,,,,,,,,,,,,1,2
2024,"Viet Nam","VNM","East Asia & Pacific (excluding high income)",76663207,159413090,1.26433289537119,2,46,2,3,1,2,1,0,1,1,0,0,1,4,4,4,1,1,3,1,1,1,1,2,1,,1,1,1,2,,,,,,,,,,,,,,,,,,,,,,,,,2,,2,,,,2,2,2,,2,,2,,2,2,2,,,2,2,3,4,2,,,,2,1,1,,1,1,2,2,,2,,2,1,1,1,,,1,2,1,2,,,2,2,,2,2,,,,,,,,2,,,,,,1,1,1,,,,,,,,,,,,,,1,,1,1,,1,,1,1,1,1,2,2,,2,1,,1,1,3,,2,2,1,2,2,2,2,2,,,,,,,,,,1,2,,,,,,,,,,,,,1,2
2024,"Viet Nam","VNM","East Asia & Pacific (excluding high income)",76663207,159582301,0.740626875925493,1,35,2,3,1,1,1,0,1,0,0,0,1,4,4,4,0,4,3,1,1,2,1,4,2,,2,1,2,2,,,,,,,,,,,,,,,,,,,,,,,,,2,,2,,,,2,2,2,,2,,2,,2,2,2,,,2,2,3,4,2,,,,2,2,,1,2,2,,2,,2,,2,2,,,,,1,2,1,2,,,2,1,,2,2,,,,,,,,2,,,,,,3,1,1,,,,,,,,,,,,,,1,,1,1,,1,,1,1,2,,2,2,,2,1,,1,1,3,,1,1,1,1,1,2,2,2,,,,,,,,,,1,2,,,,,,,,,,,,,2,
2024,"Viet Nam","VNM","East Asia & Pacific (excluding high income)",76663207,159706745,1.13657526841293,1,33,3,1,2,1,1,1,1,1,1,1,4,4,4,1,1,1,3,1,1,1,1,3,1,,1,1,1,2,,,,,,,,,,,,,,,,,,,,,,,,,1,1,2,3,1,1,,1,2,,2,2,2,,2,2,1,,,2,2,1,4,1,1,1,1,1,1,1,,1,1,3,2,,2,,2,1,1,1,,,2,,,,,,,,,2,2,,,,,,,,1,1,1,,,1,4,1,1,,,,,,,,,,,,,,1,,1,1,,1,,1,1,1,1,2,2,,2,1,,1,1,1,,1,1,1,1,1,2,2,2,,,,,,,,,,1,2,,,,,,,,,,,,,1,2
2024,"Viet Nam","VNM","East Asia & Pacific (excluding high income)",76663207,159709090,0.655400014066006,1,30,2,4,1,1,1,0,1,1,0,1,1,4,4,1,1,1,3,1,1,1,1,2,2,,1,1,1,2,,,,,,,,,,,,,,,,,,,,,,,,,2,,2,,,,1,2,2,,2,,2,,2,2,2,,,2,3,3,3,2,,,,1,1,1,,1,1,3,2,,2,,2,1,1,1,,,1,2,1,2,,,2,2,,2,2,,,,,,,,1,1,2,,,1,3,1,1,,,,,,,,,,,,,,1,,1,1,,1,,1,1,1,1,2,2,,2,1,,1,1,3,,2,1,1,2,2,2,2,2,,,,,,,,,,1,2,,,,,,,,,,,,,1,2
2024,"Viet Nam","VNM","East Asia & Pacific (excluding high income)",76663207,159910591,0.360702004364158,2,30,1,1,1,1,0,0,0,0,1,0,2,4,4,2,0,2,3,0,2,,,,,,,,,,2,2,2,1,2,2,2,2,2,,,,,,,,,,,,,,,,2,,2,,,,2,2,2,,2,,1,,2,2,2,,,,2,1,2,2,,,,,,,,,,,2,,2,,2,1,2,2,,1,1,2,2,2,1,,,,,2,2,,,,,,,,1,2,2,1,,2,4,0,2,1,2,2,1,2,2,1,1,1,2,2,2,,,,,,,,,,,,,,,,,2,2,,,,,,,,,,,,,,,,,,,,,,1,2,,,,,,,,,,,,,2,
2024,"Viet Nam","VNM","East Asia & Pacific (excluding high income)",76663207,159992125,0.799167388189266,1,47,2,3,1,1,1,1,1,1,0,1,4,4,4,1,1,1,2,1,1,1,1,2,1,,1,1,1,2,,,,,,,,,,,,,,,,,,,,,,,,,1,2,2,2,1,2,,2,2,,2,2,2,,2,2,2,,,2,2,2,3,2,,,,1,1,2,,1,1,3,2,,1,2,2,1,1,1,,,2,,,,,,,,,2,2,,,,,,,,1,1,2,,,1,3,1,1,,,,,,,,,,,,,,1,,1,1,,1,,1,1,1,1,2,2,,2,1,,1,1,3,,2,1,1,1,1,2,2,2,,,,,,,,,,1,2,,,,,,,,,,,,,1,1
2024,"Viet Nam","VNM","East Asia & Pacific (excluding high income)",76663207,160051375,0.264325833357986,2,19,1,2,2,1,1,1,1,1,0,0,4,4,4,4,0,4,3,1,2,1,2,1,3,,2,1,2,2,,,,,,,,,,,,,,,,,,,,,,,,,2,2,2,,,,2,2,2,,2,2,2,,2,2,2,,,2,1,1,1,2,,,,2,2,,1,2,1,2,2,,2,,2,2,,,,,2,,,,,,,,,2,2,,,,,,,,2,,,,,,3,1,1,,,,,,,,,,,,,,1,,1,1,,1,,1,1,1,1,2,2,,2,1,,1,1,3,,2,1,1,2,2,2,2,2,,,,,,,,,,1,2,,,,,,,,,,,,,2,
2024,"Viet Nam","VNM","East Asia & Pacific (excluding high income)",76663207,160209108,0.581006308217438,2,20,1,4,1,1,0,0,0,0,0,1,4,4,4,4,0,2,2,0,2,,,,,,,,,,2,2,1,2,2,2,2,1,2,,,,,,,,,,,,,,,,2,,2,,,,1,2,2,,2,,2,,2,2,2,,,2,3,3,4,2,,,,,,,,,,,2,,1,2,2,1,2,2,,1,2,,,,,,,,,2,2,,,,,,,,2,,,,,,6,1,1,,,,,,,,,,,,,,1,,1,1,,1,,1,4,1,1,2,2,,2,1,,1,1,3,,1,1,1,2,1,2,2,2,,,,,,,,,,1,2,,,,,,,,,,,,,2,
2024,"Viet Nam","VNM","East Asia & Pacific (excluding high income)",76663207,160284612,0.562840246334965,2,19,2,4,1,1,1,1,1,1,0,0,1,4,4,4,0,4,2,1,1,1,1,2,2,,1,1,1,2,,,,,,,,,,,,,,,,,,,,,,,,,2,2,2,,,,2,2,2,,2,2,2,,2,2,2,,,2,2,2,3,2,,,,2,2,,1,1,2,,2,,1,2,2,2,,,,,1,2,1,2,,,2,2,,2,2,,,,,,,,2,,,,,,3,1,1,,,,,,,,,,,,,,1,,1,1,,1,,1,4,1,1,2,2,,2,1,,1,1,1,,1,1,1,2,2,2,2,2,,,,,,,,,,1,2,,,,,,,,,,,,,1,2
2024,"Viet Nam","VNM","East Asia & Pacific (excluding high income)",76663207,160534254,0.514461116050531,2,21,1,1,1,1,0,0,0,0,1,0,2,4,4,4,0,4,3,0,2,,,,,,,,,,2,2,1,2,2,2,1,2,2,,,,,,,,,,,,,,,,2,,2,,,,2,2,2,,2,,1,,2,2,2,,,,3,1,4,2,,,,,,,,,,,2,,2,,2,2,,,,,1,2,2,2,1,,,,,2,2,,,,,,,,2,,,,,,4,1,1,,,,,,,,,,,,,,1,,1,1,,1,,1,1,1,1,2,2,,2,1,,1,1,3,,2,1,1,1,2,2,1,2,,,,,,,,,,1,2,,,,,,,,,,,,,1,2
2024,"Viet Nam","VNM","East Asia & Pacific (excluding high income)",76663207,160573038,1.54533783692215,1,41,2,1,1,1,1,0,1,0,0,1,4,4,4,2,0,4,3,0,2,2,2,3,3,2,1,2,2,2,,,,,,,,,,,,,,,,,,,,,,,,,1,,2,3,1,2,,1,2,,2,,2,,2,2,2,,,2,1,2,4,2,,,,2,2,,4,2,2,,2,,2,,2,2,,,,,2,,,,,,,,,2,2,,,,,,,,1,2,2,1,,1,4,1,1,,,,,,,,,,,,,,1,,1,1,,1,,1,1,1,1,2,2,,2,1,,1,1,3,,2,1,1,1,2,2,2,2,,,,,,,,,,1,2,,,,,,,,,,,,,1,2
2024,"Viet Nam","VNM","East Asia & Pacific (excluding high income)",76663207,160616592,0.257157228928712,2,42,1,1,1,1,0,0,0,0,1,0,2,4,4,4,0,2,3,0,2,,,,,,,,,,2,2,2,2,1,2,1,2,2,,,,,,,,,,,,,,,,2,,2,,,,2,2,2,,2,,1,,1,2,2,,,,2,1,4,1,1,2,,,,,,,,,2,,2,,2,1,2,2,,1,1,2,2,2,1,,,,,2,2,,,,,,,,2,,,,,,3,1,1,,,,,,,,,,,,,,1,,1,1,,1,,1,1,1,2,2,2,,2,1,,1,1,3,,1,2,1,1,2,2,2,2,,,,,,,,,,1,2,,,,,,,,,,,,,1,1
2024,"Viet Nam","VNM","East Asia & Pacific (excluding high income)",76663207,160733223,0.386464095294778,1,40,1,1,1,1,0,0,0,0,1,0,2,4,4,4,0,4,3,0,2,,,,,,,,,,2,2,3,2,2,2,1,2,2,,,,,,,,,,,,,,,,2,,2,,,,2,2,2,,1,,1,,2,2,2,,,,4,1,2,2,,,,,,,,,,,2,,2,,2,2,,,,,1,2,2,2,1,,,,,2,2,,,,,,,,2,,,,,,7,1,1,,,,,,,,,,,,,,1,,1,3,,1,,1,1,2,,2,1,2,2,1,,3,1,3,,1,1,1,2,2,2,2,2,,,,,,,,,,1,2,,,,,,,,,,,,,1,1
2024,"Viet Nam","VNM","East Asia & Pacific (excluding high income)",76663207,160734571,2.54600300599036,2,31,3,4,1,1,1,1,1,1,0,1,4,4,4,4,1,1,1,1,1,1,2,2,2,,1,1,1,2,,,,,,,,,,,,,,,,,,,,,,,,,1,1,1,2,1,2,,2,2,,2,2,2,2,2,2,2,,,2,3,2,3,2,,,,1,1,2,,1,1,2,1,1,1,1,2,1,1,1,,,2,,,,,,,,,2,2,,,,,,,,2,,,,,,2,1,1,,,,,,,,,,,,,,1,,1,1,,1,,1,1,1,1,2,2,,2,1,,1,1,4,,1,1,1,1,1,1,2,2,,,,,,,,,,1,2,,,,,,,,,,,,,1,1
2024,"Viet Nam","VNM","East Asia & Pacific (excluding high income)",76663207,160742129,0.492961356313086,2,18,2,4,2,1,1,0,1,1,1,0,4,4,4,4,1,4,2,1,2,1,2,2,2,,2,2,1,2,,,,,,,,,,,,,,,,,,,,,,,,,2,,2,,,,2,2,2,,2,,1,,2,2,2,,,,2,2,3,2,,,,2,1,2,,2,1,1,2,,1,2,2,2,,,,,2,,,,,,,,,2,2,,,,,,,,2,,,,,,3,1,1,,,,,,,,,,,,,,1,,2,1,,1,,2,1,1,1,2,1,2,2,1,,1,1,3,,1,1,1,1,1,2,2,2,,,,,,,,,,1,2,,,,,,,,,,,,,2,
2024,"Viet Nam","VNM","East Asia & Pacific (excluding high income)",76663207,160778128,0.257157228928712,1,80,1,2,2,2,0,0,0,0,1,0,4,4,2,4,0,2,3,0,2,,,,,,,,,,2,2,2,2,3,1,1,2,3,,,,,,,,,,,,,,,,2,,2,,,,2,2,2,,2,,1,,2,2,2,,,,2,1,1,2,,,,,,,,,,,2,,2,,2,1,2,2,,1,2,,,,,,,,,2,1,2,2,1,,,,,2,,,,,,3,0,1,,,,,,,,,,,,,,2,2,1,1,,2,,,3,2,,2,2,,2,2,2,,,,,,,,,,,,,2,1,8,1,2,8,8,1,4,1,2,,,,,,,,,,,,,1,2
2024,"Viet Nam","VNM","East Asia & Pacific (excluding high income)",76663207,160824761,1.6430166996435,1,52,2,3,2,1,1,1,1,1,1,1,4,4,4,2,0,4,1,1,1,1,2,3,3,1,1,1,1,2,,,,,,,,,,,,,,,,,,,,,,,,,1,2,2,3,1,2,,2,2,,1,2,1,,2,1,2,,,,2,2,1,2,,,,2,2,,4,2,1,2,1,1,1,1,2,2,,,,,2,,,,,,,,,2,2,,,,,,,,1,2,2,1,,1,3,1,1,,,,,,,,,,,,,,1,,1,1,,1,,1,1,1,1,2,2,,2,1,,1,2,,2,1,1,1,1,2,2,2,2,,,,,,,,,,1,2,,,,,,,,,,,,,1,1
2024,"Viet Nam","VNM","East Asia & Pacific (excluding high income)",76663207,160851642,1.58736975701651,2,26,2,3,1,1,1,0,1,0,1,1,4,4,4,4,0,4,3,0,1,2,2,3,3,1,1,2,1,2,,,,,,,,,,,,,,,,,,,,,,,,,1,,2,3,2,2,,2,2,,2,,1,,2,2,2,,,,2,2,3,1,2,1,2,2,2,,4,2,2,,2,,2,,2,2,,,,,2,,,,,,,,,2,2,,,,,,,,2,,,,,,2,1,1,,,,,,,,,,,,,,1,,1,1,,1,,1,1,1,1,2,2,,2,1,,1,1,3,,1,1,1,1,2,2,2,2,,,,,,,,,,1,2,,,,,,,,,,,,,2,
2024,"Viet Nam","VNM","East Asia & Pacific (excluding high income)",76663207,160917462,0.655400014066006,1,30,2,2,1,1,1,1,1,1,0,1,1,4,4,4,1,1,3,1,1,1,1,3,2,,1,1,1,2,,,,,,,,,,,,,,,,,,,,,,,,,1,1,2,2,1,1,,2,2,,2,2,2,,2,2,2,,,2,1,3,4,2,,,,1,1,2,,1,2,,2,,2,,2,1,1,1,,,1,2,1,2,,,2,2,,2,2,,,,,,,,2,,,,,,3,1,1,,,,,,,,,,,,,,1,,1,1,,1,,1,4,1,1,2,2,,2,1,,1,2,,1,2,1,1,1,2,2,2,2,,,,,,,,,,1,2,,,,,,,,,,,,,1,2
2024,"Viet Nam","VNM","East Asia & Pacific (excluding high income)",76663207,160923739,1.16576810680496,1,16,2,3,2,1,0,1,1,1,1,1,4,4,4,4,0,4,2,1,2,,,,,,,,,,2,2,2,2,2,2,2,1,2,,,,,,,,,,,,,,,,2,1,2,3,2,2,,2,2,,2,2,1,,2,2,2,,,,2,2,4,2,,,,1,2,,4,2,1,2,2,,1,2,2,2,,,,,2,,,,,,,,,2,2,,,,,,,,2,,,,,,5,1,1,,,,,,,,,,,,,,1,,1,1,,1,,1,1,2,,2,2,,2,1,,1,1,4,,1,1,1,1,2,2,2,2,,,,,,,,,,1,2,,,,,,,,,,,,,1,2
2024,"Viet Nam","VNM","East Asia & Pacific (excluding high income)",76663207,160963114,0.319717281551789,2,19,1,1,2,1,0,0,0,0,0,0,4,2,4,4,0,4,3,0,2,,,,,,,,,,2,2,2,2,2,2,2,2,2,,,,,,,,,,,,,,,,2,,2,,,,2,2,2,,2,,2,,2,2,2,,,2,2,1,3,2,,,,,,,,,,,2,,2,,2,2,,,,,2,,,,,,,,,1,2,2,2,1,,,,,2,,,,,,3,1,1,,,,,,,,,,,,,,1,,2,1,,1,,1,4,1,2,8,1,2,2,1,,1,2,,1,1,1,1,2,2,2,2,2,,,,,,,,,,1,2,,,,,,,,,,,,,2,
2024,"Viet Nam","VNM","East Asia & Pacific (excluding high income)",76663207,161100841,0.532636211828321,1,59,2,5,1,1,1,1,1,1,0,1,4,4,4,1,0,2,1,1,1,2,1,2,2,,2,1,2,2,,,,,,,,,,,,,,,,,,,,,,,,,1,,1,3,1,1,,2,2,,2,,2,2,2,2,2,,,2,1,3,4,2,,,,2,2,,4,2,2,,1,2,1,1,2,1,2,2,,1,2,,,,,,,,,2,2,,,,,,,,1,1,1,,,2,3,1,1,,,,,,,,,,,,,,1,,1,1,,1,,2,1,2,,2,2,,2,1,,1,1,3,,2,2,1,2,2,2,2,2,,,,,,,,,,1,2,,,,,,,,,,,,,2,
2024,"Viet Nam","VNM","East Asia & Pacific (excluding high income)",76663207,161367771,2.73987424251112,2,73,2,1,2,1,0,0,0,0,1,1,4,4,4,4,0,4,2,0,2,,,,,,,,,,2,2,3,2,2,2,2,1,2,,,,,,,,,,,,,,,,2,,1,,,,,2,2,,2,,2,1,2,2,2,,,,2,4,3,2,,,,,,,,,,,1,2,1,2,2,2,,,,,2,,,,,,,,,2,2,,,,,,,,2,,,,,,3,1,1,,,,,,,,,,,,,,1,,1,1,,8,,,8,2,,2,2,,2,1,,1,1,4,,2,2,2,1,2,2,2,2,,,,,,,,,,1,2,,,,,,,,,,,,,1,2
2024,"Viet Nam","VNM","East Asia & Pacific (excluding high income)",76663207,161450553,0.653920131885389,1,23,3,5,1,2,1,1,1,1,1,1,1,4,4,4,1,1,3,1,1,1,2,2,1,,1,1,1,2,,,,,,,,,,,,,,,,,,,,,,,,,1,2,2,3,1,2,,2,2,,2,2,2,,2,2,1,,,2,1,3,4,2,,,,1,1,2,,1,1,1,2,,2,,2,1,1,1,,,1,2,1,2,,,2,2,,2,2,,,,,,,,2,,,,,,3,1,1,,,,,,,,,,,,,,1,,1,1,,1,,1,4,1,1,2,2,,2,1,,1,1,3,,1,1,1,1,1,2,2,2,,,,,,,,,,1,2,,,,,,,,,,,,,1,1
2024,"Viet Nam","VNM","East Asia & Pacific (excluding high income)",76663207,161470964,0.998773753540653,1,34,2,5,1,2,1,1,1,1,0,1,4,4,4,4,1,1,1,1,1,1,1,1,1,,1,1,1,2,,,,,,,,,,,,,,,,,,,,,,,,,1,1,2,2,1,2,,2,2,,2,2,2,,2,2,2,,,2,1,2,3,2,,,,1,1,1,,1,1,3,1,1,1,1,2,1,1,1,,,2,,,,,,,,,2,2,,,,,,,,2,,,,,,4,1,1,,,,,,,,,,,,,,1,,1,1,,1,,1,1,1,1,2,2,,2,1,,1,1,3,,2,1,1,1,1,1,1,2,,,,,,,,,,1,2,,,,,,,,,,,,,1,2
2024,"Viet Nam","VNM","East Asia & Pacific (excluding high income)",76663207,161613351,0.738013535494702,1,58,2,2,1,1,1,0,1,1,0,0,1,4,1,4,0,2,3,1,1,1,1,3,2,,2,2,1,2,,,,,,,,,,,,,,,,,,,,,,,,,2,,2,,,,2,2,2,,2,,2,,2,2,2,,,2,3,1,2,2,,,,2,2,,4,2,2,,2,,2,,2,1,2,2,,1,1,2,1,2,,,2,1,,2,1,1,2,,,1,2,,2,,,,,,4,0,1,,,,,,,,,,,,,,1,,1,2,,2,,,1,2,,2,1,2,2,2,2,,,,,2,2,2,2,2,2,2,2,,,,,,,,,,1,2,,,,,,,,,,,,,2,
2024,"Viet Nam","VNM","East Asia & Pacific (excluding high income)",76663207,161710053,0.934782226370782,1,24,2,3,1,1,1,0,1,1,1,1,1,4,4,4,1,4,3,1,1,1,1,2,1,,1,1,1,2,,,,,,,,,,,,,,,,,,,,,,,,,2,,2,,,,1,1,2,,2,,2,,2,2,1,,,2,3,3,4,2,,,,2,1,1,,2,1,3,2,,2,,2,2,,,,,1,2,1,2,,,2,2,,2,2,,,,,,,,2,,,,,,3,1,1,,,,,,,,,,,,,,1,,1,1,,1,,1,1,2,,2,2,,2,1,,1,1,3,,1,1,1,2,2,2,2,2,,,,,,,,,,1,2,,,,,,,,,,,,,1,2
2024,"Viet Nam","VNM","East Asia & Pacific (excluding high income)",76663207,161942230,0.78924372962678,2,33,2,5,1,1,1,0,1,1,1,0,1,4,4,4,1,4,3,1,1,1,1,2,1,,2,1,1,2,,,,,,,,,,,,,,,,,,,,,,,,,2,,2,,,,2,2,2,,2,,1,,2,2,2,,,,3,3,3,2,,,,2,1,1,,1,1,3,2,,2,,2,2,,,,,1,2,1,2,,,2,1,,2,2,,,,,,,,2,,,,,,3,1,1,,,,,,,,,,,,,,1,,1,1,,1,,2,1,1,1,2,2,,2,1,,1,1,3,,1,1,1,1,2,2,2,2,,,,,,,,,,1,2,,,,,,,,,,,,,1,2
2024,"Viet Nam","VNM","East Asia & Pacific (excluding high income)",76663207,161952688,1.23577043139449,2,35,2,1,1,1,0,0,0,0,0,0,4,4,4,4,0,2,3,0,2,,,,,,,,,,2,2,1,2,2,1,2,1,2,,,,,,,,,,,,,,,,2,,2,,,,2,2,2,,2,,2,,2,2,2,,,2,2,1,4,2,,,,,,,,,,,2,,2,,2,1,2,2,,1,2,,,,,,,,,2,2,,,,,,,,2,,,,,,3,0,1,,,,,,,,,,,,,,2,2,1,3,,1,,1,1,2,,2,1,2,2,2,2,,,,,,,,,,,,,1,2,2,2,2,2,2,1,8,1,2,,,,,,,,,,,,,2,
2024,"Viet Nam","VNM","East Asia & Pacific (excluding high income)",76663207,162125314,1.21786297662284,1,49,2,3,2,2,1,0,1,1,0,1,4,4,4,4,0,4,3,0,1,1,1,3,3,1,1,1,1,2,,,,,,,,,,,,,,,,,,,,,,,,,1,,2,3,2,2,,2,2,,2,,2,,2,2,2,,,2,1,3,1,2,,,,2,2,,4,2,2,,2,,2,,2,2,,,,,2,,,,,,,,,2,2,,,,,,,,2,,,,,,3,1,1,,,,,,,,,,,,,,1,,1,1,,1,,2,1,2,,1,2,,2,1,,1,1,1,,2,1,1,1,2,2,2,2,,,,,,,,,,1,2,,,,,,,,,,,,,1,1
2024,"Viet Nam","VNM","East Asia & Pacific (excluding high income)",76663207,162149019,0.488812425304064,1,36,3,5,1,1,1,0,1,1,0,1,4,4,4,4,1,1,3,1,1,1,2,1,1,,1,1,1,2,,,,,,,,,,,,,,,,,,,,,,,,,1,,2,2,1,2,,2,2,,2,,2,,2,2,2,,,2,1,3,4,2,,,,1,1,1,,1,1,3,2,,2,,2,1,1,1,,,2,,,,,,,,,2,2,,,,,,,,2,,,,,,2,1,1,,,,,,,,,,,,,,1,,1,1,,1,,1,1,1,1,2,2,,2,1,,1,1,3,,1,1,1,1,2,1,2,2,,,,,,,,,,1,2,,,,,,,,,,,,,1,2
2024,"Viet Nam","VNM","East Asia & Pacific (excluding high income)",76663207,162197914,0.701086669778087,1,17,2,5,2,1,1,0,1,1,0,0,4,4,4,4,1,4,3,1,1,1,2,3,3,1,2,1,1,2,,,,,,,,,,,,,,,,,,,,,,,,,2,,2,,,,2,2,2,,2,,2,,2,2,2,,,2,7,,4,2,,,,2,1,2,,2,1,3,2,,2,,2,2,,,,,2,,,,,,,,,2,2,,,,,,,,2,,,,,,3,1,1,,,,,,,,,,,,,,1,,1,1,,1,,1,1,1,1,2,2,,2,1,,1,1,3,,1,1,1,1,1,2,2,2,,,,,,,,,,1,2,,,,,,,,,,,,,1,2
2024,"Viet Nam","VNM","East Asia & Pacific (excluding high income)",76663207,162229236,0.744007078051033,2,56,2,1,1,2,1,1,1,1,0,1,1,4,4,4,1,4,1,1,2,1,2,2,2,,1,1,1,2,,,,,,,,,,,,,,,,,,,,,,,,,1,,2,2,2,2,,2,2,,2,,2,,2,2,2,,,2,2,2,1,2,,,,1,1,3,,1,2,,2,,1,1,2,2,,,,,1,2,1,1,,,1,2,,2,2,,,,,,,,2,,,,,,4,1,1,,,,,,,,,,,,,,1,,1,1,,1,,1,1,1,1,2,2,,2,1,,1,1,3,,2,1,2,1,2,2,2,2,,,,,,,,,,1,2,,,,,,,,,,,,,2,
2024,"Viet Nam","VNM","East Asia & Pacific (excluding high income)",76663207,162351469,1.92474164331363,2,45,2,4,1,1,1,0,1,1,0,1,1,4,4,4,1,1,3,1,1,1,1,2,1,,1,1,1,2,,,,,,,,,,,,,,,,,,,,,,,,,1,,2,3,2,1,,2,2,,2,,2,,2,2,2,,,2,2,3,4,2,,,,2,1,1,,1,2,,2,,2,,2,1,1,1,,,1,2,1,2,,,2,2,,2,2,,,,,,,,2,,,,,,3,1,1,,,,,,,,,,,,,,1,,1,1,,1,,1,1,1,1,2,2,,2,1,,1,1,3,,1,1,1,2,2,2,2,2,,,,,,,,,,1,2,,,,,,,,,,,,,1,1
2024,"Viet Nam","VNM","East Asia & Pacific (excluding high income)",76663207,162424738,0.701086669778087,1,18,2,2,2,1,1,0,1,1,1,0,4,4,4,4,1,4,1,1,1,1,2,3,2,,1,1,1,2,,,,,,,,,,,,,,,,,,,,,,,,,2,,2,,,,2,2,2,,2,,1,,2,2,2,,,,2,2,3,2,,,,2,1,2,,2,1,3,2,,1,1,2,2,,,,,2,,,,,,,,,2,2,,,,,,,,2,,,,,,4,1,1,,,,,,,,,,,,,,1,,1,1,,1,,1,1,1,2,2,2,,2,1,,1,1,3,,1,1,1,1,1,2,2,2,,,,,,,,,,1,2,,,,,,,,,,,,,1,2
2024,"Viet Nam","VNM","East Asia & Pacific (excluding high income)",76663207,162524875,2.20935687211232,2,57,2,1,1,2,0,0,0,0,0,0,4,4,4,2,0,4,3,0,2,,,,,,,,,,2,2,2,2,2,2,1,2,2,,,,,,,,,,,,,,,,2,,2,,,,2,2,2,,2,,2,,2,2,2,,,2,2,1,2,2,,,,,,,,,,,2,,2,,2,2,,,,,2,,,,,,,,,2,2,,,,,,,,1,2,2,1,,2,3,0,1,,,,,,,,,,,,,,2,2,1,1,,2,,,1,2,,2,2,,2,2,2,,,,,,,,,,,,,1,1,2,1,2,2,2,1,1,1,2,,,,,,,,,,,,,1,2
2024,"Viet Nam","VNM","East Asia & Pacific (excluding high income)",76663207,162586596,1.03177113036047,2,70,1,1,1,1,0,0,0,0,0,0,4,4,4,4,0,4,3,0,2,,,,,,,,,,2,2,2,2,2,2,2,2,2,,,,,,,,,,,,,,,,2,,2,,,,2,2,2,,2,,2,,2,2,2,,,2,3,2,2,2,,,,,,,,,,,2,,2,,2,2,,,,,2,,,,,,,,,2,2,,,,,,,,2,,,,,,1,1,1,,,,,,,,,,,,,,1,,1,1,,2,,,1,2,,2,2,,2,1,,1,1,3,,2,2,2,2,2,2,2,2,,,,,,,,,,1,2,,,,,,,,,,,,,1,2
2024,"Viet Nam","VNM","East Asia & Pacific (excluding high income)",76663207,162646047,0.458618078347517,1,47,1,3,1,2,0,0,0,0,0,1,2,4,4,4,0,4,3,0,2,,,,,,,,,,2,1,2,2,2,2,2,1,2,,,,,,,,,,,,,,,,2,,2,,,,1,2,2,,2,,2,,2,2,2,,,2,3,3,4,2,,,,,,,,,,,2,,2,,2,2,,,,,1,2,2,2,1,,,,,2,2,,,,,,,,2,,,,,,4,1,1,,,,,,,,,,,,,,1,,1,1,,1,,1,1,1,1,2,2,,2,1,,1,1,3,,2,1,1,1,1,2,2,2,,,,,,,,,,1,2,,,,,,,,,,,,,1,2
2024,"Viet Nam","VNM","East Asia & Pacific (excluding high income)",76663207,163037652,2.56563796970152,2,58,2,2,2,2,1,0,1,0,0,0,4,4,4,2,0,4,3,0,1,2,2,3,3,2,2,2,2,2,,,,,,,,,,,,,,,,,,,,,,,,,2,,2,,,,2,2,2,,2,,2,,2,2,2,,,2,2,3,3,2,,,,2,2,,4,2,2,,2,,2,,2,2,,,,,2,,,,,,,,,2,2,,,,,,,,1,2,2,1,,2,3,1,1,,,,,,,,,,,,,,1,,1,1,,1,,2,2,2,,2,2,,2,1,,1,2,,1,2,2,1,1,2,2,2,2,,,,,,,,,,1,2,,,,,,,,,,,,,1,2
2024,"Viet Nam","VNM","East Asia & Pacific (excluding high income)",76663207,163143207,0.287014727505213,1,32,2,3,1,1,1,1,1,1,0,1,1,4,4,4,1,1,2,1,1,1,1,2,1,,1,1,1,1,,,,,,,,,,,,,,,,,,,,,,,,,1,,1,2,1,2,,1,2,,2,,2,2,2,2,2,2,,2,1,3,4,2,,,,1,1,1,,1,1,3,1,2,1,2,1,1,1,1,,,1,2,1,1,,,2,2,,2,2,,,,,,,,2,,,,,,3,1,1,,,,,,,,,,,,,,1,,1,1,,1,,1,1,1,1,2,2,,2,1,,1,2,,1,1,1,1,2,2,2,2,2,,,,,,,,,,1,2,,,,,,,,,,,,,2,
2024,"Viet Nam","VNM","East Asia & Pacific (excluding high income)",76663207,163310828,0.849011102203819,2,16,2,5,2,1,0,0,0,0,0,0,4,4,4,4,0,4,3,0,2,,,,,,,,,,2,2,2,2,2,2,1,1,2,,,,,,,,,,,,,,,,2,,2,,,,2,2,2,,2,,2,,2,2,2,,,2,2,1,2,1,1,2,,,,,,,,,2,,2,,2,2,,,,,2,,,,,,,,,2,2,,,,,,,,2,,,,,,5,1,1,,,,,,,,,,,,,,1,,2,1,,1,,1,1,1,1,2,2,,2,1,,1,2,,1,1,1,1,1,2,2,2,2,,,,,,,,,,1,2,,,,,,,,,,,,,2,
2024,"Viet Nam","VNM","East Asia & Pacific (excluding high income)",76663207,163333313,0.799167388189266,1,47,2,4,1,1,1,0,1,1,1,0,1,4,4,4,1,2,2,1,1,1,1,2,2,,2,1,1,2,,,,,,,,,,,,,,,,,,,,,,,,,2,,2,,,,2,2,2,,2,,1,,2,2,2,,,,2,2,2,2,,,,2,2,,4,1,1,3,1,2,1,2,2,1,2,2,,1,1,2,1,2,,,2,2,,2,2,,,,,,,,2,,,,,,3,1,1,,,,,,,,,,,,,,1,,1,1,,1,,1,4,1,1,2,2,,2,1,,1,1,1,,1,1,1,2,2,2,2,2,,,,,,,,,,1,2,,,,,,,,,,,,,1,2
2024,"Viet Nam","VNM","East Asia & Pacific (excluding high income)",76663207,163439804,1.54286563345233,2,16,2,5,1,2,0,0,0,0,1,0,2,4,4,4,0,4,2,0,2,,,,,,,,,,2,2,2,2,2,2,2,1,2,,,,,,,,,,,,,,,,2,,2,,,,2,2,2,,2,,1,,2,2,2,,,,3,2,2,2,,,,,,,,,,,2,,1,2,2,2,,,,,1,2,2,2,1,,,,,2,2,,,,,,,,2,,,,,,3,1,1,,,,,,,,,,,,,,1,,2,1,,1,,1,1,1,1,2,2,,1,1,,1,2,,1,1,1,1,1,1,2,2,2,,,,,,,,,,1,2,,,,,,,,,,,,,2,
2024,"Viet Nam","VNM","East Asia & Pacific (excluding high income)",76663207,163708445,1.33169833805421,1,31,2,4,1,2,1,1,1,1,0,1,4,4,4,4,0,1,1,1,1,1,1,1,1,,1,1,1,2,,,,,,,,,,,,,,,,,,,,,,,,,2,1,2,3,2,2,,2,2,,2,2,2,,2,2,2,,,2,1,3,1,2,,,,2,2,,4,1,1,2,1,1,1,1,2,1,1,1,,,2,,,,,,,,,2,2,,,,,,,,2,,,,,,3,0,1,,,,,,,,,,,,,,1,,1,1,,1,,1,1,1,1,1,1,2,2,2,2,,,,,2,1,1,1,2,1,2,1,,,,,,,,,,1,2,,,,,,,,,,,,,1,2
2024,"Viet Nam","VNM","East Asia & Pacific (excluding high income)",76663207,163737646,1.14362741005191,2,18,2,3,2,2,0,0,0,0,0,1,4,4,4,4,0,2,3,0,2,,,,,,,,,,2,2,1,2,2,2,2,1,2,,,,,,,,,,,,,,,,2,1,2,3,2,2,,2,2,,2,2,2,,2,2,2,,,2,2,2,2,2,,,,2,2,,4,2,2,,2,,2,,2,1,2,2,,1,2,,,,,,,,,2,2,,,,,,,,2,,,,,,4,1,1,,,,,,,,,,,,,,1,,1,1,,1,,1,1,1,1,2,2,,2,1,,1,2,,1,1,1,1,1,1,2,1,2,,,,,,,,,,1,2,,,,,,,,,,,,,1,1
2024,"Viet Nam","VNM","East Asia & Pacific (excluding high income)",76663207,163748958,1.36102445783388,2,27,2,3,1,1,1,1,1,1,0,1,4,4,4,4,1,1,1,1,1,1,2,2,2,,1,1,1,2,,,,,,,,,,,,,,,,,,,,,,,,,1,1,2,2,1,1,,1,2,,2,2,2,,2,2,2,,,2,1,3,4,2,,,,1,1,2,,1,1,3,1,1,2,,2,1,1,1,,,2,,,,,,,,,2,2,,,,,,,,2,,,,,,2,1,1,,,,,,,,,,,,,,1,,1,1,,1,,1,1,1,1,2,2,,2,1,,1,1,3,,2,1,1,1,2,2,2,2,,,,,,,,,,1,2,,,,,,,,,,,,,1,2
2024,"Viet Nam","VNM","East Asia & Pacific (excluding high income)",76663207,163908641,0.390392907811143,2,54,2,5,1,2,1,1,1,1,0,1,4,4,4,1,1,1,1,1,1,1,1,2,1,,1,1,1,2,,,,,,,,,,,,,,,,,,,,,,,,,1,,2,2,2,1,,1,2,,2,,2,,2,2,2,,,2,1,1,4,2,,,,1,1,2,,1,2,,1,1,2,,2,1,1,1,,,2,,,,,,,,,2,2,,,,,,,,1,1,1,,,2,1,1,1,,,,,,,,,,,,,,1,,1,1,,1,,1,1,1,1,1,2,,2,1,,1,1,4,,2,1,1,1,2,2,1,2,,,,,,,,,,1,2,,,,,,,,,,,,,1,2
2024,"Viet Nam","VNM","East Asia & Pacific (excluding high income)",76663207,163927308,0.375311799842289,1,52,1,2,1,1,0,0,0,0,0,1,4,4,4,4,0,2,3,0,2,,,,,,,,,,2,2,2,2,2,2,2,1,2,,,,,,,,,,,,,,,,2,,2,,,,1,2,2,,2,,2,,2,2,2,,,2,1,2,3,2,,,,,,,,,,,2,,2,,2,1,2,2,,1,2,,,,,,,,,2,2,,,,,,,,2,,,,,,2,1,1,,,,,,,,,,,,,,1,,1,1,,2,,,4,1,2,2,2,,2,1,,1,2,,1,2,2,2,2,2,2,2,2,,,,,,,,,,1,2,,,,,,,,,,,,,2,
2024,"Viet Nam","VNM","East Asia & Pacific (excluding high income)",76663207,164124297,1.28281898485076,2,73,2,1,2,1,0,0,0,0,0,0,4,4,4,4,0,4,3,0,2,,,,,,,,,,2,2,2,2,2,2,2,2,2,,,,,,,,,,,,,,,,2,,2,,,,2,2,2,,2,,2,,2,2,2,,,2,2,3,4,2,,,,,,,,,,,2,,2,,2,2,,,,,2,,,,,,,,,2,2,,,,,,,,2,,,,,,1,0,1,,,,,,,,,,,,,,2,2,1,1,,2,,,4,2,,2,2,,2,2,2,,,,,,,,,,,,,2,2,2,1,2,2,2,1,8,1,2,,,,,,,,,,,,,2,
2024,"Viet Nam","VNM","East Asia & Pacific (excluding high income)",76663207,164242446,0.562840246334965,2,22,2,2,1,1,0,0,0,0,1,0,2,4,4,2,0,4,3,0,2,,,,,,,,,,2,2,1,2,2,2,2,2,2,,,,,,,,,,,,,,,,2,,2,,,,2,2,2,,2,,1,,2,2,2,,,,5,1,2,2,,,,,,,,,,,2,,2,,2,2,,,,,1,2,2,2,1,,,,,2,2,,,,,,,,1,2,2,1,,2,3,1,1,,,,,,,,,,,,,,1,,2,1,,1,,1,2,2,,2,2,,2,1,,2,1,4,,2,1,1,2,2,2,2,2,,,,,,,,,,1,2,,,,,,,,,,,,,2,
2024,"Viet Nam","VNM","East Asia & Pacific (excluding high income)",76663207,164260003,0.687031982420844,1,65,1,2,1,1,1,0,1,1,1,1,4,4,4,4,0,4,3,1,1,1,1,2,2,,2,1,1,2,,,,,,,,,,,,,,,,,,,,,,,,,2,,2,,,,1,2,2,,2,,1,,2,2,2,,,,2,2,4,2,,,,2,2,,4,1,2,,2,,2,,2,2,,,,,2,,,,,,,,,2,2,,,,,,,,2,,,,,,3,1,1,,,,,,,,,,,,,,1,,1,1,,2,,,2,2,,2,2,,2,1,,1,1,3,,2,1,1,2,2,2,2,2,,,,,,,,,,1,2,,,,,,,,,,,,,1,2
2024,"Viet Nam","VNM","East Asia & Pacific (excluding high income)",76663207,164272190,0.845613166123006,1,39,2,2,1,1,0,0,0,0,1,0,2,4,4,4,0,2,2,0,2,,,,,,,,,,2,2,2,2,2,2,2,1,2,,,,,,,,,,,,,,,,2,,2,,,,2,2,2,,2,,1,,2,2,2,,,,5,1,2,2,,,,,,,,,,,2,,1,2,2,1,2,2,,1,1,2,2,2,1,,,,,2,2,,,,,,,,2,,,,,,3,1,1,,,,,,,,,,,,,,1,,1,1,,1,,1,2,2,,2,2,,2,1,,2,1,3,,2,1,1,2,2,2,2,2,,,,,,,,,,1,2,,,,,,,,,,,,,1,2
2024,"Viet Nam","VNM","East Asia & Pacific (excluding high income)",76663207,164295522,1.1042194624752,2,33,2,5,1,2,1,1,1,1,1,1,1,4,4,4,1,1,3,1,1,1,1,3,2,,1,1,1,2,,,,,,,,,,,,,,,,,,,,,,,,,1,,2,3,1,2,,2,2,,2,,1,,2,2,2,,,,3,2,4,2,,,,1,1,2,,1,1,3,2,,2,,2,1,1,1,,,1,2,1,1,,,1,2,,2,2,,,,,,,,2,,,,,,3,1,1,,,,,,,,,,,,,,1,,1,1,,1,,1,1,1,1,2,2,,2,1,,1,1,3,,1,1,1,2,1,2,2,2,,,,,,,,,,1,2,,,,,,,,,,,,,1,2
2024,"Viet Nam","VNM","East Asia & Pacific (excluding high income)",76663207,164447288,0.301948793188691,2,33,1,4,1,2,1,0,1,1,1,1,4,4,4,4,1,4,3,1,1,1,1,2,2,,1,1,1,2,,,,,,,,,,,,,,,,,,,,,,,,,2,,2,,,,1,2,2,,2,,1,,2,2,2,,,,3,3,4,2,,,,2,1,2,,1,1,2,2,,2,,2,2,,,,,2,,,,,,,,,2,2,,,,,,,,2,,,,,,4,1,1,,,,,,,,,,,,,,1,,1,1,,1,,1,1,1,1,2,2,,2,1,,1,1,3,,2,1,1,1,2,2,2,2,,,,,,,,,,1,2,,,,,,,,,,,,,1,2
2024,"Viet Nam","VNM","East Asia & Pacific (excluding high income)",76663207,164552696,1.993285338269,1,46,2,2,1,1,0,0,0,0,0,0,4,4,4,4,0,4,3,0,2,,,,,,,,,,2,2,1,1,2,2,2,1,1,,,,,,,,,,,,,,,,2,,2,,,,2,2,2,,2,,2,,2,2,2,,,2,2,2,3,2,,,,,,,,,,,2,,2,,2,2,,,,,2,,,,,,,,,2,2,,,,,,,,2,,,,,,3,1,1,,,,,,,,,,,,,,1,,1,1,,1,,1,1,2,,2,2,,2,1,,1,1,3,,2,1,1,2,2,2,2,2,,,,,,,,,,1,2,,,,,,,,,,,,,2,
2024,"Viet Nam","VNM","East Asia & Pacific (excluding high income)",76663207,164846182,0.814717121990092,2,34,1,3,1,2,1,1,1,1,0,0,1,4,4,4,0,4,3,1,1,1,1,2,1,,1,1,1,2,,,,,,,,,,,,,,,,,,,,,,,,,2,,2,,,,2,2,2,,2,,2,,2,2,2,,,2,2,3,4,2,,,,2,2,,4,2,2,,2,,2,,2,2,,,,,1,2,1,1,,,2,2,,2,2,,,,,,,,2,,,,,,3,1,1,,,,,,,,,,,,,,1,,1,1,,1,,1,1,1,1,2,2,,2,1,,1,1,3,,2,1,1,1,2,2,2,2,,,,,,,,,,1,2,,,,,,,,,,,,,1,2
2024,"Viet Nam","VNM","East Asia & Pacific (excluding high income)",76663207,164995540,0.740626875925493,1,44,2,3,1,1,1,1,1,1,1,1,1,4,4,4,1,1,3,1,1,1,1,2,1,,1,1,1,2,,,,,,,,,,,,,,,,,,,,,,,,,1,,2,3,2,2,,2,2,,2,,1,,2,2,2,,,,1,2,4,2,,,,1,1,1,,1,1,3,2,,2,,2,1,1,1,,,1,2,1,1,,,2,2,,2,2,,,,,,,,2,,,,,,3,1,1,,,,,,,,,,,,,,1,,1,1,,1,,2,1,1,1,1,2,,2,1,,1,1,3,,1,1,1,1,2,2,2,2,,,,,,,,,,1,2,,,,,,,,,,,,,2,
2024,"Viet Nam","VNM","East Asia & Pacific (excluding high income)",76663207,165039114,1.10932129752046,2,59,1,2,1,1,1,0,1,0,0,1,1,4,4,2,0,4,3,1,1,2,2,3,3,1,1,1,1,2,,,,,,,,,,,,,,,,,,,,,,,,,1,,2,3,1,1,,2,2,,2,,2,,2,2,2,,,2,2,2,4,1,2,1,2,2,2,,4,2,2,,2,,2,,2,2,,,,,1,2,1,2,,,2,2,,2,2,,,,,,,,1,2,2,1,,2,1,0,1,,,,,,,,,,,,,,2,2,1,1,,1,,1,1,2,,2,2,,2,2,2,,,,,,,,,,,,,2,2,2,2,2,2,2,1,8,1,2,,,,,,,,,,,,,2,
2024,"Viet Nam","VNM","East Asia & Pacific (excluding high income)",76663207,165542926,0.338276753535075,1,29,1,1,1,1,1,1,1,1,1,1,1,4,4,4,0,1,3,1,1,1,1,2,2,,1,1,1,2,,,,,,,,,,,,,,,,,,,,,,,,,1,,2,3,2,2,,2,2,,2,,1,,2,2,2,,,,1,2,2,2,,,,2,2,,4,1,2,,2,,2,,2,1,1,1,,,1,2,1,1,,,2,2,,2,2,,,,,,,,2,,,,,,5,1,1,,,,,,,,,,,,,,1,,1,1,,1,,1,1,1,2,2,2,,2,1,,1,2,,1,1,1,1,2,2,2,2,2,,,,,,,,,,1,2,,,,,,,,,,,,,2,
2024,"Viet Nam","VNM","East Asia & Pacific (excluding high income)",76663207,165682121,0.614043927877089,1,18,2,5,2,1,0,0,0,0,1,0,4,4,4,4,0,4,3,0,2,,,,,,,,,,2,2,1,2,2,2,2,1,2,,,,,,,,,,,,,,,,2,,2,,,,2,2,2,,2,,1,,2,2,1,,,,2,3,4,2,,,,,,,,,,,2,,2,,2,2,,,,,2,,,,,,,,,2,2,,,,,,,,2,,,,,,3,1,1,,,,,,,,,,,,,,1,,2,1,,2,,,2,1,2,2,2,,2,1,,1,1,3,,1,1,1,1,1,1,2,2,,,,,,,,,,1,2,,,,,,,,,,,,,1,1
2024,"Viet Nam","VNM","East Asia & Pacific (excluding high income)",76663207,165847639,1.70291508934402,1,37,3,4,1,1,1,1,1,1,0,1,1,4,4,4,1,1,1,1,1,1,1,2,2,,1,1,1,2,,,,,,,,,,,,,,,,,,,,,,,,,1,2,1,2,2,2,,1,2,,2,2,2,2,2,2,2,,,2,1,2,3,2,,,,1,1,1,,1,1,3,2,,1,1,2,1,1,1,,,1,1,1,1,,,2,2,,2,2,,,,,,,,2,,,,,,4,1,1,,,,,,,,,,,,,,1,,1,1,,1,,1,1,1,1,1,2,,2,1,,1,1,4,,1,1,1,1,1,2,1,2,,,,,,,,,,1,2,,,,,,,,,,,,,1,2
2024,"Viet Nam","VNM","East Asia & Pacific (excluding high income)",76663207,165860336,1.37569484048063,2,63,1,1,2,1,1,0,1,0,0,0,4,4,4,4,0,4,3,1,2,2,1,2,2,,1,2,2,2,,,,,,,,,,,,,,,,,,,,,,,,,2,,2,,,,2,1,2,,2,,2,,2,2,2,,,2,3,2,2,2,,,,2,2,,2,1,2,,2,,2,,2,2,,,,,2,,,,,,,,,2,2,,,,,,,,2,,,,,,1,1,1,,,,,,,,,,,,,,2,2,2,2,,2,,,4,2,,2,2,,2,1,,2,1,3,,2,2,1,2,1,2,2,1,1,2,2,2,2,2,1,2,7,1,2,,,,,,,,,,,,,1,1
2024,"Viet Nam","VNM","East Asia & Pacific (excluding high income)",76663207,166016068,0.772668918461074,1,40,2,5,1,2,1,1,1,1,0,1,1,4,4,4,1,1,3,1,1,1,1,2,1,,1,1,1,2,,,,,,,,,,,,,,,,,,,,,,,,,1,2,2,2,1,2,,1,2,,2,2,2,,2,2,2,,,2,1,3,4,2,,,,1,1,1,,1,1,3,2,,2,,2,1,1,1,,,1,2,1,1,,,2,2,,2,2,,,,,,,,2,,,,,,3,1,1,,,,,,,,,,,,,,1,,1,1,,1,,1,1,1,1,2,2,,2,1,,1,1,3,,2,1,1,1,2,1,1,2,,,,,,,,,,1,2,,,,,,,,,,,,,1,2
2024,"Viet Nam","VNM","East Asia & Pacific (excluding high income)",76663207,166022385,0.257157228928712,1,38,2,5,1,2,1,1,1,1,1,1,1,4,4,4,1,2,2,1,1,1,1,2,1,,1,1,1,2,,,,,,,,,,,,,,,,,,,,,,,,,1,,2,2,2,1,,1,2,,2,,1,,2,2,2,,,,1,3,4,2,,,,1,1,1,,1,1,3,1,2,1,2,1,1,2,2,,1,1,2,1,1,,,1,2,,2,2,,,,,,,,2,,,,,,3,1,1,,,,,,,,,,,,,,1,,1,1,,1,,1,1,1,1,2,2,,2,1,,1,2,,1,1,1,1,1,2,2,2,2,,,,,,,,,,1,2,,,,,,,,,,,,,2,
2024,"Viet Nam","VNM","East Asia & Pacific (excluding high income)",76663207,166211582,0.528743645312854,1,22,2,5,1,2,1,1,1,1,1,1,1,4,4,4,1,1,1,1,1,1,1,2,1,,1,1,1,2,,,,,,,,,,,,,,,,,,,,,,,,,1,1,2,3,2,1,,2,2,,2,2,1,,2,2,1,,,,2,2,4,2,,,,1,1,1,,1,1,3,1,1,1,2,2,1,1,1,,,1,2,1,2,,,2,2,,2,2,,,,,,,,2,,,,,,4,1,1,,,,,,,,,,,,,,1,,1,1,,1,,1,1,1,1,2,1,2,2,1,,1,1,3,,1,1,1,1,1,1,1,1,,,,,,,,,,1,2,,,,,,,,,,,,,1,2
2024,"Viet Nam","VNM","East Asia & Pacific (excluding high income)",76663207,166264444,1.14362741005191,2,18,2,2,1,2,1,1,1,1,0,0,4,4,4,4,1,4,1,1,1,1,2,1,1,,1,1,1,2,,,,,,,,,,,,,,,,,,,,,,,,,2,2,2,,,,2,2,2,,2,2,2,,2,2,2,,,2,3,2,2,2,,,,1,1,1,,2,1,2,2,,1,1,2,2,,,,,2,,,,,,,,,2,2,,,,,,,,2,,,,,,3,1,1,,,,,,,,,,,,,,1,,1,1,,1,,1,1,1,1,2,2,,2,1,,1,1,4,,1,1,1,1,1,2,2,2,,,,,,,,,,1,2,,,,,,,,,,,,,1,2
2024,"Viet Nam","VNM","East Asia & Pacific (excluding high income)",76663207,166288644,0.826163298665446,2,41,2,1,1,2,0,0,0,0,0,0,2,4,4,4,0,2,2,0,2,,,,,,,,,,2,2,2,2,2,2,1,2,2,,,,,,,,,,,,,,,,2,,2,,,,2,2,2,,2,,2,,2,2,2,,,2,5,2,2,2,,,,,,,,,,,2,,1,2,2,1,2,2,,1,1,2,2,2,1,,,,,2,2,,,,,,,,2,,,,,,4,1,1,,,,,,,,,,,,,,1,,1,1,,2,,,2,1,2,2,2,,2,1,,1,1,3,,2,2,1,2,2,2,2,2,,,,,,,,,,1,2,,,,,,,,,,,,,1,2
2024,"Viet Nam","VNM","East Asia & Pacific (excluding high income)",76663207,166314419,1.85350442879202,1,62,2,3,1,2,0,0,0,0,1,1,4,4,4,4,0,2,3,0,2,,,,,,,,,,2,2,2,2,2,2,2,2,2,,,,,,,,,,,,,,,,2,,1,,,,,2,2,,2,,2,1,2,2,2,,,,1,2,4,2,,,,,,,,,,,2,,2,,2,1,2,2,,1,2,,,,,,,,,2,2,,,,,,,,2,,,,,,1,0,1,,,,,,,,,,,,,,2,2,1,1,,1,,2,4,2,,2,2,,2,2,2,,,,,,,,,,,,,2,2,2,1,2,2,2,1,4,1,2,,,,,,,,,,,,,1,2
2024,"Viet Nam","VNM","East Asia & Pacific (excluding high income)",76663207,166366916,0.9777140649124,2,54,2,5,1,2,1,1,1,1,1,1,1,4,4,4,0,2,3,1,1,1,1,2,2,,1,1,1,2,,,,,,,,,,,,,,,,,,,,,,,,,1,,2,3,2,2,,2,2,,2,,1,,2,2,2,,,,3,2,3,2,,,,2,2,,4,2,2,,2,,2,,2,1,2,2,,1,1,2,1,1,,,2,2,,2,2,,,,,,,,2,,,,,,3,1,1,,,,,,,,,,,,,,1,,1,1,,1,,2,1,2,,2,2,,2,1,,1,2,,1,2,1,1,1,1,2,2,2,,,,,,,,,,1,2,,,,,,,,,,,,,2,
2024,"Viet Nam","VNM","East Asia & Pacific (excluding high income)",76663207,166399607,1.03177113036047,2,56,1,1,1,2,1,0,1,0,0,0,2,4,4,4,0,2,1,1,1,2,1,3,2,,1,1,2,2,,,,,,,,,,,,,,,,,,,,,,,,,2,,2,,,,2,2,2,,2,,2,,2,2,2,,,2,1,1,3,2,,,,2,2,,4,2,2,,2,,1,1,2,1,2,2,,1,1,2,2,2,1,,,,,2,2,,,,,,,,2,,,,,,4,1,1,,,,,,,,,,,,,,1,,1,1,,2,,,4,1,2,2,2,,2,1,,1,2,,1,2,2,1,2,2,2,2,2,,,,,,,,,,1,2,,,,,,,,,,,,,1,2
2024,"Viet Nam","VNM","East Asia & Pacific (excluding high income)",76663207,166470655,0.689691044464697,2,36,2,5,1,2,1,0,1,1,1,0,1,4,4,4,0,4,2,1,1,1,1,2,1,,1,1,1,2,,,,,,,,,,,,,,,,,,,,,,,,,2,,2,,,,2,2,2,,2,,1,,2,2,2,,,,3,2,4,2,,,,2,2,,4,2,2,,1,2,2,,2,2,,,,,1,2,1,2,,,2,1,,2,2,,,,,,,,2,,,,,,3,1,1,,,,,,,,,,,,,,1,,1,1,,1,,1,2,1,1,2,2,,2,1,,1,1,3,,2,1,1,1,2,2,2,2,,,,,,,,,,1,2,,,,,,,,,,,,,1,1
2024,"Viet Nam","VNM","East Asia & Pacific (excluding high income)",76663207,166587372,0.850810966468217,1,18,2,4,1,1,1,1,1,1,1,0,4,4,4,4,1,4,3,1,1,1,1,3,3,1,1,1,1,2,,,,,,,,,,,,,,,,,,,,,,,,,2,2,2,,,,2,2,2,,2,2,1,,2,2,2,,,,2,3,3,2,,,,2,1,3,,2,1,1,2,,2,,2,2,,,,,2,,,,,,,,,2,2,,,,,,,,2,,,,,,3,1,1,,,,,,,,,,,,,,1,,1,1,,1,,1,2,1,2,2,2,,2,1,,1,1,3,,1,1,1,1,1,2,1,1,,,,,,,,,,1,2,,,,,,,,,,,,,1,2
2024,"Viet Nam","VNM","East Asia & Pacific (excluding high income)",76663207,166758450,0.283457170379504,1,42,2,2,1,2,0,0,0,0,0,1,4,4,4,2,0,2,3,0,2,,,,,,,,,,2,2,2,2,2,2,1,1,2,,,,,,,,,,,,,,,,2,,2,,,,1,1,2,,2,,2,,2,2,2,,,2,1,1,4,2,,,,,,,,,,,2,,2,,2,1,2,2,,1,2,,,,,,,,,2,2,,,,,,,,1,2,2,1,,2,3,1,1,,,,,,,,,,,,,,1,,1,1,,1,,2,1,1,1,2,2,,2,1,,1,1,3,,2,1,1,1,2,2,2,2,,,,,,,,,,1,2,,,,,,,,,,,,,1,2
2024,"Viet Nam","VNM","East Asia & Pacific (excluding high income)",76663207,167349490,0.257157228928712,2,49,1,4,1,1,0,0,0,0,0,1,4,4,4,4,0,2,2,0,2,,,,,,,,,,2,2,2,2,2,2,2,1,2,,,,,,,,,,,,,,,,1,,2,3,2,1,,2,2,,2,,2,,2,2,2,,,2,1,3,4,2,,,,,,,,,,,1,2,2,,2,1,2,2,,1,2,,,,,,,,,2,2,,,,,,,,2,,,,,,6,1,1,,,,,,,,,,,,,,1,,1,1,,1,,2,1,2,,2,2,,2,1,,1,1,1,,1,2,1,2,2,2,2,2,,,,,,,,,,1,2,,,,,,,,,,,,,2,
2024,"Viet Nam","VNM","East Asia & Pacific (excluding high income)",76663207,167358473,1.59833477637853,1,53,2,3,1,1,1,0,1,1,0,1,1,4,4,4,1,1,3,1,1,1,1,3,1,,1,1,1,2,,,,,,,,,,,,,,,,,,,,,,,,,1,,2,3,1,2,,2,2,,2,,2,,2,2,2,,,2,2,2,3,2,,,,1,1,1,,1,1,3,2,,2,,2,1,1,2,,,1,2,1,2,,,1,2,,2,2,,,,,,,,2,,,,,,3,1,1,,,,,,,,,,,,,,1,,1,1,,1,,1,1,1,1,2,2,,2,1,,1,1,3,,1,1,1,1,2,2,2,2,,,,,,,,,,1,2,,,,,,,,,,,,,1,1
2024,"Viet Nam","VNM","East Asia & Pacific (excluding high income)",76663207,167693552,0.801826777926979,2,31,2,4,1,2,1,1,1,1,0,1,1,4,4,4,1,4,1,1,1,1,2,2,1,,1,1,1,2,,,,,,,,,,,,,,,,,,,,,,,,,1,,2,2,2,2,,2,2,,2,,2,,2,2,2,,,2,3,3,2,2,,,,1,1,2,,1,1,1,1,1,1,1,2,2,,,,,1,2,1,1,,,2,2,,2,2,,,,,,,,2,,,,,,2,1,1,,,,,,,,,,,,,,1,,1,1,,1,,1,1,1,1,2,2,,2,1,,1,1,3,,1,1,1,1,2,2,2,2,,,,,,,,,,1,2,,,,,,,,,,,,,1,1
2024,"Viet Nam","VNM","East Asia & Pacific (excluding high income)",76663207,167713137,0.795367453737617,1,25,2,4,1,1,1,1,1,1,0,1,1,4,4,4,1,1,3,1,1,1,1,2,2,,1,1,1,2,,,,,,,,,,,,,,,,,,,,,,,,,1,1,2,2,1,2,,1,2,,2,2,2,,2,2,2,,,2,2,2,2,2,,,,2,2,,1,2,1,3,2,,2,,2,1,1,1,,,1,2,1,1,,,2,2,,2,2,,,,,,,,2,,,,,,4,1,1,,,,,,,,,,,,,,1,,2,1,,1,,1,2,1,1,2,2,,2,1,,1,1,1,,1,1,1,1,2,2,2,2,,,,,,,,,,1,2,,,,,,,,,,,,,2,
2024,"Viet Nam","VNM","East Asia & Pacific (excluding high income)",76663207,167818331,0.467391113185391,1,18,2,3,2,1,1,0,1,1,0,0,4,4,4,4,1,4,2,1,1,1,2,3,3,1,1,1,1,2,,,,,,,,,,,,,,,,,,,,,,,,,2,,2,,,,2,2,2,,2,,2,,2,2,2,,,2,2,1,1,2,,,,2,1,2,,1,1,2,2,,1,2,2,2,,,,,2,,,,,,,,,2,2,,,,,,,,2,,,,,,4,1,1,,,,,,,,,,,,,,1,,1,1,,1,,1,4,1,1,2,2,,2,1,,1,2,,1,1,1,1,1,2,2,2,2,,,,,,,,,,1,2,,,,,,,,,,,,,1,1
2024,"Viet Nam","VNM","East Asia & Pacific (excluding high income)",76663207,167830467,1.65706469495998,1,22,3,5,1,2,1,1,1,1,0,1,1,4,4,4,1,4,3,1,1,1,1,2,1,,1,1,1,2,,,,,,,,,,,,,,,,,,,,,,,,,1,2,2,2,1,2,,2,2,,2,2,2,,2,2,2,,,2,1,3,4,2,,,,2,1,1,,1,1,2,2,,2,,2,2,,,,,1,2,1,1,,,2,2,,2,2,,,,,,,,2,,,,,,3,1,1,,,,,,,,,,,,,,1,,1,1,,1,,1,1,1,1,2,2,,2,1,,1,1,3,,1,1,1,1,1,1,1,2,,,,,,,,,,1,2,,,,,,,,,,,,,1,2
2024,"Viet Nam","VNM","East Asia & Pacific (excluding high income)",76663207,167905336,0.64837643345405,1,49,2,5,1,2,1,1,1,1,1,1,4,4,4,4,1,1,1,1,1,1,2,1,1,,1,2,1,2,,,,,,,,,,,,,,,,,,,,,,,,,1,2,1,3,1,1,,1,2,,2,2,1,2,2,1,2,,,,1,3,4,2,,,,1,1,1,,1,1,1,1,1,1,1,2,1,1,1,,,2,,,,,,,,,2,2,,,,,,,,2,,,,,,3,1,1,,,,,,,,,,,,,,1,,1,1,,1,,2,4,1,1,2,2,,2,1,,1,1,3,,2,1,1,1,1,1,2,2,,,,,,,,,,1,2,,,,,,,,,,,,,2,
2024,"Viet Nam","VNM","East Asia & Pacific (excluding high income)",76663207,167998739,0.892844546827425,2,30,2,5,1,1,1,1,1,1,1,1,1,4,4,4,1,4,3,1,1,1,1,3,2,,2,1,1,2,,,,,,,,,,,,,,,,,,,,,,,,,2,,2,,,,1,2,2,,2,,1,,2,2,2,,,,3,2,4,2,,,,1,1,2,,1,1,3,2,,2,,2,2,,,,,1,2,1,1,,,2,2,,2,2,,,,,,,,2,,,,,,4,1,1,,,,,,,,,,,,,,1,,1,1,,1,,1,1,1,1,1,2,,2,1,,1,1,4,,2,1,1,2,2,2,2,2,,,,,,,,,,1,2,,,,,,,,,,,,,2,
2024,"Viet Nam","VNM","East Asia & Pacific (excluding high income)",76663207,168014228,0.705031750571792,1,16,2,2,2,1,0,0,0,0,0,0,4,4,4,4,0,4,3,0,2,,,,,,,,,,2,2,2,2,2,2,2,1,2,,,,,,,,,,,,,,,,2,,2,,,,2,2,2,,2,,2,,2,2,2,,,2,2,1,4,2,,,,,,,,,,,2,,2,,2,2,,,,,2,,,,,,,,,2,2,,,,,,,,2,,,,,,5,1,1,,,,,,,,,,,,,,1,,2,1,,1,,1,1,2,,2,2,,2,1,,1,2,,1,2,1,1,1,2,2,2,2,,,,,,,,,,1,2,,,,,,,,,,,,,2,
2024,"Viet Nam","VNM","East Asia & Pacific (excluding high income)",76663207,168034322,0.470021167047861,1,16,2,1,2,2,0,0,0,0,0,0,4,4,4,4,0,4,3,0,2,,,,,,,,,,2,2,1,2,2,2,1,2,2,,,,,,,,,,,,,,,,2,,2,,,,2,2,2,,2,,2,,2,2,2,,,2,2,2,5,2,,,,,,,,,,,2,,2,,2,2,,,,,2,,,,,,,,,2,2,,,,,,,,2,,,,,,4,1,1,,,,,,,,,,,,,,1,,1,1,,1,,1,4,1,1,2,1,2,2,1,,1,2,,1,1,1,1,1,1,2,2,2,,,,,,,,,,1,2,,,,,,,,,,,,,1,2
2024,"Viet Nam","VNM","East Asia & Pacific (excluding high income)",76663207,168055144,1.4366923149358,2,29,2,2,1,1,1,0,1,1,0,1,1,4,4,4,0,4,3,1,1,1,2,2,2,,1,1,1,2,,,,,,,,,,,,,,,,,,,,,,,,,1,,2,3,2,2,,2,2,,2,,2,,2,2,2,,,2,3,1,1,2,,,,2,2,,1,1,1,2,2,,2,,2,2,,,,,1,2,1,2,,,2,1,,2,2,,,,,,,,2,,,,,,4,1,1,,,,,,,,,,,,,,1,,1,1,,1,,1,1,2,,2,2,,2,1,,1,1,4,,2,2,1,2,2,2,2,2,,,,,,,,,,1,2,,,,,,,,,,,,,2,
2024,"Viet Nam","VNM","East Asia & Pacific (excluding high income)",76663207,168212470,1.38251186531842,2,34,2,4,1,1,1,0,1,1,0,1,4,4,4,2,1,1,3,1,1,1,2,1,1,,1,1,1,2,,,,,,,,,,,,,,,,,,,,,,,,,1,,2,2,1,2,,2,2,,2,,2,,2,2,2,,,2,3,3,4,2,,,,1,1,1,,1,1,1,2,,2,,2,1,2,1,,,2,,,,,,,,,2,2,,,,,,,,1,2,2,1,,1,3,1,1,,,,,,,,,,,,,,1,,1,1,,1,,1,1,1,1,2,2,,2,1,,1,1,3,,1,1,1,1,1,2,2,2,,,,,,,,,,1,2,,,,,,,,,,,,,1,1
2024,"Viet Nam","VNM","East Asia & Pacific (excluding high income)",76663207,168343609,1.92474164331363,2,54,2,2,1,1,1,0,1,1,1,1,1,4,4,2,0,4,3,1,1,1,1,2,1,,1,1,1,2,,,,,,,,,,,,,,,,,,,,,,,,,2,,2,,,,1,2,2,,2,,1,,2,2,2,,,,2,3,3,1,2,2,2,2,2,,4,2,2,,2,,2,,2,2,,,,,1,2,1,2,,,2,2,,2,2,,,,,,,,1,2,2,1,,1,3,1,1,,,,,,,,,,,,,,1,,1,1,,1,,2,2,1,1,2,2,,2,1,,1,2,,1,2,2,1,1,2,2,2,2,,,,,,,,,,1,2,,,,,,,,,,,,,1,2
2024,"Viet Nam","VNM","East Asia & Pacific (excluding high income)",76663207,168431474,2.13054484731329,1,57,2,5,1,1,1,0,1,1,1,1,1,4,4,4,1,1,3,1,1,1,1,2,1,,1,1,1,2,,,,,,,,,,,,,,,,,,,,,,,,,1,,2,2,1,1,,2,2,,2,,1,,2,2,2,,,,2,2,4,2,,,,1,1,1,,1,1,3,2,,2,,2,1,1,1,,,1,2,1,2,,,1,2,,2,2,,,,,,,,2,,,,,,3,1,1,,,,,,,,,,,,,,1,,2,1,,1,,1,1,1,1,2,2,,2,1,,1,1,3,,1,1,1,1,2,2,2,2,,,,,,,,,,1,2,,,,,,,,,,,,,1,1
2024,"Viet Nam","VNM","East Asia & Pacific (excluding high income)",76663207,168541957,0.818725237169452,1,21,2,4,1,1,1,1,1,1,0,0,1,4,4,4,1,4,3,1,1,1,1,2,2,,1,1,1,2,,,,,,,,,,,,,,,,,,,,,,,,,2,2,2,,,,2,2,2,,2,2,2,,2,2,2,,,2,2,2,4,2,,,,2,1,2,,1,1,3,2,,2,,2,2,,,,,1,2,1,1,,,2,2,,2,2,,,,,,,,2,,,,,,3,1,1,,,,,,,,,,,,,,1,,1,1,,1,,1,1,1,1,2,2,,2,1,,1,1,3,,1,1,1,1,1,2,1,2,,,,,,,,,,1,2,,,,,,,,,,,,,1,2
2024,"Viet Nam","VNM","East Asia & Pacific (excluding high income)",76663207,168552896,0.518143919277052,1,70,1,1,1,1,0,0,0,0,0,1,4,4,4,2,0,2,1,0,2,,,,,,,,,,2,2,2,2,2,2,1,2,2,,,,,,,,,,,,,,,,2,,2,,,,1,1,2,,2,,2,,2,2,2,,,2,3,1,4,2,,,,,,,,,,,2,,1,1,2,1,2,2,,1,2,,,,,,,,,2,2,,,,,,,,1,2,2,1,,2,1,0,1,,,,,,,,,,,,,,2,2,1,2,,2,,,2,2,,2,2,,2,2,2,,,,,,,,,,,,,1,1,2,1,2,1,2,1,8,1,2,,,,,,,,,,,,,1,2
2024,"Viet Nam","VNM","East Asia & Pacific (excluding high income)",76663207,168559422,1.96853372376754,2,32,2,2,1,1,1,1,1,1,0,1,4,4,4,2,1,4,2,1,1,1,2,3,3,1,1,1,1,2,,,,,,,,,,,,,,,,,,,,,,,,,1,1,2,3,1,2,,2,2,,2,2,2,,2,2,2,,,2,1,2,4,2,,,,2,1,2,,2,2,,1,2,1,2,2,2,,,,,2,,,,,,,,,2,2,,,,,,,,1,2,2,1,,1,4,1,1,,,,,,,,,,,,,,1,,1,1,,1,,1,1,1,2,2,2,,2,1,,1,1,3,,2,1,1,1,2,2,2,2,,,,,,,,,,1,2,,,,,,,,,,,,,1,1
2024,"Viet Nam","VNM","East Asia & Pacific (excluding high income)",76663207,168606152,1.69733533732691,2,31,3,4,1,2,1,1,1,1,0,1,1,4,4,4,1,1,2,1,1,1,1,1,1,,1,1,1,2,,,,,,,,,,,,,,,,,,,,,,,,,1,,2,2,1,2,,2,2,,2,,2,,2,2,2,,,2,2,3,1,2,,,,1,1,2,,1,1,3,1,2,2,,2,1,2,1,,,1,2,1,1,,,2,2,,2,2,,,,,,,,2,,,,,,4,1,1,,,,,,,,,,,,,,1,,1,1,,1,,1,2,1,1,2,2,,2,1,,1,1,1,,1,1,1,1,2,2,2,2,,,,,,,,,,1,2,,,,,,,,,,,,,2,
2024,"Viet Nam","VNM","East Asia & Pacific (excluding high income)",76663207,168664391,0.334673837207228,2,57,1,4,2,1,0,0,0,0,0,0,4,4,4,4,0,2,2,0,2,,,,,,,,,,2,2,2,2,2,2,2,1,2,,,,,,,,,,,,,,,,2,,2,,,,2,2,2,,2,,2,,2,2,2,,,2,1,3,4,2,,,,,,,,,,,2,,1,2,2,1,2,2,,1,2,,,,,,,,,2,2,,,,,,,,2,,,,,,1,1,1,,,,,,,,,,,,,,1,,1,1,,1,,1,2,2,,2,2,,2,1,,1,2,,1,2,1,1,2,2,2,2,2,,,,,,,,,,1,2,,,,,,,,,,,,,2,
2024,"Viet Nam","VNM","East Asia & Pacific (excluding high income)",76663207,168698224,0.985922712626172,2,20,2,5,1,1,1,1,1,1,0,1,1,4,4,4,1,4,3,1,1,1,1,2,1,,1,1,1,2,,,,,,,,,,,,,,,,,,,,,,,,,1,2,2,3,2,2,,2,2,,2,2,2,,2,2,2,,,2,2,1,5,2,,,,2,1,1,,2,1,3,2,,2,,2,2,,,,,1,2,1,2,,,2,1,,2,2,,,,,,,,2,,,,,,3,1,1,,,,,,,,,,,,,,1,,2,1,,1,,1,1,1,1,2,2,,2,1,,1,1,3,,1,1,1,1,1,2,2,1,,,,,,,,,,1,2,,,,,,,,,,,,,1,1
2024,"Viet Nam","VNM","East Asia & Pacific (excluding high income)",76663207,168840075,1.83468359735209,1,70,2,1,1,1,0,0,0,0,1,0,4,4,4,2,0,4,2,0,2,,,,,,,,,,2,2,2,1,2,2,1,1,2,,,,,,,,,,,,,,,,2,,2,,,,2,2,2,,2,,1,,2,2,2,,,,2,1,2,2,,,,,,,,,,,2,,1,2,2,2,,,,,2,,,,,,,,,2,2,,,,,,,,1,2,2,1,,2,1,0,1,,,,,,,,,,,,,,2,2,1,1,,2,,,2,2,,2,2,,2,2,2,,,,,,,,,,,,,1,2,2,1,2,2,2,1,1,1,2,,,,,,,,,,,,,2,
2024,"Viet Nam","VNM","East Asia & Pacific (excluding high income)",76663207,169021474,1.14239794876533,1,65,1,2,1,1,0,0,0,0,1,1,2,4,4,2,0,4,2,0,2,,,,,,,,,,2,2,2,1,1,2,2,1,1,,,,,,,,,,,,,,,,2,,1,,,,,1,2,,2,,1,2,2,2,2,,,,2,3,4,2,,,,,,,,,,,1,2,1,2,2,2,,,,,1,2,2,2,1,,,,,2,2,,,,,,,,1,2,2,1,,2,1,0,1,,,,,,,,,,,,,,2,2,1,1,,2,,,3,2,,2,2,,2,2,2,,,,,,,,,,,,,2,2,1,1,2,1,2,1,6,1,2,,,,,,,,,,,,,1,2
2024,"Viet Nam","VNM","East Asia & Pacific (excluding high income)",76663207,169044195,0.396488750036979,2,16,1,1,2,1,0,0,0,0,0,0,4,4,4,4,0,4,3,0,2,,,,,,,,,,2,2,1,2,2,2,1,1,2,,,,,,,,,,,,,,,,2,,2,,,,2,2,2,,2,,2,,2,2,2,,,2,2,1,4,2,,,,,,,,,,,2,,2,,2,2,,,,,2,,,,,,,,,2,2,,,,,,,,2,,,,,,5,1,1,,,,,,,,,,,,,,1,,2,1,,1,,2,2,1,1,2,2,,2,1,,1,2,,1,2,1,1,1,1,2,2,2,,,,,,,,,,1,2,,,,,,,,,,,,,1,2
2024,"Viet Nam","VNM","East Asia & Pacific (excluding high income)",76663207,169060188,1.40383757819394,2,15,2,1,1,1,0,0,0,0,0,0,4,4,4,4,0,4,3,0,2,,,,,,,,,,2,2,1,2,2,1,2,2,2,,,,,,,,,,,,,,,,2,,2,,,,2,2,2,,2,,2,,2,2,2,,,2,2,2,3,2,,,,,,,,,,,2,,2,,2,2,,,,,2,,,,,,,,,2,2,,,,,,,,2,,,,,,4,1,1,,,,,,,,,,,,,,1,,2,1,,2,,,8,1,1,2,2,,2,1,,3,1,3,,1,1,1,1,1,1,2,2,,,,,,,,,,2,,2,2,2,2,2,2,2,2,2,2,2,2,2,
2024,"Viet Nam","VNM","East Asia & Pacific (excluding high income)",76663207,169191427,1.33039099291158,1,41,2,3,2,1,0,0,0,0,0,1,4,4,4,4,0,2,3,0,2,,,,,,,,,,2,2,1,2,2,2,2,1,2,,,,,,,,,,,,,,,,2,,2,,,,1,2,2,,2,,2,,2,2,2,,,2,2,2,4,2,,,,,,,,,,,2,,2,,2,1,2,2,,1,2,,,,,,,,,2,2,,,,,,,,2,,,,,,4,1,1,,,,,,,,,,,,,,1,,1,1,,1,,1,1,1,1,2,2,,2,1,,1,1,1,,2,1,1,1,2,1,1,1,,,,,,,,,,1,2,,,,,,,,,,,,,1,2
2024,"Viet Nam","VNM","East Asia & Pacific (excluding high income)",76663207,169197322,0.823891162151341,2,35,2,3,1,1,1,0,1,1,1,1,4,4,4,4,0,4,3,1,1,1,2,3,3,1,1,1,1,2,,,,,,,,,,,,,,,,,,,,,,,,,2,,2,,,,1,2,2,,2,,1,,2,1,2,,,,3,2,3,1,1,2,2,2,2,,4,1,1,2,2,,2,,2,2,,,,,2,,,,,,,,,2,2,,,,,,,,2,,,,,,3,1,1,,,,,,,,,,,,,,2,2,1,1,,1,,1,1,2,,2,2,,2,2,1,2,2,,1,2,2,2,2,2,2,2,2,2,2,2,2,2,2,2,2,,1,2,,,,,,,,,,,,,2,
2024,"Viet Nam","VNM","East Asia & Pacific (excluding high income)",76663207,169202411,2.37660557053304,2,69,2,1,2,2,1,0,1,0,0,0,4,4,1,4,0,4,2,1,1,2,1,2,2,,2,1,2,2,,,,,,,,,,,,,,,,,,,,,,,,,2,,2,,,,2,2,2,,2,,2,,2,2,2,,,2,2,2,2,2,,,,2,2,,4,2,2,,2,,1,2,2,2,,,,,2,,,,,,,,,2,1,1,2,,,1,2,,2,,,,,,3,1,1,,,,,,,,,,,,,,1,,1,1,,1,,2,2,2,,2,1,2,2,1,,1,2,,1,2,2,1,2,2,2,2,2,,,,,,,,,,1,2,,,,,,,,,,,,,1,1
2024,"Viet Nam","VNM","East Asia & Pacific (excluding high income)",76663207,169371097,0.712264214935924,1,18,2,5,2,2,0,0,0,0,0,0,4,4,4,4,0,4,3,0,2,,,,,,,,,,2,2,1,2,2,2,2,2,2,,,,,,,,,,,,,,,,2,,2,,,,2,2,2,,2,,2,,2,2,2,,,2,2,3,3,2,,,,,,,,,,,2,,2,,2,2,,,,,2,,,,,,,,,2,2,,,,,,,,2,,,,,,5,1,1,,,,,,,,,,,,,,1,,1,1,,1,,1,1,1,2,2,2,,2,1,,1,1,3,,1,1,1,1,1,2,2,2,,,,,,,,,,1,2,,,,,,,,,,,,,1,2
2024,"Viet Nam","VNM","East Asia & Pacific (excluding high income)",76663207,169612733,1.80814168744684,1,54,2,2,1,1,1,0,1,0,1,0,4,2,4,1,0,2,3,0,2,,,,,,,,,,,,,,,,,,,,,,,,,,,,,,,,,,2,,2,,,,2,2,2,,2,,1,,2,2,2,,,,2,2,4,2,,,,,,,,,,,2,,2,,2,1,2,2,,1,2,,,,,,,,,1,2,2,2,1,,,,,1,2,2,2,1,2,1,0,1,,,,,,,,,,,,,,2,2,1,1,,2,,,8,2,,2,2,,2,2,2,,,,,,,,,,,,,2,2,2,1,2,2,2,1,4,1,2,,,,,,,,,,,,,2,
2024,"Viet Nam","VNM","East Asia & Pacific (excluding high income)",76663207,169959727,1.23577043139449,2,40,2,5,1,1,1,0,1,0,1,1,1,1,4,4,0,1,2,1,1,2,2,2,2,,1,2,1,2,,,,,,,,,,,,,,,,,,,,,,,,,1,,1,3,1,1,,1,2,,1,,2,1,2,1,2,,,,5,1,3,2,,,,1,2,,4,1,2,,1,2,2,,2,1,2,1,,,1,2,1,2,,,2,2,,1,2,1,2,,,2,2,,2,,,,,,4,1,1,,,,,,,,,,,,,,1,,1,3,,2,,,4,2,,1,2,,2,1,,3,1,3,,2,1,2,2,2,1,1,2,,,,,,,,,,1,2,,,,,,,,,,,,,1,1
2024,"Viet Nam","VNM","East Asia & Pacific (excluding high income)",76663207,169995149,0.949794014564733,2,35,3,5,1,2,1,0,1,1,1,0,1,4,4,4,1,1,3,1,1,1,1,2,2,,1,1,1,2,,,,,,,,,,,,,,,,,,,,,,,,,2,,2,,,,2,2,2,,2,,1,,2,2,2,,,,3,3,4,2,,,,1,1,1,,1,1,3,2,,2,,2,1,1,1,,,1,2,1,2,,,2,2,,2,2,,,,,,,,2,,,,,,3,1,1,,,,,,,,,,,,,,1,,1,1,,1,,1,1,1,1,2,2,,2,1,,1,1,3,,1,1,1,1,1,2,2,2,,,,,,,,,,1,2,,,,,,,,,,,,,1,2
2024,"Viet Nam","VNM","East Asia & Pacific (excluding high income)",76663207,170043251,0.824961073560623,1,54,1,2,1,2,1,1,1,1,1,1,1,4,4,4,0,2,2,1,1,2,1,2,2,,2,1,2,2,,,,,,,,,,,,,,,,,,,,,,,,,2,,2,,,,1,2,2,,2,,1,,2,2,2,,,,1,2,2,2,,,,2,2,,4,2,2,,1,2,2,,1,1,2,2,,1,1,2,1,1,,,2,1,,2,2,,,,,,,,2,,,,,,3,1,1,,,,,,,,,,,,,,1,,1,1,,1,,1,1,1,1,2,2,,2,1,,1,2,,1,1,1,1,1,2,2,2,2,,,,,,,,,,1,2,,,,,,,,,,,,,2,
2024,"Viet Nam","VNM","East Asia & Pacific (excluding high income)",76663207,170103403,2.75186838741064,1,63,2,2,1,1,0,0,0,0,1,1,4,4,4,2,0,4,3,0,2,,,,,,,,,,2,2,2,2,2,2,2,1,2,,,,,,,,,,,,,,,,2,,2,,,,1,1,2,,2,,2,,2,2,2,,,1,2,2,4,2,,,,,,,,,,,2,,2,,2,2,,,,,2,,,,,,,,,2,2,,,,,,,,1,2,2,1,,2,1,1,1,,,,,,,,,,,,,,1,,1,1,,2,,,1,2,,8,2,,2,1,,1,1,1,,2,1,1,2,2,2,2,2,,,,,,,,,,1,2,,,,,,,,,,,,,2,
2024,"Viet Nam","VNM","East Asia & Pacific (excluding high income)",76663207,170115960,0.845613166123006,1,41,2,2,1,1,1,1,1,1,1,1,4,4,4,1,1,4,3,1,1,1,2,2,1,,1,2,1,2,,,,,,,,,,,,,,,,,,,,,,,,,1,,1,3,1,2,,2,2,,1,,1,1,2,1,2,,,,1,3,4,1,2,2,2,1,1,1,,1,1,3,2,,2,,2,2,,,,,2,,,,,,,,,2,2,,,,,,,,1,2,1,,,1,1,1,1,,,,,,,,,,,,,,1,,1,1,,1,,1,4,1,2,2,2,,2,1,,1,2,,1,2,1,1,1,2,2,2,2,,,,,,,,,,1,2,,,,,,,,,,,,,1,1
2024,"Viet Nam","VNM","East Asia & Pacific (excluding high income)",76663207,170189870,0.571813705025955,2,15,2,4,2,2,0,0,0,0,0,1,4,4,4,4,0,4,2,0,2,,,,,,,,,,2,2,2,2,2,2,2,2,2,,,,,,,,,,,,,,,,2,,2,,,,1,2,2,,2,,2,,2,2,2,,,2,2,1,5,2,,,,,,,,,,,2,,1,2,2,2,,,,,2,,,,,,,,,2,2,,,,,,,,2,,,,,,3,1,1,,,,,,,,,,,,,,1,,2,1,,1,,1,4,1,1,1,2,,2,1,,1,2,,1,1,1,1,2,1,2,2,2,,,,,,,,,,1,2,,,,,,,,,,,,,1,2
2024,"Viet Nam","VNM","East Asia & Pacific (excluding high income)",76663207,170338870,0.687031982420844,1,65,1,4,2,1,0,0,0,0,0,1,4,4,4,4,0,2,3,0,2,,,,,,,,,,2,2,2,2,2,2,2,1,2,,,,,,,,,,,,,,,,2,,2,,,,1,2,2,,2,,2,,2,2,2,,,2,1,3,4,2,,,,,,,,,,,2,,2,,2,1,2,2,,1,2,,,,,,,,,2,2,,,,,,,,2,,,,,,3,0,1,,,,,,,,,,,,,,2,2,1,1,,1,,2,4,2,,2,2,,2,2,2,,,,,,,,,,,,,2,2,2,1,2,2,2,1,8,1,2,,,,,,,,,,,,,1,2
2024,"Viet Nam","VNM","East Asia & Pacific (excluding high income)",76663207,170428217,0.460598650775751,1,68,1,1,1,1,0,0,0,0,0,1,4,2,4,4,0,2,3,0,2,,,,,,,,,,2,2,2,2,2,2,2,2,2,,,,,,,,,,,,,,,,2,,2,,,,1,2,2,,2,,2,,2,2,2,,,2,2,2,3,2,,,,,,,,,,,2,,2,,2,1,2,2,,1,2,,,,,,,,,1,2,2,2,1,,,,,2,,,,,,1,1,1,,,,,,,,,,,,,,1,,1,1,,2,,,1,2,,2,2,,2,1,,2,2,,1,2,2,2,2,2,2,2,2,,,,,,,,,,1,2,,,,,,,,,,,,,2,
2024,"Viet Nam","VNM","East Asia & Pacific (excluding high income)",76663207,170458347,1.44355623248522,2,52,2,4,1,1,1,0,1,1,1,1,4,4,4,4,1,4,1,1,1,1,1,2,2,,1,1,1,2,,,,,,,,,,,,,,,,,,,,,,,,,1,,2,3,1,1,,2,2,,2,,2,,2,2,2,,,1,3,2,4,2,,,,2,1,2,,2,1,2,1,1,2,,2,2,,,,,2,,,,,,,,,2,2,,,,,,,,2,,,,,,3,1,1,,,,,,,,,,,,,,1,,1,1,,1,,1,1,1,1,2,2,,2,1,,1,1,3,,1,1,1,1,2,2,2,2,,,,,,,,,,1,2,,,,,,,,,,,,,1,2
2024,"Viet Nam","VNM","East Asia & Pacific (excluding high income)",76663207,170464693,0.334691795911271,2,57,1,3,1,1,0,0,0,0,0,0,4,4,4,2,0,2,3,0,2,,,,,,,,,,2,2,2,2,2,2,1,2,2,,,,,,,,,,,,,,,,2,,2,,,,2,2,2,,2,,2,,2,2,2,,,2,9,,6,1,1,2,,,,,,,,,2,,2,,2,1,2,2,,1,2,,,,,,,,,2,2,,,,,,,,1,2,2,1,,2,8,0,1,,,,,,,,,,,,,,2,2,1,1,,1,,2,3,2,,2,2,,2,2,2,,,,,,,,,,,,,2,2,2,1,2,2,2,2,4,1,2,,,,,,,,,,,,,2,
2024,"Viet Nam","VNM","East Asia & Pacific (excluding high income)",76663207,170486421,0.845613166123006,1,40,2,3,1,1,1,0,1,1,1,0,4,4,4,4,1,1,3,1,1,1,2,2,1,,1,1,1,2,,,,,,,,,,,,,,,,,,,,,,,,,2,,2,,,,2,2,2,,2,,1,,2,1,2,,,,3,2,3,2,,,,1,1,2,,1,1,3,2,,2,,2,1,1,1,,,2,,,,,,,,,2,2,,,,,,,,2,,,,,,3,1,1,,,,,,,,,,,,,,1,,1,1,,1,,1,1,1,1,1,2,,2,1,,1,1,1,,1,1,1,1,2,2,2,2,,,,,,,,,,1,2,,,,,,,,,,,,,1,2
2024,"Viet Nam","VNM","East Asia & Pacific (excluding high income)",76663207,170653149,0.257157228928712,2,40,1,1,1,1,0,0,0,0,1,0,2,4,4,4,0,4,2,0,2,,,,,,,,,,2,2,2,1,2,2,1,2,1,,,,,,,,,,,,,,,,2,,2,,,,2,2,2,,2,,2,,2,2,1,,,2,3,1,4,1,1,1,,,,,,,,,1,2,1,2,2,2,,,,,1,2,2,2,1,,,,,2,2,,,,,,,,2,,,,,,4,0,2,1,1,2,1,2,2,2,1,2,,,,2,,,,,,,,,,,,,,,,2,2,,,,,,,,,,,,,,,,,,,,,,1,2,,,,,,,,,,,,,2,
2024,"Viet Nam","VNM","East Asia & Pacific (excluding high income)",76663207,170697821,0.257230558025266,2,21,1,1,1,1,0,0,0,0,0,0,4,4,4,2,0,4,3,0,2,,,,,,,,,,2,2,2,2,2,2,2,2,2,,,,,,,,,,,,,,,,2,,2,,,,2,2,2,,2,,2,,2,2,2,,,2,2,1,2,1,1,1,,,,,,,,,2,,2,,2,2,,,,,2,,,,,,,,,2,2,,,,,,,,1,2,2,1,,2,1,1,1,,,,,,,,,,,,,,1,,1,1,,1,,1,8,1,2,2,2,,2,1,,1,1,1,,2,2,1,2,2,2,2,2,,,,,,,,,,1,2,,,,,,,,,,,,,2,
2024,"Viet Nam","VNM","East Asia & Pacific (excluding high income)",76663207,170952712,0.801826777926979,2,34,2,4,1,2,1,1,1,1,0,1,1,4,4,4,1,4,3,1,1,1,1,2,2,,1,1,1,2,,,,,,,,,,,,,,,,,,,,,,,,,1,2,2,2,2,2,,2,2,,2,2,2,,2,2,2,,,2,1,3,4,2,,,,2,1,3,,1,1,2,2,,2,,2,2,,,,,1,2,1,1,,,2,2,,2,2,,,,,,,,2,,,,,,6,1,1,,,,,,,,,,,,,,1,,1,1,,1,,2,4,1,1,2,2,,2,1,,1,2,,1,1,1,1,1,2,2,2,1,,,,,,,,,,1,2,,,,,,,,,,,,,1,1
2024,"Viet Nam","VNM","East Asia & Pacific (excluding high income)",76663207,170995109,0.684171769750003,1,36,2,3,1,1,1,0,1,1,1,1,4,4,4,4,1,1,1,1,1,1,1,2,1,,2,2,1,2,,,,,,,,,,,,,,,,,,,,,,,,,1,,2,3,1,2,,2,2,,1,,2,,2,2,2,,,,1,2,2,1,1,2,2,1,1,3,,1,1,3,1,1,1,1,1,1,1,1,,,2,,,,,,,,,2,2,,,,,,,,2,,,,,,4,1,1,,,,,,,,,,,,,,1,,1,1,,1,,2,4,1,1,2,1,2,8,1,,1,2,,1,1,1,1,1,2,2,1,2,,,,,,,,,,1,2,,,,,,,,,,,,,1,1
2024,"Viet Nam","VNM","East Asia & Pacific (excluding high income)",76663207,171100374,0.257157228928712,2,41,1,5,1,1,1,1,1,1,0,1,1,4,4,4,0,2,2,1,1,1,1,3,3,1,1,1,1,3,,,,,,,,,,,,,,,,,,,,,,,,,1,,2,3,2,2,,2,2,,2,,2,,2,2,2,,,2,1,2,2,2,,,,2,2,,4,2,2,,2,,1,2,2,1,2,2,,1,1,2,1,1,,,2,1,,2,2,,,,,,,,2,,,,,,4,1,1,,,,,,,,,,,,,,1,,1,1,,2,,,1,1,2,2,2,,2,1,,1,1,3,,1,1,1,1,1,2,2,2,,,,,,,,,,1,2,,,,,,,,,,,,,1,1
2024,"Viet Nam","VNM","East Asia & Pacific (excluding high income)",76663207,171153215,0.574117329194873,1,26,3,4,1,2,1,1,1,1,0,1,1,4,4,4,1,1,3,1,1,1,1,1,1,,1,1,1,2,,,,,,,,,,,,,,,,,,,,,,,,,2,2,2,,,,1,2,2,,2,2,2,,2,2,2,,,2,1,3,4,2,,,,1,1,1,,1,1,3,2,,2,,2,1,1,1,,,1,2,1,2,,,2,2,,2,2,,,,,,,,2,,,,,,2,1,1,,,,,,,,,,,,,,1,,1,1,,1,,1,1,1,1,2,2,,2,1,,1,1,3,,1,1,1,1,1,2,2,2,,,,,,,,,,1,2,,,,,,,,,,,,,1,2
2024,"Viet Nam","VNM","East Asia & Pacific (excluding high income)",76663207,171302822,0.845613166123005,1,44,2,5,1,1,1,0,1,1,0,1,4,4,4,4,0,2,3,0,1,1,2,1,1,,1,1,1,2,,,,,,,,,,,,,,,,,,,,,,,,,1,,2,3,1,1,,2,2,,2,,2,,2,2,2,,,2,1,2,4,2,,,,2,2,,1,2,2,,2,,2,,2,1,2,2,,1,2,,,,,,,,,2,2,,,,,,,,2,,,,,,3,1,1,,,,,,,,,,,,,,1,,1,1,,1,,1,1,2,,2,2,,2,1,,1,1,3,,1,1,1,1,2,2,2,2,,,,,,,,,,1,2,,,,,,,,,,,,,1,2
2024,"Viet Nam","VNM","East Asia & Pacific (excluding high income)",76663207,171306064,0.736452290704108,2,69,2,5,2,1,0,0,0,0,0,0,4,4,2,4,0,2,2,0,2,,,,,,,,,,2,2,2,2,2,2,2,2,2,,,,,,,,,,,,,,,,2,,2,,,,2,2,2,,2,,2,,2,2,2,,,2,2,2,4,2,,,,,,,,,,,2,,1,2,2,1,2,2,,1,2,,,,,,,,,2,1,2,2,1,,,,,2,,,,,,1,0,1,,,,,,,,,,,,,,2,2,1,1,,2,,,3,2,,2,2,,2,2,2,,,,,,,,,,,,,2,2,2,1,2,2,2,1,4,1,2,,,,,,,,,,,,,2,
2024,"Viet Nam","VNM","East Asia & Pacific (excluding high income)",76663207,171350178,1.96853372376754,2,28,2,2,1,1,1,0,1,1,0,0,4,4,4,4,1,1,3,1,1,1,1,3,1,,1,1,1,2,,,,,,,,,,,,,,,,,,,,,,,,,2,,2,,,,2,2,2,,2,,2,,2,2,2,,,2,2,2,2,2,,,,2,2,,4,1,1,3,2,,2,,2,1,1,1,,,2,,,,,,,,,2,2,,,,,,,,2,,,,,,2,1,1,,,,,,,,,,,,,,1,,1,1,,1,,1,2,1,1,2,2,,2,1,,1,1,1,,1,1,1,1,2,2,2,2,,,,,,,,,,1,2,,,,,,,,,,,,,2,
2024,"Viet Nam","VNM","East Asia & Pacific (excluding high income)",76663207,171558155,0.465323634189904,1,73,1,3,2,2,0,0,0,0,0,1,4,4,4,4,0,4,1,0,2,,,,,,,,,,2,2,2,2,2,2,2,2,2,,,,,,,,,,,,,,,,2,,2,,,,1,2,2,,2,,2,,2,2,2,,,2,1,2,4,2,,,,,,,,,,,1,2,1,1,2,2,,,,,2,,,,,,,,,2,2,,,,,,,,2,,,,,,4,0,1,,,,,,,,,,,,,,2,2,1,1,,2,,,1,2,,2,2,,2,2,2,,,,,,,,,,,,,2,2,2,2,2,2,2,1,8,1,2,,,,,,,,,,,,,2,
2024,"Viet Nam","VNM","East Asia & Pacific (excluding high income)",76663207,171613966,0.397124061915298,1,41,1,1,1,1,0,0,0,0,1,1,4,4,4,4,0,2,3,0,2,,,,,,,,,,2,2,2,2,2,2,2,2,2,,,,,,,,,,,,,,,,2,,1,,,,,1,2,,2,,1,1,2,1,2,,,,2,3,3,2,,,,,,,,,,,2,,2,,2,1,2,2,,1,2,,,,,,,,,2,2,,,,,,,,2,,,,,,2,1,1,,,,,,,,,,,,,,1,,1,1,,2,,,2,2,,2,2,,2,1,,1,1,3,,1,1,1,1,2,2,2,2,,,,,,,,,,1,2,,,,,,,,,,,,,2,
2024,"Viet Nam","VNM","East Asia & Pacific (excluding high income)",76663207,171651921,1.35610626558513,1,48,2,4,1,2,1,1,1,1,1,1,4,4,4,4,1,1,1,1,1,1,1,1,1,,1,1,1,1,,,,,,,,,,,,,,,,,,,,,,,,,1,2,2,2,1,1,,1,2,,2,2,2,,2,2,2,1,1,,1,3,4,1,2,2,2,1,1,1,,1,1,1,1,1,1,1,2,1,1,1,,,2,,,,,,,,,2,2,,,,,,,,2,,,,,,3,1,1,,,,,,,,,,,,,,1,,1,1,,1,,1,1,1,1,2,2,,2,1,,1,2,,1,1,1,1,1,2,2,2,2,,,,,,,,,,1,2,,,,,,,,,,,,,1,1
2024,"Viet Nam","VNM","East Asia & Pacific (excluding high income)",76663207,171754631,0.257157228928712,1,52,1,2,1,1,0,0,0,0,1,1,2,4,4,4,0,2,3,0,2,,,,,,,,,,2,2,2,1,2,2,1,1,1,,,,,,,,,,,,,,,,2,,1,,,,,2,2,,2,,1,2,1,2,2,,,,2,2,4,1,2,1,,,,,,,,,2,,2,,2,1,2,2,,1,1,2,2,2,1,,,,,2,2,,,,,,,,2,,,,,,1,0,2,1,2,2,2,2,1,1,1,1,1,2,2,,,,,,,,,,,,,,,,,2,2,,,,,,,,,,,,,,,,,,,,,,1,2,,,,,,,,,,,,,2,
2024,"Viet Nam","VNM","East Asia & Pacific (excluding high income)",76663207,171887922,0.985922712626172,2,19,2,4,1,1,1,1,1,1,0,0,1,4,4,4,1,4,3,1,1,1,2,3,1,,2,1,1,2,,,,,,,,,,,,,,,,,,,,,,,,,2,2,2,,,,2,2,2,,2,2,2,,2,2,2,,,2,2,1,4,2,,,,1,1,1,,1,1,3,2,,2,,2,2,,,,,1,2,1,2,,,1,1,,2,2,,,,,,,,2,,,,,,3,1,1,,,,,,,,,,,,,,1,,2,1,,1,,1,2,1,1,2,2,,2,1,,1,1,3,,1,1,1,1,1,2,2,1,,,,,,,,,,1,2,,,,,,,,,,,,,1,1
2024,"Viet Nam","VNM","East Asia & Pacific (excluding high income)",76663207,172104258,2.21415941260389,1,58,2,1,2,1,0,0,0,0,1,0,4,4,4,4,0,4,3,0,2,,,,,,,,,,2,2,2,1,2,2,1,2,2,,,,,,,,,,,,,,,,2,,2,,,,2,1,2,,2,,1,,1,2,2,,,,2,1,3,2,,,,,,,,,,,2,,2,,2,2,,,,,2,,,,,,,,,2,2,,,,,,,,2,,,,,,4,1,1,,,,,,,,,,,,,,1,,1,1,,1,,1,2,2,,2,2,,2,1,,1,1,3,,2,2,1,1,2,2,2,2,,,,,,,,,,1,2,,,,,,,,,,,,,1,2
2024,"Viet Nam","VNM","East Asia & Pacific (excluding high income)",76663207,172115677,0.257157228928712,1,45,1,2,1,1,0,0,0,0,1,1,2,4,4,4,0,2,2,0,2,,,,,,,,,,2,2,2,1,1,2,2,2,1,,,,,,,,,,,,,,,,2,,2,,,,1,2,2,,2,,1,,2,2,2,,,,3,2,2,2,,,,,,,,,,,1,2,1,2,2,1,2,2,,1,1,2,2,2,1,,,,,2,2,,,,,,,,2,,,,,,3,1,1,,,,,,,,,,,,,,1,,1,1,,1,,2,1,2,,2,2,,2,1,,2,1,3,,2,1,1,2,2,2,2,2,,,,,,,,,,1,2,,,,,,,,,,,,,2,
2024,"Viet Nam","VNM","East Asia & Pacific (excluding high income)",76663207,172249044,2.06720621349092,1,50,2,3,1,1,1,0,1,1,0,1,1,4,4,4,1,2,2,1,1,1,1,2,2,,1,1,1,2,,,,,,,,,,,,,,,,,,,,,,,,,1,,1,2,1,1,,1,2,,2,,2,2,2,2,2,,,2,1,3,4,2,,,,2,1,2,,1,2,,1,2,2,,2,1,2,2,,1,1,2,1,3,,,2,2,,2,2,,,,,,,,2,,,,,,1,1,1,,,,,,,,,,,,,,1,,1,1,,1,,1,1,1,1,2,2,,2,1,,1,1,3,,1,1,1,1,2,2,2,2,,,,,,,,,,1,2,,,,,,,,,,,,,1,2
2024,"Viet Nam","VNM","East Asia & Pacific (excluding high income)",76663207,172402956,0.850371511138512,1,36,2,1,1,1,1,0,1,1,1,1,1,4,4,4,0,2,1,1,1,1,1,3,2,,1,2,1,2,,,,,,,,,,,,,,,,,,,,,,,,,2,,2,,,,1,2,2,,2,,1,,2,2,2,,,,1,2,3,1,2,2,2,2,2,,1,2,1,2,1,2,1,1,2,1,2,2,,1,1,2,1,2,,,2,2,,2,2,,,,,,,,2,,,,,,1,1,1,,,,,,,,,,,,,,1,,1,1,,1,,2,1,1,1,2,2,,2,1,,1,2,,1,1,1,1,1,2,1,2,2,,,,,,,,,,1,2,,,,,,,,,,,,,1,1
2024,"Viet Nam","VNM","East Asia & Pacific (excluding high income)",76663207,172479934,0.89187535134596,2,35,2,4,1,1,1,0,1,1,0,1,1,4,4,4,1,1,3,1,1,1,1,2,1,,1,1,1,2,,,,,,,,,,,,,,,,,,,,,,,,,2,,2,,,,1,2,2,,2,,2,,2,2,2,,,2,3,3,4,2,,,,2,1,2,,1,1,3,2,,2,,2,1,1,1,,,1,2,1,2,,,2,2,,2,2,,,,,,,,2,,,,,,3,1,1,,,,,,,,,,,,,,1,,1,1,,1,,1,1,1,1,2,2,,2,1,,1,2,,1,1,1,1,1,2,2,2,2,,,,,,,,,,1,2,,,,,,,,,,,,,1,1
2024,"Viet Nam","VNM","East Asia & Pacific (excluding high income)",76663207,172553890,1.4246910218471,2,36,3,4,1,2,1,1,1,1,1,1,1,4,4,4,1,4,3,1,1,1,1,1,1,,1,1,1,1,,,,,,,,,,,,,,,,,,,,,,,,,1,2,1,3,1,2,,1,2,,2,2,2,2,2,2,2,1,1,,3,3,3,2,,,,2,1,1,,1,1,3,2,,2,,2,2,,,,,1,2,1,2,,,2,2,,2,2,,,,,,,,2,,,,,,3,1,1,,,,,,,,,,,,,,1,,1,1,,1,,1,4,1,1,2,2,,2,1,,1,1,2,,1,1,1,1,2,2,2,2,,,,,,,,,,1,2,,,,,,,,,,,,,1,2
2024,"Viet Nam","VNM","East Asia & Pacific (excluding high income)",76663207,172589805,1.47911046103519,2,23,3,1,1,1,1,0,1,1,0,1,1,4,4,4,0,4,3,1,1,1,1,2,3,,1,1,2,2,,,,,,,,,,,,,,,,,,,,,,,,,2,2,2,,,,1,2,2,,2,2,2,,2,2,2,,,2,3,3,4,2,,,,2,2,,4,2,1,2,2,,2,,2,2,,,,,1,2,1,2,,,2,2,,2,2,,,,,,,,2,,,,,,3,1,1,,,,,,,,,,,,,,1,,1,1,,1,,1,1,1,1,2,2,,2,1,,1,1,3,,1,1,1,1,1,2,2,2,,,,,,,,,,1,2,,,,,,,,,,,,,1,2
2024,"Viet Nam","VNM","East Asia & Pacific (excluding high income)",76663207,172677151,2.96091873755317,1,57,2,2,2,1,0,0,0,0,0,1,4,4,2,2,0,2,2,0,2,,,,,,,,,,2,2,1,2,2,2,2,1,2,,,,,,,,,,,,,,,,2,,1,,,,,1,2,,2,,2,2,2,2,2,,,2,1,3,2,2,,,,,,,,,,,1,2,1,2,2,1,2,2,,1,2,,,,,,,,,2,1,2,2,1,,,,,1,2,2,1,,2,3,1,1,,,,,,,,,,,,,,1,,1,1,,1,,1,1,1,2,2,2,,2,1,,1,2,,1,1,1,1,1,2,2,1,2,,,,,,,,,,1,2,,,,,,,,,,,,,1,1
2024,"Viet Nam","VNM","East Asia & Pacific (excluding high income)",76663207,172776671,2.16348605983342,2,31,2,5,1,1,1,1,1,1,1,0,1,4,4,4,1,1,3,1,1,1,1,2,2,,1,1,1,2,,,,,,,,,,,,,,,,,,,,,,,,,2,2,2,,,,2,2,1,1,2,1,2,,2,2,2,,,,1,3,4,2,,,,1,1,2,,1,1,3,2,,2,,2,1,1,1,,,1,2,1,2,,,2,2,,2,2,,,,,,,,2,,,,,,3,1,1,,,,,,,,,,,,,,1,,2,1,,1,,2,1,1,2,2,2,,2,1,,1,1,1,,1,1,1,1,2,2,2,2,,,,,,,,,,1,2,,,,,,,,,,,,,1,1
2024,"Viet Nam","VNM","East Asia & Pacific (excluding high income)",76663207,172827472,1.08174302991671,2,25,2,5,1,1,1,1,1,1,0,1,2,4,4,4,1,2,1,1,2,1,2,3,3,1,1,1,1,2,,,,,,,,,,,,,,,,,,,,,,,,,1,1,2,3,2,2,,2,2,,2,2,2,,2,2,2,,,2,3,2,4,2,,,,2,1,1,,1,1,2,1,1,1,1,2,1,2,2,,1,1,2,2,2,1,,,,,2,2,,,,,,,,2,,,,,,4,1,1,,,,,,,,,,,,,,1,,1,1,,1,,1,1,1,1,2,2,,2,1,,1,1,3,,2,1,1,1,2,2,2,2,,,,,,,,,,1,2,,,,,,,,,,,,,1,2
2024,"Viet Nam","VNM","East Asia & Pacific (excluding high income)",76663207,172842057,1.14805891002085,1,33,2,1,1,1,1,0,1,0,0,1,1,4,4,4,0,4,3,1,1,2,1,2,2,,1,1,1,2,,,,,,,,,,,,,,,,,,,,,,,,,2,,2,,,,1,2,2,,2,,2,,2,2,2,,,2,2,3,4,2,,,,2,2,,4,2,2,,2,,2,,2,2,,,,,1,2,1,2,,,2,2,,2,2,,,,,,,,2,,,,,,3,1,1,,,,,,,,,,,,,,1,,1,1,,2,,,2,2,,2,2,,2,1,,1,1,3,,1,1,1,1,2,2,2,1,,,,,,,,,,1,2,,,,,,,,,,,,,2,
2024,"Viet Nam","VNM","East Asia & Pacific (excluding high income)",76663207,172977951,0.846616823847742,2,40,2,1,2,1,0,0,0,0,0,0,4,4,4,2,0,4,3,0,2,,,,,,,,,,2,2,1,2,2,2,2,2,2,,,,,,,,,,,,,,,,2,,2,,,,2,2,2,,2,,2,,2,2,2,,,2,5,2,1,2,,,,,,,,,,,2,,2,,2,2,,,,,2,,,,,,,,,2,2,,,,,,,,1,2,2,1,,1,2,1,1,,,,,,,,,,,,,,1,,1,1,,1,,1,1,1,1,2,2,,1,1,,1,1,2,,2,1,1,2,2,2,2,2,,,,,,,,,,1,2,,,,,,,,,,,,,1,1
2024,"Viet Nam","VNM","East Asia & Pacific (excluding high income)",76663207,173031450,1.82658282834075,2,61,2,5,1,2,1,0,1,1,0,1,1,4,1,4,0,1,1,1,1,1,1,2,2,,1,1,1,2,,,,,,,,,,,,,,,,,,,,,,,,,2,,2,,,,1,2,2,,2,,2,,2,2,2,,,2,1,2,2,2,,,,2,2,,4,2,1,2,1,1,2,,2,1,1,1,,,1,2,1,2,,,2,2,,2,1,1,2,,,2,2,,2,,,,,,3,1,1,,,,,,,,,,,,,,1,,1,1,,1,,2,2,1,1,2,2,,2,1,,1,1,3,,1,1,1,1,2,1,2,2,,,,,,,,,,1,2,,,,,,,,,,,,,1,1
2024,"Viet Nam","VNM","East Asia & Pacific (excluding high income)",76663207,173116942,1.30784026377078,1,22,3,4,1,2,1,1,1,1,1,1,1,4,4,4,1,4,3,1,1,1,2,2,2,,1,1,1,2,,,,,,,,,,,,,,,,,,,,,,,,,2,2,2,,,,1,2,2,,2,2,1,,2,2,2,,,,2,2,4,2,,,,2,1,2,,2,1,3,2,,2,,2,2,,,,,1,2,1,2,,,3,2,,2,2,,,,,,,,2,,,,,,5,1,1,,,,,,,,,,,,,,1,,1,1,,1,,1,1,1,1,2,1,2,2,1,,1,1,3,,1,1,1,1,1,2,2,2,,,,,,,,,,1,2,,,,,,,,,,,,,1,2
2024,"Viet Nam","VNM","East Asia & Pacific (excluding high income)",76663207,173149032,0.699947528927257,1,53,2,4,1,1,1,1,1,1,0,0,4,4,4,4,1,2,3,1,1,1,2,2,1,,1,1,1,2,,,,,,,,,,,,,,,,,,,,,,,,,2,2,2,,,,2,2,2,,2,2,2,,2,2,2,,,2,3,3,4,2,,,,1,1,1,,2,1,3,2,,2,,2,1,2,2,,1,2,,,,,,,,,2,2,,,,,,,,2,,,,,,3,1,1,,,,,,,,,,,,,,1,,1,1,,1,,2,4,1,2,2,2,,2,1,,1,1,3,,2,1,1,2,2,2,2,2,,,,,,,,,,1,2,,,,,,,,,,,,,2,
2024,"Viet Nam","VNM","East Asia & Pacific (excluding high income)",76663207,173454081,1.22312239823473,1,67,2,2,1,2,0,0,0,0,0,1,4,4,4,2,0,2,2,0,2,,,,,,,,,,2,2,2,2,2,2,2,2,2,,,,,,,,,,,,,,,,2,,2,,,,1,1,2,,2,,2,,2,2,2,,,2,1,2,4,2,,,,,,,,,,,2,,1,2,2,1,2,2,,1,2,,,,,,,,,2,2,,,,,,,,1,2,2,1,,1,1,1,1,,,,,,,,,,,,,,1,,1,1,,2,,,1,1,2,2,2,,2,1,,1,1,3,,2,2,1,1,1,2,2,2,,,,,,,,,,1,2,,,,,,,,,,,,,1,2
2024,"Viet Nam","VNM","East Asia & Pacific (excluding high income)",76663207,173462561,0.257157228928712,2,40,1,5,1,1,0,0,0,0,1,1,2,4,4,2,0,2,3,0,2,,,,,,,,,,2,2,1,2,2,2,2,2,2,,,,,,,,,,,,,,,,2,,2,,,,1,2,2,,2,,1,,2,2,2,,,,3,1,3,1,1,2,,,,,,,,,2,,2,,2,1,2,2,,1,1,2,2,2,1,,,,,2,2,,,,,,,,1,2,2,1,,1,3,1,1,,,,,,,,,,,,,,1,,1,1,,1,,1,1,1,1,2,2,,2,1,,1,1,1,,2,1,1,1,2,2,2,2,,,,,,,,,,1,2,,,,,,,,,,,,,2,
2024,"Viet Nam","VNM","East Asia & Pacific (excluding high income)",76663207,173503719,1.27344399660372,2,17,2,3,1,2,1,1,1,1,0,1,1,4,4,4,1,4,3,1,1,1,2,3,3,1,1,1,1,2,,,,,,,,,,,,,,,,,,,,,,,,,1,1,2,3,1,2,,2,2,,2,2,2,,2,2,2,,,2,2,1,4,1,2,2,2,2,1,3,,1,1,3,2,,2,,2,2,,,,,1,2,1,1,,,2,2,,2,2,,,,,,,,2,,,,,,3,1,1,,,,,,,,,,,,,,1,,1,1,,1,,1,1,1,1,2,2,,2,1,,1,1,3,,1,1,1,1,1,2,2,2,,,,,,,,,,1,2,,,,,,,,,,,,,1,1
2024,"Viet Nam","VNM","East Asia & Pacific (excluding high income)",76663207,173645147,0.966157915944542,2,67,1,1,1,1,0,0,0,0,0,0,4,4,4,2,0,2,3,0,2,,,,,,,,,,2,2,2,2,1,2,2,2,1,,,,,,,,,,,,,,,,2,,2,,,,2,2,2,,2,,2,,2,2,2,,,2,1,3,4,2,,,,,,,,,,,2,,2,,2,1,2,2,,1,2,,,,,,,,,2,2,,,,,,,,1,2,2,1,,1,7,1,1,,,,,,,,,,,,,,1,,1,1,,2,,,3,2,,2,2,,2,1,,1,1,3,,2,1,1,1,2,2,2,2,,,,,,,,,,1,2,,,,,,,,,,,,,2,
2024,"Viet Nam","VNM","East Asia & Pacific (excluding high income)",76663207,173660726,1.0362878385541,1,64,1,1,1,2,0,0,0,0,0,1,2,4,4,4,0,2,2,0,2,,,,,,,,,,2,2,2,2,2,2,2,1,2,,,,,,,,,,,,,,,,2,,2,,,,1,2,2,,2,,2,,2,2,2,,,2,1,3,4,2,,,,,,,,,,,2,,1,2,2,1,2,2,,1,1,2,2,2,1,,,,,2,2,,,,,,,,2,,,,,,1,0,1,,,,,,,,,,,,,,2,8,1,1,,2,,,8,2,,2,2,,2,2,2,,,,,,,,,,,,,2,2,2,1,2,1,2,1,4,1,2,,,,,,,,,,,,,1,2
2024,"Viet Nam","VNM","East Asia & Pacific (excluding high income)",76663207,173708729,0.352016636157542,1,20,1,2,1,1,1,1,1,1,0,1,1,4,4,4,1,4,3,1,1,1,1,2,2,,1,1,1,2,,,,,,,,,,,,,,,,,,,,,,,,,1,,2,2,2,2,,2,2,,2,,2,,2,2,2,,,2,2,2,3,2,,,,1,1,2,,1,1,3,2,,2,,2,2,,,,,1,2,1,1,,,2,2,,2,2,,,,,,,,2,,,,,,3,1,1,,,,,,,,,,,,,,1,,1,1,,1,,1,1,1,1,2,2,,2,1,,1,1,3,,1,1,1,1,2,2,2,2,,,,,,,,,,1,2,,,,,,,,,,,,,1,2
2024,"Viet Nam","VNM","East Asia & Pacific (excluding high income)",76663207,173746660,1.27548449358464,1,42,2,2,1,2,1,1,1,1,0,1,4,4,4,4,1,1,3,1,1,1,1,1,1,,1,1,1,2,,,,,,,,,,,,,,,,,,,,,,,,,1,1,2,2,1,1,,1,2,,2,2,2,,2,2,2,,,2,1,2,4,2,,,,1,1,1,,1,1,3,2,,2,,2,1,1,1,,,2,,,,,,,,,2,2,,,,,,,,2,,,,,,4,1,1,,,,,,,,,,,,,,1,,1,1,,1,,2,1,2,,2,2,,2,1,,1,1,3,,2,1,1,1,1,2,2,2,,,,,,,,,,1,2,,,,,,,,,,,,,1,2
2024,"Viet Nam","VNM","East Asia & Pacific (excluding high income)",76663207,173771060,0.686058586518264,1,39,2,4,1,2,1,0,1,1,0,0,2,4,4,4,1,4,3,1,1,1,2,2,1,,2,1,1,2,,,,,,,,,,,,,,,,,,,,,,,,,2,,2,,,,2,2,2,,2,,2,,2,2,2,,,2,3,2,2,2,,,,2,1,1,,1,2,,2,,2,,2,2,,,,,1,2,2,2,1,,,,,2,2,,,,,,,,2,,,,,,3,1,1,,,,,,,,,,,,,,1,,1,1,,1,,1,1,1,1,2,2,,2,1,,1,1,3,,2,1,1,2,2,2,2,2,,,,,,,,,,1,2,,,,,,,,,,,,,1,2
2024,"Viet Nam","VNM","East Asia & Pacific (excluding high income)",76663207,173807495,0.528743645312854,1,20,2,5,1,2,1,1,1,1,0,1,4,4,4,4,1,4,3,1,2,1,2,1,1,,1,1,1,2,,,,,,,,,,,,,,,,,,,,,,,,,1,2,2,3,1,2,,2,2,,2,2,2,,2,2,2,,,2,2,3,5,2,,,,1,1,1,,1,1,3,2,,2,,2,2,,,,,2,,,,,,,,,2,2,,,,,,,,2,,,,,,2,1,1,,,,,,,,,,,,,,1,,1,1,,1,,1,1,1,1,2,2,,2,1,,1,1,3,,1,1,1,1,1,2,2,2,,,,,,,,,,1,2,,,,,,,,,,,,,1,1
2024,"Viet Nam","VNM","East Asia & Pacific (excluding high income)",76663207,173874349,0.360702004364158,2,32,1,2,1,1,0,0,0,0,0,0,4,4,4,2,0,2,3,0,2,,,,,,,,,,2,2,1,2,2,2,2,2,2,,,,,,,,,,,,,,,,2,,2,,,,2,2,2,,2,,2,,2,2,2,,,2,3,2,1,2,,,,,,,,,,,2,,2,,2,1,2,2,,1,2,,,,,,,,,2,2,,,,,,,,1,2,2,1,,2,2,1,1,,,,,,,,,,,,,,1,,2,1,,1,,1,1,2,,2,2,,2,1,,1,1,3,,1,1,1,2,2,2,2,2,,,,,,,,,,1,2,,,,,,,,,,,,,2,
2024,"Viet Nam","VNM","East Asia & Pacific (excluding high income)",76663207,173910186,0.849011102203819,2,17,2,4,2,1,0,0,0,0,0,0,4,4,4,4,0,4,3,0,2,,,,,,,,,,2,2,2,2,2,2,1,1,2,,,,,,,,,,,,,,,,2,,2,,,,2,2,2,,2,,2,,2,2,2,,,2,2,2,4,2,,,,,,,,,,,2,,2,,2,2,,,,,2,,,,,,,,,2,2,,,,,,,,2,,,,,,5,1,1,,,,,,,,,,,,,,1,,2,1,,1,,1,1,1,1,2,2,,2,1,,1,2,,1,2,1,1,1,2,2,2,2,,,,,,,,,,1,2,,,,,,,,,,,,,2,
2024,"Viet Nam","VNM","East Asia & Pacific (excluding high income)",76663207,173933773,0.678867739527,2,39,2,5,1,1,1,0,1,1,1,0,1,4,4,4,1,4,3,1,1,1,1,2,1,,1,1,1,1,,,,,,,,,,,,,,,,,,,,,,,,,2,,2,,,,2,2,2,,2,,1,,2,2,2,2,,,3,3,4,2,,,,1,1,1,,1,1,3,2,,2,,2,2,,,,,1,2,1,2,,,1,1,,2,2,,,,,,,,2,,,,,,3,1,1,,,,,,,,,,,,,,1,,1,1,,1,,1,1,1,1,2,1,2,2,1,,1,1,3,,1,1,1,1,2,2,2,2,,,,,,,,,,1,2,,,,,,,,,,,,,1,2
2024,"Viet Nam","VNM","East Asia & Pacific (excluding high income)",76663207,174036598,1.26992523577161,2,37,2,3,1,1,1,0,1,1,1,1,4,4,4,2,1,4,3,1,1,1,2,2,2,,1,2,2,2,,,,,,,,,,,,,,,,,,,,,,,,,2,,2,,,,1,1,2,,2,,1,,2,2,2,,,,3,3,4,2,,,,2,1,2,,1,2,,2,,2,,2,2,,,,,2,,,,,,,,,2,2,,,,,,,,1,2,2,1,,1,3,1,1,,,,,,,,,,,,,,1,,1,1,,1,,1,1,1,1,2,2,,2,1,,1,1,4,,1,1,1,1,1,1,1,1,,,,,,,,,,1,2,,,,,,,,,,,,,1,2
2024,"Viet Nam","VNM","East Asia & Pacific (excluding high income)",76663207,174071650,0.257157228928712,1,22,1,4,2,2,1,0,1,0,1,1,4,4,4,4,0,2,1,1,1,2,2,3,3,1,1,1,1,2,,,,,,,,,,,,,,,,,,,,,,,,,2,,2,,,,1,2,2,,2,,1,,2,2,2,,,,2,2,2,2,,,,2,2,,4,2,2,,1,1,1,2,2,1,2,2,,1,2,,,,,,,,,2,2,,,,,,,,2,,,,,,1,1,1,,,,,,,,,,,,,,1,,1,1,,1,,1,1,1,2,2,2,,2,1,,1,2,,2,1,1,1,1,2,2,2,2,,,,,,,,,,1,2,,,,,,,,,,,,,1,2
2024,"Viet Nam","VNM","East Asia & Pacific (excluding high income)",76663207,174201738,0.818725237169452,1,20,2,4,1,1,1,1,1,1,0,1,1,4,4,4,1,4,3,1,1,1,1,2,2,,1,1,1,2,,,,,,,,,,,,,,,,,,,,,,,,,1,,2,3,2,2,,2,2,,2,,2,,2,2,2,,,2,8,,3,2,,,,2,1,2,,1,1,3,2,,2,,2,2,,,,,1,2,1,1,,,2,2,,2,2,,,,,,,,2,,,,,,3,1,1,,,,,,,,,,,,,,1,,9,1,,1,,1,1,1,1,2,2,,2,1,,1,1,3,,1,1,1,1,1,2,2,2,,,,,,,,,,1,2,,,,,,,,,,,,,1,2
2024,"Viet Nam","VNM","East Asia & Pacific (excluding high income)",76663207,174306135,1.12568049266993,2,18,2,4,2,1,1,1,1,1,1,1,4,4,4,4,1,4,2,1,1,1,2,3,2,,1,1,1,2,,,,,,,,,,,,,,,,,,,,,,,,,1,1,2,3,2,2,,2,2,,2,2,1,,2,2,2,,,,2,2,3,2,,,,2,1,1,,1,1,3,2,,1,2,2,2,,,,,2,,,,,,,,,2,2,,,,,,,,2,,,,,,7,1,1,,,,,,,,,,,,,,1,,1,1,,2,,,3,1,1,2,2,,2,1,,1,2,,1,2,1,1,1,1,2,2,2,,,,,,,,,,1,2,,,,,,,,,,,,,1,2
2024,"Viet Nam","VNM","East Asia & Pacific (excluding high income)",76663207,174334994,0.614043927877089,1,22,2,5,1,1,1,1,1,1,0,1,1,4,4,4,1,4,3,1,1,1,1,2,2,,1,1,1,2,,,,,,,,,,,,,,,,,,,,,,,,,1,,2,2,2,2,,2,2,,2,,2,,2,2,2,,,2,2,2,5,2,,,,2,1,2,,2,1,3,2,,2,,2,2,,,,,1,2,1,1,,,2,2,,2,2,,,,,,,,2,,,,,,3,1,1,,,,,,,,,,,,,,1,,1,1,,1,,1,1,2,,2,2,,2,1,,1,1,3,,1,1,1,1,2,2,2,2,,,,,,,,,,1,2,,,,,,,,,,,,,1,2
2024,"Viet Nam","VNM","East Asia & Pacific (excluding high income)",76663207,174643639,0.670488014740238,2,35,2,3,1,1,1,0,1,0,0,1,1,4,4,4,1,4,3,1,1,2,1,2,2,,1,1,1,2,,,,,,,,,,,,,,,,,,,,,,,,,1,,2,3,1,1,,2,2,,2,,2,,2,2,2,,,2,1,4,3,2,,,,2,2,,1,2,1,3,2,,2,,2,2,,,,,1,2,1,2,,,2,2,,2,2,,,,,,,,2,,,,,,3,1,1,,,,,,,,,,,,,,1,,1,1,,1,,1,1,1,1,2,2,,2,1,,1,2,,2,1,1,1,1,2,2,2,2,,,,,,,,,,1,2,,,,,,,,,,,,,1,2
2024,"Viet Nam","VNM","East Asia & Pacific (excluding high income)",76663207,174919116,1.77745664561497,2,60,2,5,1,2,0,0,0,0,1,1,4,4,4,4,0,2,3,0,2,,,,,,,,,,2,2,2,2,1,2,2,1,1,,,,,,,,,,,,,,,,2,,1,,,,,2,2,,2,,1,2,1,2,2,,,,2,1,3,2,,,,,,,,,,,2,,2,,2,1,2,2,,1,2,,,,,,,,,2,2,,,,,,,,2,,,,,,3,0,1,,,,,,,,,,,,,,2,2,1,1,,1,,1,1,2,,2,2,,2,2,2,,,,,,,,,,,,,2,2,2,1,2,1,2,1,4,1,2,,,,,,,,,,,,,1,2
2024,"Viet Nam","VNM","East Asia & Pacific (excluding high income)",76663207,175138354,2.48538467681121,2,60,2,1,1,1,0,0,0,0,0,0,4,4,4,2,0,4,3,0,2,,,,,,,,,,2,2,2,2,2,2,1,2,2,,,,,,,,,,,,,,,,2,,2,,,,2,1,2,,2,,2,,2,2,2,,,2,1,1,4,2,,,,,,,,,,,2,,2,,2,2,,,,,2,,,,,,,,,2,2,,,,,,,,1,2,2,1,,2,1,1,1,,,,,,,,,,,,,,1,,1,1,,2,,,2,1,1,2,2,,2,1,,1,1,3,,2,2,1,1,2,2,2,2,,,,,,,,,,1,2,,,,,,,,,,,,,1,2
2024,"Viet Nam","VNM","East Asia & Pacific (excluding high income)",76663207,175169606,0.793684878508257,2,34,2,3,1,1,1,1,1,1,0,1,1,4,4,2,1,4,3,1,1,1,2,2,1,,1,1,1,2,,,,,,,,,,,,,,,,,,,,,,,,,1,2,2,2,1,1,,2,2,,2,2,2,,2,2,2,,,2,2,2,4,2,,,,2,1,1,,2,1,3,2,,2,,2,2,,,,,1,2,2,1,,,2,2,,2,2,,,,,,,,1,2,2,1,,1,4,1,1,,,,,,,,,,,,,,1,,1,1,,1,,1,1,1,1,2,2,,2,1,,1,1,3,,1,1,1,1,2,2,2,2,,,,,,,,,,1,2,,,,,,,,,,,,,1,1
2024,"Viet Nam","VNM","East Asia & Pacific (excluding high income)",76663207,175223493,0.916042643227793,1,70,1,2,2,1,0,0,0,0,0,1,4,4,4,2,0,4,2,0,2,,,,,,,,,,2,2,2,2,2,2,2,1,2,,,,,,,,,,,,,,,,2,,1,,,,,2,2,,2,,2,2,2,2,2,,,2,1,2,3,2,,,,,,,,,,,1,2,2,,2,2,,,,,2,,,,,,,,,2,2,,,,,,,,1,2,2,1,,2,3,0,2,2,2,2,1,2,2,1,4,1,1,2,2,,,,,,,,,,,,,,,,,2,2,,,,,,,,,,,,,,,,,,,,,,1,2,,,,,,,,,,,,,1,2
2024,"Viet Nam","VNM","East Asia & Pacific (excluding high income)",76663207,175241150,1.45996244305331,2,35,3,5,1,1,1,0,1,1,1,1,4,4,4,2,0,4,2,0,1,1,2,3,3,2,2,2,1,2,,,,,,,,,,,,,,,,,,,,,,,,,1,,1,3,2,2,,2,2,,2,,2,1,2,2,2,,,,2,2,2,2,,,,2,2,,4,2,2,,1,2,2,,2,2,,,,,2,,,,,,,,,2,2,,,,,,,,1,2,2,1,,1,4,1,1,,,,,,,,,,,,,,1,,1,1,,2,,,2,2,,2,2,,2,2,1,1,1,3,,1,1,1,2,2,2,2,2,,,,,,,,,,1,2,,,,,,,,,,,,,2,
2024,"Viet Nam","VNM","East Asia & Pacific (excluding high income)",76663207,175307624,1.37165821524829,1,28,3,2,2,1,1,1,1,1,1,1,1,4,4,4,1,4,1,1,1,1,1,2,2,,2,1,1,2,,,,,,,,,,,,,,,,,,,,,,,,,2,,2,,,,1,2,2,,1,,1,,1,1,1,,,,3,3,2,2,,,,1,1,2,,1,1,1,1,1,1,1,1,2,,,,,1,2,1,1,,,2,1,,2,2,,,,,,,,2,,,,,,4,1,1,,,,,,,,,,,,,,1,,1,1,,1,,2,1,1,2,2,2,,2,1,,1,2,,1,1,1,1,1,1,2,2,2,,,,,,,,,,1,2,,,,,,,,,,,,,1,1
2024,"Viet Nam","VNM","East Asia & Pacific (excluding high income)",76663207,175396244,0.801826777926979,2,30,2,5,1,2,1,0,1,1,0,0,4,4,4,4,1,1,3,1,1,1,1,1,1,,1,1,1,2,,,,,,,,,,,,,,,,,,,,,,,,,2,,2,,,,2,2,2,,2,,2,,2,2,2,,,2,1,3,4,2,,,,2,1,3,,1,1,2,2,,2,,2,1,2,1,,,2,,,,,,,,,2,2,,,,,,,,2,,,,,,5,1,1,,,,,,,,,,,,,,1,,1,1,,1,,1,1,1,1,2,2,,2,1,,1,1,3,,1,1,1,1,2,2,2,2,,,,,,,,,,1,2,,,,,,,,,,,,,2,
2024,"Viet Nam","VNM","East Asia & Pacific (excluding high income)",76663207,175581152,0.846616823847742,2,42,2,2,1,1,0,0,0,0,1,1,2,4,4,2,0,2,3,0,2,,,,,,,,,,2,2,2,2,2,2,2,1,2,,,,,,,,,,,,,,,,2,,2,,,,1,2,2,,2,,1,,2,2,2,,,,2,2,2,2,,,,,,,,,,,2,,2,,2,1,2,2,,1,1,2,2,2,1,,,,,2,2,,,,,,,,1,2,2,1,,1,4,1,1,,,,,,,,,,,,,,1,,1,1,,1,,1,1,1,2,2,1,2,2,1,,1,1,3,,2,2,1,2,2,2,2,2,,,,,,,,,,1,2,,,,,,,,,,,,,2,
2024,"Viet Nam","VNM","East Asia & Pacific (excluding high income)",76663207,175732934,0.257157228928712,1,37,1,1,1,1,1,1,1,1,1,1,4,4,4,4,1,2,1,1,1,1,2,3,3,1,1,1,1,2,,,,,,,,,,,,,,,,,,,,,,,,,1,2,1,3,2,2,,2,2,,2,2,1,2,2,2,2,,,,2,1,3,1,1,1,2,1,1,3,,2,1,2,1,1,1,1,2,1,2,2,,1,2,,,,,,,,,2,2,,,,,,,,2,,,,,,3,1,1,,,,,,,,,,,,,,1,,1,1,,2,,,3,1,2,2,2,,2,1,,1,1,1,,2,1,1,2,2,2,2,2,,,,,,,,,,1,2,,,,,,,,,,,,,2,
2024,"Viet Nam","VNM","East Asia & Pacific (excluding high income)",76663207,175741666,0.257157228928712,1,36,1,1,1,1,1,0,1,1,0,0,4,4,4,4,0,2,3,0,1,1,2,2,2,,2,1,1,2,,,,,,,,,,,,,,,,,,,,,,,,,2,,2,,,,2,2,2,,2,,2,,2,2,2,,,2,2,2,2,2,,,,2,2,,1,2,2,,2,,2,,2,1,2,2,,1,2,,,,,,,,,2,2,,,,,,,,2,,,,,,4,1,1,,,,,,,,,,,,,,1,,1,1,,1,,1,8,1,1,2,2,,2,1,,1,1,3,,2,1,1,1,2,2,2,2,,,,,,,,,,1,2,,,,,,,,,,,,,1,2
2024,"Viet Nam","VNM","East Asia & Pacific (excluding high income)",76663207,175783111,0.257157228928712,1,61,1,4,1,2,0,0,0,0,0,0,2,4,4,4,0,4,3,0,2,,,,,,,,,,2,2,2,2,2,2,1,2,2,,,,,,,,,,,,,,,,2,,2,,,,2,2,2,,2,,2,,2,2,2,,,2,2,1,4,2,,,,,,,,,,,2,,2,,2,2,,,,,1,2,2,2,1,,,,,2,2,,,,,,,,2,,,,,,7,1,1,,,,,,,,,,,,,,1,,1,1,,2,,,3,2,,2,2,,2,1,,1,1,3,,1,1,1,1,2,2,2,2,,,,,,,,,,1,2,,,,,,,,,,,,,2,
2024,"Viet Nam","VNM","East Asia & Pacific (excluding high income)",76663207,175805778,0.930460918347634,2,38,2,5,1,2,1,1,1,1,0,1,4,4,4,4,1,1,1,1,1,1,1,1,1,,1,1,1,2,,,,,,,,,,,,,,,,,,,,,,,,,2,2,2,,,,1,2,2,,2,2,2,,2,2,2,,,2,3,2,3,2,,,,2,1,2,,1,1,3,1,1,1,1,2,1,2,1,,,2,,,,,,,,,2,2,,,,,,,,2,,,,,,3,1,1,,,,,,,,,,,,,,1,,1,1,,1,,1,1,1,1,2,2,,2,1,,1,1,3,,1,1,1,1,1,2,2,2,,,,,,,,,,1,2,,,,,,,,,,,,,2,
2024,"Viet Nam","VNM","East Asia & Pacific (excluding high income)",76663207,175815616,1.02620258826928,1,35,2,4,1,1,1,0,1,1,1,1,4,4,4,4,1,1,2,1,1,1,2,1,2,,1,2,2,2,,,,,,,,,,,,,,,,,,,,,,,,,2,,2,,,,1,2,2,,2,,1,,2,1,1,,,,3,1,2,2,,,,1,2,,1,2,1,3,2,,1,2,2,1,2,1,,,2,,,,,,,,,2,2,,,,,,,,2,,,,,,4,1,1,,,,,,,,,,,,,,1,,1,1,,2,,,1,1,2,2,1,2,2,1,,1,2,,1,1,1,1,2,2,1,2,2,,,,,,,,,,1,2,,,,,,,,,,,,,2,
2024,"Viet Nam","VNM","East Asia & Pacific (excluding high income)",76663207,175868676,1.19305118060642,1,29,2,3,1,1,1,0,1,1,0,1,2,4,4,4,1,4,3,1,1,1,1,2,2,,1,1,1,2,,,,,,,,,,,,,,,,,,,,,,,,,1,,1,2,2,2,,1,2,,2,,2,2,2,2,2,,,2,2,1,3,1,2,2,2,2,2,,4,2,1,3,2,,2,,2,2,,,,,1,2,2,2,1,,,,,2,2,,,,,,,,2,,,,,,3,1,1,,,,,,,,,,,,,,1,,1,1,,1,,2,1,1,1,2,2,,2,1,,1,1,1,,1,1,1,1,2,1,1,2,,,,,,,,,,1,2,,,,,,,,,,,,,1,2
2024,"Viet Nam","VNM","East Asia & Pacific (excluding high income)",76663207,176028691,1.86255865773974,2,29,2,2,1,1,1,1,1,1,1,1,1,4,4,2,1,4,3,1,1,1,1,2,2,,1,1,1,2,,,,,,,,,,,,,,,,,,,,,,,,,1,2,2,3,2,2,,2,2,,2,2,1,,2,2,2,,,,3,3,4,2,,,,2,1,1,,1,1,2,2,,2,,2,2,,,,,1,2,1,1,,,2,2,,2,2,,,,,,,,1,2,2,1,,1,3,1,1,,,,,,,,,,,,,,1,,1,1,,1,,1,1,1,1,2,2,,2,1,,1,1,3,,2,1,1,1,2,2,2,2,,,,,,,,,,1,2,,,,,,,,,,,,,1,2
2024,"Viet Nam","VNM","East Asia & Pacific (excluding high income)",76663207,176072394,0.412480536780311,1,50,1,5,1,2,1,1,1,1,0,1,1,4,4,4,0,2,1,1,1,1,1,2,1,,1,1,2,2,,,,,,,,,,,,,,,,,,,,,,,,,1,,2,2,1,1,,2,2,,2,,2,,2,2,2,,,2,1,3,4,2,,,,2,2,,4,2,1,2,1,1,2,,2,1,2,2,,1,1,2,1,1,,,2,2,,2,2,,,,,,,,2,,,,,,1,1,1,,,,,,,,,,,,,,1,,1,1,,1,,1,1,1,1,2,2,,2,1,,1,1,3,,2,1,1,1,2,2,2,2,,,,,,,,,,1,2,,,,,,,,,,,,,1,2
2024,"Viet Nam","VNM","East Asia & Pacific (excluding high income)",76663207,176103472,0.818725237169452,1,20,2,4,2,2,1,0,1,1,0,1,4,4,4,4,0,4,3,0,1,1,2,3,3,1,1,1,1,2,,,,,,,,,,,,,,,,,,,,,,,,,1,,2,3,2,2,,2,2,,2,,2,,2,2,2,,,2,2,2,5,2,,,,2,2,,4,2,1,2,2,,2,,2,2,,,,,2,,,,,,,,,2,2,,,,,,,,2,,,,,,6,1,1,,,,,,,,,,,,,,1,,1,1,,1,,1,1,1,2,2,2,,2,1,,1,2,,1,1,1,1,1,2,2,2,2,,,,,,,,,,1,2,,,,,,,,,,,,,1,2
2024,"Viet Nam","VNM","East Asia & Pacific (excluding high income)",76663207,176156779,1.46643727591219,1,35,3,5,1,1,1,1,1,1,0,1,1,4,4,4,1,1,3,1,1,1,2,3,3,1,1,1,2,2,,,,,,,,,,,,,,,,,,,,,,,,,1,2,2,3,1,2,,2,2,,2,2,2,,2,2,2,,,2,2,2,3,1,1,2,2,1,1,1,,1,1,1,2,,2,,2,1,2,1,,,1,2,2,1,,,2,2,,2,2,,,,,,,,2,,,,,,3,1,1,,,,,,,,,,,,,,1,,2,1,,1,,1,1,1,1,2,2,,2,1,,1,1,1,,1,1,1,1,2,2,2,2,,,,,,,,,,1,2,,,,,,,,,,,,,1,2
2024,"Viet Nam","VNM","East Asia & Pacific (excluding high income)",76663207,176260124,0.691255932659211,2,25,2,5,1,2,1,0,1,1,0,1,4,4,4,4,1,1,3,1,1,1,2,1,1,,1,1,1,2,,,,,,,,,,,,,,,,,,,,,,,,,1,,2,3,2,1,,2,2,,2,,2,,2,2,2,,,2,3,2,3,2,,,,2,1,1,,1,1,3,2,,2,,2,1,1,1,,,2,,,,,,,,,2,2,,,,,,,,2,,,,,,2,1,1,,,,,,,,,,,,,,1,,1,1,,1,,1,4,1,1,2,2,,2,1,,1,1,3,,1,1,1,1,2,2,2,2,,,,,,,,,,1,2,,,,,,,,,,,,,1,2
2024,"Viet Nam","VNM","East Asia & Pacific (excluding high income)",76663207,176292722,1.02461586622504,2,20,2,4,1,1,0,0,0,0,1,1,2,4,4,4,0,4,3,0,2,,,,,,,,,,2,2,3,2,2,2,1,2,2,,,,,,,,,,,,,,,,2,,2,,,,1,2,2,,2,,1,,1,2,2,,,,3,1,4,2,,,,,,,,,,,2,,2,,2,2,,,,,1,2,2,2,1,,,,,2,2,,,,,,,,2,,,,,,5,1,2,1,2,2,2,2,2,2,1,1,2,2,2,,,,,,,,,,,,,,,,,2,1,4,2,,1,2,2,2,2,2,2,2,2,,,,,,,,,,1,2,,,,,,,,,,,,,2,
2024,"Viet Nam","VNM","East Asia & Pacific (excluding high income)",76663207,176315713,0.78924372962678,2,33,2,3,1,1,1,0,1,1,1,1,1,4,4,4,1,4,3,1,1,1,1,1,2,,1,1,1,2,,,,,,,,,,,,,,,,,,,,,,,,,1,,1,3,1,2,,2,2,,2,,1,2,2,2,2,,,,2,2,4,2,,,,2,1,1,,1,1,3,2,,2,,2,2,,,,,1,2,1,2,,,2,2,,2,2,,,,,,,,2,,,,,,3,1,1,,,,,,,,,,,,,,1,,1,1,,2,,,1,1,2,2,2,,1,1,,1,1,1,,2,1,1,1,2,2,2,2,,,,,,,,,,1,2,,,,,,,,,,,,,1,1
2024,"Viet Nam","VNM","East Asia & Pacific (excluding high income)",76663207,176355023,1.4665710973686,2,49,2,5,1,2,1,1,1,1,0,1,4,4,4,1,1,4,1,1,1,1,1,1,1,,1,1,1,2,,,,,,,,,,,,,,,,,,,,,,,,,1,2,2,1,1,1,,2,2,,2,2,2,,2,2,2,,,2,3,3,4,2,,,,1,1,2,,1,1,3,1,1,1,1,2,2,,,,,2,,,,,,,,,2,2,,,,,,,,1,1,1,,,2,3,1,1,,,,,,,,,,,,,,1,,1,1,,1,,1,1,1,1,2,1,2,2,1,,1,1,1,,1,1,1,1,2,2,2,2,,,,,,,,,,1,2,,,,,,,,,,,,,1,1
2024,"Viet Nam","VNM","East Asia & Pacific (excluding high income)",76663207,176528668,1.05456525803642,1,41,2,1,1,1,1,0,1,0,0,1,4,4,4,4,0,1,3,1,3,,,,,,,,,,,,,,,,,,,,,,,,,,,,,,,,,,1,,1,2,2,1,,2,2,,2,,2,2,2,2,2,,,2,1,4,5,2,,,,,,,,,,,2,,2,,2,1,1,2,2,,2,,,,,,,,,2,2,,,,,,,,2,,,,,,5,1,1,,,,,,,,,,,,,,1,,1,1,,1,,2,8,2,,2,2,,2,1,,1,1,3,,1,1,1,1,2,2,2,2,,,,,,,,,,1,2,,,,,,,,,,,,,3,
2024,"Viet Nam","VNM","East Asia & Pacific (excluding high income)",76663207,176539286,1.54286563345233,2,21,2,4,1,1,1,1,1,1,1,1,1,4,4,2,0,4,3,1,1,1,1,2,1,,2,1,1,2,,,,,,,,,,,,,,,,,,,,,,,,,2,2,2,,,,1,2,2,,2,2,1,,1,2,2,,,,3,2,4,2,,,,2,2,,4,2,2,,2,,2,,2,2,,,,,1,2,1,1,,,2,2,,2,2,,,,,,,,1,2,2,1,,2,3,1,1,,,,,,,,,,,,,,1,,1,1,,1,,1,1,1,1,2,2,,2,1,,1,1,3,,1,1,1,1,1,2,2,2,,,,,,,,,,1,2,,,,,,,,,,,,,1,2
2024,"Viet Nam","VNM","East Asia & Pacific (excluding high income)",76663207,176559317,0.399583694094633,1,53,2,5,1,1,1,0,1,1,0,1,4,4,4,1,1,1,1,1,1,1,2,3,1,,1,1,1,2,,,,,,,,,,,,,,,,,,,,,,,,,2,,2,,,,1,2,2,,2,,2,,2,2,2,,,2,1,3,3,1,1,1,2,2,1,2,,1,1,3,1,1,2,,2,1,2,1,,,2,,,,,,,,,2,2,,,,,,,,1,1,2,,,1,3,1,1,,,,,,,,,,,,,,1,,1,1,,1,,1,4,2,,2,2,,2,1,,1,2,,1,1,1,1,1,2,2,2,2,,,,,,,,,,1,2,,,,,,,,,,,,,1,2
2024,"Viet Nam","VNM","East Asia & Pacific (excluding high income)",76663207,176626569,1.94430889176064,1,43,3,3,1,1,1,1,1,1,0,1,1,4,4,4,1,1,1,1,1,1,1,3,1,,1,1,1,2,,,,,,,,,,,,,,,,,,,,,,,,,1,1,2,3,1,1,,2,2,,2,2,2,,2,2,2,,,2,1,3,4,1,2,2,2,1,1,1,,1,1,3,1,1,2,,2,1,1,1,,,1,2,1,2,,,2,2,,2,2,,,,,,,,2,,,,,,3,1,1,,,,,,,,,,,,,,1,,1,1,,1,,1,3,1,1,2,2,,2,1,,1,1,3,,2,1,1,1,2,2,2,2,,,,,,,,,,1,2,,,,,,,,,,,,,1,2
2024,"Viet Nam","VNM","East Asia & Pacific (excluding high income)",76663207,176643881,0.849011102203819,2,16,2,4,1,1,1,0,1,1,0,1,4,4,4,4,0,4,1,1,1,1,2,3,3,1,1,1,2,2,,,,,,,,,,,,,,,,,,,,,,,,,2,,2,,,,1,2,2,,2,,2,,2,2,2,,,2,2,3,4,2,,,,2,2,,4,2,1,2,1,1,2,,2,2,,,,,2,,,,,,,,,2,2,,,,,,,,2,,,,,,5,1,1,,,,,,,,,,,,,,1,,1,1,,1,,1,1,1,1,2,2,,2,1,,1,1,3,,1,1,1,1,2,2,2,2,,,,,,,,,,1,2,,,,,,,,,,,,,1,2
2024,"Viet Nam","VNM","East Asia & Pacific (excluding high income)",76663207,176825972,1.05461686702859,1,57,3,5,1,2,1,1,1,1,0,1,1,4,4,4,1,1,1,1,1,1,1,2,3,,1,1,1,2,,,,,,,,,,,,,,,,,,,,,,,,,1,,2,2,2,1,,2,2,,2,,2,,2,2,2,,,2,1,3,2,2,,,,1,1,1,,1,1,3,1,1,1,1,1,1,1,1,,,1,2,1,1,,,2,2,,2,2,,,,,,,,2,,,,,,3,1,1,,,,,,,,,,,,,,1,,1,1,,1,,1,1,2,,2,2,,2,1,,1,1,4,,2,1,1,1,1,2,2,2,,,,,,,,,,1,2,,,,,,,,,,,,,1,1
2024,"Viet Nam","VNM","East Asia & Pacific (excluding high income)",76663207,176878037,1.91569254440026,2,26,2,1,1,1,1,1,1,1,0,1,4,4,4,2,0,4,3,1,1,1,1,3,3,1,1,1,1,2,,,,,,,,,,,,,,,,,,,,,,,,,2,2,2,,,,1,2,2,,2,2,2,,2,2,2,,,2,3,2,4,2,,,,2,2,,4,2,1,2,2,,2,,2,2,,,,,2,,,,,,,,,2,2,,,,,,,,1,2,2,1,,1,3,1,1,,,,,,,,,,,,,,1,,2,1,,1,,1,1,1,1,2,2,,2,1,,3,1,3,,1,1,1,1,2,2,1,2,,,,,,,,,,1,2,,,,,,,,,,,,,1,1
2024,"Viet Nam","VNM","East Asia & Pacific (excluding high income)",76663207,176916742,0.701918789096969,2,15,2,5,2,1,1,1,1,1,0,1,4,4,4,4,0,1,1,1,2,1,2,2,2,,1,1,1,2,,,,,,,,,,,,,,,,,,,,,,,,,1,1,2,2,2,2,,1,2,,2,2,2,,2,2,2,,,2,2,1,2,2,,,,2,2,,4,1,2,,1,1,1,1,2,1,1,1,,,2,,,,,,,,,2,2,,,,,,,,2,,,,,,4,1,1,,,,,,,,,,,,,,1,,1,1,,1,,1,1,1,2,2,2,,2,1,,1,1,3,,1,1,1,1,1,2,2,2,,,,,,,,,,1,2,,,,,,,,,,,,,2,
2024,"Viet Nam","VNM","East Asia & Pacific (excluding high income)",76663207,176930206,0.574029455010427,1,30,2,3,1,1,1,1,1,1,0,0,1,4,4,4,1,1,2,1,1,1,1,2,2,,1,1,1,2,,,,,,,,,,,,,,,,,,,,,,,,,2,,2,,,,2,1,2,,2,,2,,2,2,2,,,2,2,2,3,2,,,,1,1,2,,1,1,3,2,,1,2,2,1,1,1,,,1,2,1,1,,,1,2,,2,2,,,,,,,,2,,,,,,3,1,1,,,,,,,,,,,,,,1,,1,1,,1,,1,1,1,1,2,2,,2,1,,1,1,3,,1,1,1,1,2,2,2,2,,,,,,,,,,1,2,,,,,,,,,,,,,1,2
2024,"Viet Nam","VNM","East Asia & Pacific (excluding high income)",76663207,176985000,0.857720557538932,2,17,2,4,1,2,0,1,1,1,0,0,2,4,4,4,1,2,3,1,2,,,,,,,,,,2,2,2,2,2,2,1,2,2,,,,,,,,,,,,,,,,2,2,2,,,,2,2,2,,2,2,2,,2,2,2,,,2,2,1,3,2,,,,2,1,1,,2,1,3,2,,2,,2,1,2,2,,1,1,2,2,2,1,,,,,2,2,,,,,,,,2,,,,,,3,1,1,,,,,,,,,,,,,,1,,1,1,,1,,1,1,1,2,2,2,,2,1,,1,1,1,,1,1,1,1,2,2,2,2,,,,,,,,,,1,2,,,,,,,,,,,,,1,1
2024,"Viet Nam","VNM","East Asia & Pacific (excluding high income)",76663207,177010796,0.527167007820333,1,53,1,2,1,1,1,0,1,1,1,1,4,4,4,4,1,1,3,1,1,1,1,2,2,,1,1,1,2,,,,,,,,,,,,,,,,,,,,,,,,,2,,2,,,,1,2,2,,2,,1,,2,1,2,,,,2,2,4,2,,,,1,1,2,,1,2,,2,,2,,2,1,1,1,,,2,,,,,,,,,2,2,,,,,,,,2,,,,,,3,1,1,,,,,,,,,,,,,,1,,1,1,,1,,2,1,1,2,2,2,,2,1,,1,1,1,,2,1,1,2,2,2,2,2,,,,,,,,,,1,2,,,,,,,,,,,,,1,2
2024,"Viet Nam","VNM","East Asia & Pacific (excluding high income)",76663207,177067775,0.493751250616996,1,35,2,3,1,1,1,1,1,1,1,1,1,4,4,4,1,1,2,1,1,1,1,2,1,,1,1,1,2,,,,,,,,,,,,,,,,,,,,,,,,,1,,1,2,2,2,,1,2,,2,,1,2,2,2,1,,,,2,3,4,2,,,,1,1,1,,1,1,3,1,2,1,2,2,1,1,1,,,1,2,1,1,,,2,2,,2,2,,,,,,,,2,,,,,,3,1,1,,,,,,,,,,,,,,1,,1,1,,1,,1,1,1,1,2,2,,2,1,,1,1,3,,1,1,1,1,1,2,2,2,,,,,,,,,,1,2,,,,,,,,,,,,,1,1
2024,"Viet Nam","VNM","East Asia & Pacific (excluding high income)",76663207,177071010,0.546667700024002,2,53,1,1,1,1,0,0,0,0,0,1,2,4,4,4,0,4,3,0,2,,,,,,,,,,2,2,2,2,2,2,1,2,2,,,,,,,,,,,,,,,,2,,2,,,,1,1,2,,2,,2,,2,2,2,,,2,2,1,4,1,1,1,,,,,,,,,2,,2,,2,2,,,,,1,2,2,2,1,,,,,2,2,,,,,,,,2,,,,,,3,1,1,,,,,,,,,,,,,,1,,1,1,,2,,,2,1,2,2,2,,2,1,,1,1,3,,2,2,1,1,2,2,2,2,,,,,,,,,,1,2,,,,,,,,,,,,,1,2
2024,"Viet Nam","VNM","East Asia & Pacific (excluding high income)",76663207,177235625,0.264749374610199,1,40,1,3,2,1,0,0,0,0,1,1,4,4,4,4,0,2,3,0,2,,,,,,,,,,2,2,2,1,2,2,2,2,1,,,,,,,,,,,,,,,,2,,1,,,,,2,2,,2,,1,1,2,2,2,,,,2,1,4,2,,,,,,,,,,,2,,2,,2,1,2,2,,1,2,,,,,,,,,2,2,,,,,,,,2,,,,,,5,1,1,,,,,,,,,,,,,,1,,1,1,,1,,1,4,1,1,1,2,,2,1,,1,2,,1,2,1,1,1,2,2,2,2,,,,,,,,,,1,2,,,,,,,,,,,,,2,
2024,"Viet Nam","VNM","East Asia & Pacific (excluding high income)",76663207,177288631,1.04992129339089,1,45,2,5,1,1,1,1,1,1,0,0,1,4,4,4,1,1,3,1,1,1,2,2,1,,1,1,1,2,,,,,,,,,,,,,,,,,,,,,,,,,2,,2,,,,2,2,2,,2,,2,,2,2,2,,,2,2,2,2,2,,,,1,1,1,,1,1,3,2,,2,,2,1,2,1,,,1,2,1,1,,,2,2,,2,2,,,,,,,,2,,,,,,3,1,1,,,,,,,,,,,,,,1,,1,1,,1,,1,4,2,,2,2,,2,1,,1,1,3,,1,1,1,1,2,2,2,2,,,,,,,,,,1,3,,,,,,,,,,,,,1,2
2024,"Viet Nam","VNM","East Asia & Pacific (excluding high income)",76663207,177293765,0.401156124483545,1,67,1,1,2,1,0,0,0,0,0,0,4,4,4,4,0,2,3,0,2,,,,,,,,,,2,2,3,2,3,1,2,1,2,,,,,,,,,,,,,,,,2,,2,,,,2,2,2,,2,,2,,2,2,2,,,2,2,1,3,2,,,,,,,,,,,2,,2,,2,1,2,2,,1,2,,,,,,,,,2,2,,,,,,,,2,,,,,,3,0,1,,,,,,,,,,,,,,1,,1,1,,2,,,3,2,,2,2,,2,2,2,,,,,2,2,2,2,2,2,2,2,,,,,,,,,,1,2,,,,,,,,,,,,,1,2
2024,"Viet Nam","VNM","East Asia & Pacific (excluding high income)",76663207,177412478,0.614043927877089,1,19,2,3,2,1,1,1,1,1,1,1,4,4,4,4,1,4,3,1,1,1,2,2,1,,1,1,1,2,,,,,,,,,,,,,,,,,,,,,,,,,1,1,2,2,2,2,,2,2,,2,2,1,,2,2,2,,,,2,1,4,2,,,,1,1,2,,1,1,3,2,,2,,2,2,,,,,2,,,,,,,,,2,2,,,,,,,,2,,,,,,2,1,1,,,,,,,,,,,,,,1,,1,1,,1,,1,1,1,1,2,2,,2,1,,1,1,3,,1,1,1,1,1,2,2,2,,,,,,,,,,1,2,,,,,,,,,,,,,1,1
2024,"Viet Nam","VNM","East Asia & Pacific (excluding high income)",76663207,177445805,0.930460918347633,2,40,2,4,1,2,1,1,1,1,0,1,1,4,4,4,1,2,3,1,1,1,1,2,1,,1,1,1,2,,,,,,,,,,,,,,,,,,,,,,,,,1,2,2,3,2,1,,2,2,,2,2,2,,2,2,2,,,2,2,3,3,2,,,,2,1,1,,1,1,3,2,,2,,2,1,2,2,,1,1,2,1,1,,,2,2,,2,2,,,,,,,,2,,,,,,1,1,1,,,,,,,,,,,,,,1,,1,1,,1,,1,1,1,1,2,2,,2,1,,1,1,3,,1,1,1,1,2,2,2,2,,,,,,,,,,1,2,,,,,,,,,,,,,1,2
2024,"Viet Nam","VNM","East Asia & Pacific (excluding high income)",76663207,177480015,0.581937280934709,1,39,1,4,1,2,1,0,1,0,1,1,4,4,4,4,0,2,1,1,1,2,1,3,3,1,1,1,2,2,,,,,,,,,,,,,,,,,,,,,,,,,2,,2,,,,1,2,2,,2,,1,,2,1,2,,,,3,2,3,2,,,,2,2,,4,2,1,2,2,,1,1,2,1,2,2,,1,2,,,,,,,,,2,2,,,,,,,,2,,,,,,4,1,1,,,,,,,,,,,,,,1,,1,1,,1,,1,1,1,1,2,2,,1,1,,1,2,,1,2,1,1,1,1,2,2,2,,,,,,,,,,1,2,,,,,,,,,,,,,2,
2024,"Viet Nam","VNM","East Asia & Pacific (excluding high income)",76663207,177634554,0.540871514958355,2,27,2,5,1,1,0,0,0,0,1,0,4,4,4,4,0,4,3,0,2,,,,,,,,,,2,2,2,2,2,2,2,1,2,,,,,,,,,,,,,,,,2,,2,,,,2,2,2,,2,,1,,2,2,2,,,,3,2,4,2,,,,,,,,,,,2,,2,,2,2,,,,,2,,,,,,,,,2,2,,,,,,,,2,,,,,,4,1,1,,,,,,,,,,,,,,1,,1,1,,1,,1,1,1,1,2,2,,2,1,,1,2,,1,1,1,1,1,2,2,2,2,,,,,,,,,,1,2,,,,,,,,,,,,,2,
2024,"Viet Nam","VNM","East Asia & Pacific (excluding high income)",76663207,177687730,1.99328533826899,1,46,2,1,2,1,0,0,0,0,0,1,4,4,4,4,0,4,3,0,2,,,,,,,,,,2,2,2,2,2,2,2,2,2,,,,,,,,,,,,,,,,1,,1,2,2,2,,2,2,,2,,2,2,2,2,2,,,2,3,2,2,2,,,,,,,,,,,2,,2,,2,2,,,,,2,,,,,,,,,2,2,,,,,,,,2,,,,,,4,1,1,,,,,,,,,,,,,,1,,2,2,,2,,,4,2,,2,2,,2,1,,1,1,1,,1,2,1,1,2,1,2,2,,,,,,,,,,1,2,,,,,,,,,,,,,2,
2024,"Viet Nam","VNM","East Asia & Pacific (excluding high income)",76663207,177701334,0.597765497074746,2,31,1,2,1,1,1,0,1,1,0,1,4,4,4,2,1,4,1,1,1,1,1,3,3,1,1,1,1,2,,,,,,,,,,,,,,,,,,,,,,,,,1,,2,3,2,2,,2,2,,2,,2,,2,2,2,,,2,3,2,4,2,,,,2,1,2,,1,1,2,1,1,1,1,2,2,,,,,2,,,,,,,,,2,2,,,,,,,,1,2,2,1,,1,1,1,1,,,,,,,,,,,,,,1,,1,1,,1,,1,1,1,1,2,2,,2,1,,1,1,3,,2,1,1,1,1,1,2,2,,,,,,,,,,1,2,,,,,,,,,,,,,1,2
2024,"Viet Nam","VNM","East Asia & Pacific (excluding high income)",76663207,177735836,0.571198974382667,1,68,1,1,1,1,0,0,0,0,0,0,2,3,4,4,0,2,3,0,2,,,,,,,,,,2,2,2,2,2,2,2,2,2,,,,,,,,,,,,,,,,2,,2,,,,2,2,2,,2,,2,,2,2,2,,,2,2,2,2,2,,,,,,,,,,,2,,2,,2,1,2,2,,1,1,2,2,2,1,,,,,1,2,2,2,2,2,,,,2,,,,,,4,0,1,,,,,,,,,,,,,,2,2,1,1,,2,,,1,2,,2,2,,2,2,2,,,,,,,,,,,,,1,2,2,1,2,2,2,2,1,1,2,,,,,,,,,,,,,2,
2024,"Viet Nam","VNM","East Asia & Pacific (excluding high income)",76663207,177741756,0.566914340759009,1,36,2,3,1,1,0,0,0,0,1,1,4,4,4,2,0,2,3,0,2,,,,,,,,,,2,2,2,2,2,2,1,1,2,,,,,,,,,,,,,,,,2,,2,,,,1,2,2,,2,,2,,2,2,1,,,2,2,1,4,1,2,1,,,,,,,,,2,,2,,2,1,2,2,,1,2,,,,,,,,,2,2,,,,,,,,1,2,2,1,,1,4,1,1,,,,,,,,,,,,,,1,,1,1,,1,,2,1,1,1,2,2,,2,1,,1,1,3,,2,1,1,1,2,2,2,2,,,,,,,,,,1,2,,,,,,,,,,,,,1,2
2024,"Viet Nam","VNM","East Asia & Pacific (excluding high income)",76663207,177785351,1.73435128938714,2,43,3,5,1,2,1,1,1,1,1,1,1,4,1,4,1,4,3,1,1,1,1,2,1,,1,1,1,1,,,,,,,,,,,,,,,,,,,,,,,,,1,,2,3,1,1,,2,2,,2,,1,,2,2,2,1,1,,3,3,4,2,,,,2,1,1,,1,1,3,2,,2,,2,2,,,,,1,1,1,1,,,2,2,,2,1,2,1,,,2,2,,2,,,,,,3,1,1,,,,,,,,,,,,,,1,,1,1,,1,,1,4,1,2,2,2,,2,1,,1,1,3,,1,1,1,1,1,2,1,2,,,,,,,,,,1,2,,,,,,,,,,,,,1,2
2024,"Viet Nam","VNM","East Asia & Pacific (excluding high income)",76663207,177963360,0.795410133406952,1,30,2,5,1,1,1,0,1,1,0,1,4,4,4,4,1,1,1,1,1,1,2,2,2,,1,1,1,2,,,,,,,,,,,,,,,,,,,,,,,,,1,,2,3,1,2,,2,2,,2,,2,,2,2,2,,,2,3,3,4,2,,,,1,1,2,,1,1,2,1,1,1,1,2,1,1,1,,,2,,,,,,,,,2,2,,,,,,,,2,,,,,,3,1,1,,,,,,,,,,,,,,1,,1,1,,1,,1,1,1,1,2,2,,2,1,,1,1,3,,2,1,1,1,2,1,1,2,,,,,,,,,,1,2,,,,,,,,,,,,,1,2
2024,"Viet Nam","VNM","East Asia & Pacific (excluding high income)",76663207,177997853,1.16576810680496,1,16,2,2,2,1,1,1,1,1,1,0,4,4,1,1,1,4,2,1,1,1,2,2,2,,2,1,2,2,,,,,,,,,,,,,,,,,,,,,,,,,2,,2,,,,2,1,2,,2,,1,,2,2,1,,,,3,2,3,2,,,,1,2,,4,2,1,3,1,2,1,2,1,2,,,,,2,,,,,,,,,2,1,2,1,,,1,2,,1,1,2,,,2,3,1,1,,,,,,,,,,,,,,1,,2,1,,1,,2,4,2,,1,2,,2,2,1,1,1,1,,2,2,1,1,1,2,2,2,,,,,,,,,,2,,2,1,2,1,1,2,2,1,2,1,2,2,2,
2024,"Viet Nam","VNM","East Asia & Pacific (excluding high income)",76663207,178063459,0.611561199117365,1,60,2,5,1,1,0,0,0,0,0,1,4,4,4,2,0,2,2,0,2,,,,,,,,,,2,2,1,2,2,2,2,1,2,,,,,,,,,,,,,,,,2,,1,,,,,2,2,,2,,2,2,2,2,2,,,2,1,3,4,2,,,,,,,,,,,2,,1,2,2,1,2,2,,1,2,,,,,,,,,2,2,,,,,,,,1,2,2,1,,2,3,1,1,,,,,,,,,,,,,,1,,1,1,,2,,,3,2,,2,2,,2,1,,1,2,,1,2,1,1,1,1,2,2,2,,,,,,,,,,1,2,,,,,,,,,,,,,2,
2024,"Viet Nam","VNM","East Asia & Pacific (excluding high income)",76663207,178440662,1.27857422755579,1,34,2,2,1,2,1,1,1,1,0,1,4,4,4,4,1,1,3,1,1,1,2,1,1,,1,1,1,2,,,,,,,,,,,,,,,,,,,,,,,,,1,1,2,1,1,1,,1,2,,2,2,2,,2,2,2,,,2,1,2,4,2,,,,1,1,1,,1,1,3,2,,2,,2,1,1,1,,,2,,,,,,,,,2,2,,,,,,,,2,,,,,,1,1,1,,,,,,,,,,,,,,1,,1,1,,1,,2,1,1,1,2,2,,2,1,,1,1,4,,2,1,1,1,1,2,2,2,,,,,,,,,,1,2,,,,,,,,,,,,,1,2
2024,"Viet Nam","VNM","East Asia & Pacific (excluding high income)",76663207,178515305,1.38589238517563,1,53,3,3,1,1,1,1,1,1,0,1,4,4,4,1,1,1,3,1,1,1,2,1,1,,1,1,1,2,,,,,,,,,,,,,,,,,,,,,,,,,2,,2,,,,1,2,2,,2,,2,,2,2,2,,,2,1,3,4,2,,,,2,1,1,,1,1,3,2,,2,,2,1,1,1,,,2,,,,,,,,,2,2,,,,,,,,1,1,1,,,2,3,1,1,,,,,,,,,,,,,,1,,1,1,,1,,1,4,1,1,2,2,,2,1,,1,1,3,,1,1,1,2,1,2,2,2,,,,,,,,,,1,2,,,,,,,,,,,,,1,1
2024,"Viet Nam","VNM","East Asia & Pacific (excluding high income)",76663207,178524056,0.80366437843314,1,49,2,5,1,1,1,1,1,1,1,1,4,4,4,1,1,1,2,1,1,1,2,3,3,1,1,1,1,2,,,,,,,,,,,,,,,,,,,,,,,,,1,,1,3,2,1,,2,2,,2,,2,1,2,2,2,,,,1,2,4,2,,,,1,1,3,,1,2,,2,,1,2,2,1,2,1,,,2,,,,,,,,,2,2,,,,,,,,1,1,1,,,1,3,1,1,,,,,,,,,,,,,,1,,1,1,,1,,1,1,2,,2,2,,2,1,,1,1,4,,2,1,1,2,2,2,2,2,,,,,,,,,,1,2,,,,,,,,,,,,,2,
2024,"Viet Nam","VNM","East Asia & Pacific (excluding high income)",76663207,178579030,0.684171769750003,1,36,2,2,1,1,1,0,1,1,1,1,4,4,4,4,0,1,1,1,1,1,1,2,1,,1,1,1,2,,,,,,,,,,,,,,,,,,,,,,,,,2,,2,,,,1,2,2,,2,,1,,2,2,2,,,,3,2,3,2,,,,2,2,,4,1,2,,2,,1,1,2,1,1,1,,,2,,,,,,,,,2,2,,,,,,,,2,,,,,,5,1,1,,,,,,,,,,,,,,1,,1,1,,1,,1,1,1,2,2,2,,2,1,,1,1,3,,2,1,1,1,2,2,2,2,,,,,,,,,,1,2,,,,,,,,,,,,,1,2
2024,"Viet Nam","VNM","East Asia & Pacific (excluding high income)",76663207,178696875,0.998773753540653,1,28,2,3,1,2,1,1,1,1,0,0,4,4,4,4,1,1,1,1,1,1,1,2,1,,1,1,1,2,,,,,,,,,,,,,,,,,,,,,,,,,2,2,2,,,,2,2,2,,2,2,2,,2,2,2,,,2,5,3,2,2,,,,2,1,1,,1,1,3,1,1,1,1,1,1,2,1,,,2,,,,,,,,,2,2,,,,,,,,2,,,,,,1,1,1,,,,,,,,,,,,,,1,,1,1,,1,,1,1,1,2,2,2,,2,1,,1,1,1,,1,1,1,1,2,2,2,2,,,,,,,,,,1,2,,,,,,,,,,,,,1,1
2024,"Viet Nam","VNM","East Asia & Pacific (excluding high income)",76663207,178725782,2.96091873755317,1,60,2,4,2,2,1,0,1,1,1,1,4,4,1,4,1,1,3,1,1,1,2,3,3,1,1,1,1,2,,,,,,,,,,,,,,,,,,,,,,,,,1,,2,3,1,1,,2,2,,2,,1,,2,2,2,,,,1,3,4,2,,,,2,1,3,,1,1,3,2,,2,,2,1,1,2,,,2,,,,,,,,,2,1,1,2,,,2,2,,2,,,,,,3,1,1,,,,,,,,,,,,,,1,,1,1,,1,,1,1,1,1,2,1,2,2,1,,1,1,3,,1,1,1,1,2,2,2,1,,,,,,,,,,1,2,,,,,,,,,,,,,1,2
2024,"Viet Nam","VNM","East Asia & Pacific (excluding high income)",76663207,179210195,0.86104418251564,1,26,2,4,1,1,1,1,1,1,0,1,1,4,4,4,1,4,3,1,1,1,1,3,2,,1,1,1,2,,,,,,,,,,,,,,,,,,,,,,,,,2,2,2,,,,1,2,2,,2,2,2,,2,2,2,,,2,2,2,4,2,,,,2,1,1,,1,1,3,2,,2,,2,2,,,,,1,2,1,1,,,2,2,,2,2,,,,,,,,2,,,,,,3,1,1,,,,,,,,,,,,,,1,,1,1,,1,,1,1,1,1,2,2,,2,1,,1,1,4,,1,1,1,1,2,2,2,2,,,,,,,,,,1,2,,,,,,,,,,,,,1,2
2024,"Viet Nam","VNM","East Asia & Pacific (excluding high income)",76663207,179212983,1.20549656764971,1,50,2,2,1,1,1,0,1,1,0,1,4,4,4,2,1,1,3,1,1,1,2,3,3,1,1,1,1,2,,,,,,,,,,,,,,,,,,,,,,,,,1,,2,3,1,1,,2,2,,2,,2,,2,2,2,,,2,1,2,4,2,,,,2,1,3,,1,1,3,2,,2,,2,1,1,1,,,2,,,,,,,,,2,2,,,,,,,,1,2,2,1,,2,3,1,1,,,,,,,,,,,,,,1,,1,1,,2,,,3,1,2,2,2,,2,1,,1,1,3,,2,2,1,2,2,2,2,2,,,,,,,,,,1,2,,,,,,,,,,,,,1,2
2024,"Viet Nam","VNM","East Asia & Pacific (excluding high income)",76663207,179402623,0.932714867119811,2,28,3,5,1,1,1,0,1,1,0,0,1,4,4,4,0,1,1,1,1,1,1,2,2,,1,1,1,2,,,,,,,,,,,,,,,,,,,,,,,,,2,,2,,,,2,2,2,,2,,2,,2,2,2,,,2,3,3,4,2,,,,2,2,,5,1,2,,1,1,2,,2,1,1,1,,,1,2,1,2,,,2,2,,2,2,,,,,,,,2,,,,,,6,1,1,,,,,,,,,,,,,,1,,1,1,,1,,1,1,1,1,2,2,,2,1,,1,1,1,,1,2,1,1,1,2,2,2,,,,,,,,,,1,2,,,,,,,,,,,,,2,
2024,"Viet Nam","VNM","East Asia & Pacific (excluding high income)",76663207,179419545,0.430662738921561,2,15,1,4,1,2,1,0,1,0,0,0,2,4,4,4,0,4,3,0,2,2,2,3,3,1,2,2,2,2,,,,,,,,,,,,,,,,,,,,,,,,,2,2,2,,,,2,2,2,,2,2,2,,2,2,2,,,2,7,,5,2,,,,2,2,,4,2,2,,2,,2,,2,2,,,,,1,2,2,2,1,,,,,2,2,,,,,,,,2,,,,,,4,1,1,,,,,,,,,,,,,,1,,2,1,,2,,,1,1,1,1,1,2,2,1,,1,1,3,,2,2,1,2,2,2,2,2,,,,,,,,,,1,2,,,,,,,,,,,,,3,
2024,"Viet Nam","VNM","East Asia & Pacific (excluding high income)",76663207,179458728,0.817350193492673,1,28,2,1,1,1,0,0,0,0,0,1,4,4,4,4,0,2,3,0,2,,,,,,,,,,2,1,1,1,2,2,2,1,2,,,,,,,,,,,,,,,,2,,2,,,,1,2,2,,2,,2,,2,2,2,,,2,1,2,3,2,,,,,,,,,,,2,,2,,2,1,2,2,,1,2,,,,,,,,,2,2,,,,,,,,2,,,,,,4,1,1,,,,,,,,,,,,,,1,,1,1,,1,,1,1,1,1,2,2,,2,1,,1,1,3,,1,1,1,1,2,2,2,2,,,,,,,,,,1,2,,,,,,,,,,,,,1,1
2024,"Viet Nam","VNM","East Asia & Pacific (excluding high income)",76663207,179491492,0.514461116050531,2,22,1,1,1,1,0,0,0,0,1,0,2,4,4,4,0,4,3,0,2,,,,,,,,,,2,2,1,1,2,2,1,2,2,,,,,,,,,,,,,,,,2,,2,,,,2,2,2,,2,,1,,2,2,2,,,,4,1,3,2,,,,,,,,,,,2,,2,,2,2,,,,,1,2,2,2,1,,,,,2,2,,,,,,,,2,,,,,,4,1,1,,,,,,,,,,,,,,1,,1,1,,1,,1,1,1,1,2,2,,2,1,,1,1,3,,2,1,1,1,2,1,2,2,,,,,,,,,,1,2,,,,,,,,,,,,,1,2
2024,"Viet Nam","VNM","East Asia & Pacific (excluding high income)",76663207,179657628,0.898295888088306,1,27,2,5,1,1,1,1,1,1,1,1,1,4,4,4,1,1,3,1,1,1,1,2,1,,1,1,1,2,,,,,,,,,,,,,,,,,,,,,,,,,2,2,2,,,,1,2,2,,2,2,1,,2,2,2,,,,3,2,4,2,,,,2,1,1,,1,1,3,2,,2,,2,1,1,1,,,1,2,1,1,,,2,2,,2,2,,,,,,,,2,,,,,,3,1,1,,,,,,,,,,,,,,1,,1,1,,1,,1,1,1,1,2,1,2,2,2,1,1,1,3,,1,1,1,1,1,2,1,1,,,,,,,,,,1,2,,,,,,,,,,,,,1,1
2024,"Viet Nam","VNM","East Asia & Pacific (excluding high income)",76663207,179884579,1.18934917646965,2,40,2,5,1,2,1,1,1,1,0,1,1,4,4,4,1,1,3,1,1,1,1,2,1,,1,1,1,2,,,,,,,,,,,,,,,,,,,,,,,,,1,2,2,3,1,2,,2,2,,2,2,2,,2,2,2,,,2,3,3,4,2,,,,2,1,1,,1,1,3,2,,2,,2,1,1,1,,,1,2,1,1,,,2,2,,2,2,,,,,,,,2,,,,,,3,1,1,,,,,,,,,,,,,,1,,1,1,,1,,1,1,1,1,2,2,,2,1,,1,1,3,,2,1,1,1,1,1,1,2,,,,,,,,,,1,2,,,,,,,,,,,,,1,2
2024,"Viet Nam","VNM","East Asia & Pacific (excluding high income)",76663207,179976208,1.22602529023901,1,33,2,1,2,1,1,0,1,0,1,0,4,4,4,4,0,4,3,0,1,2,1,2,2,,2,2,2,2,,,,,,,,,,,,,,,,,,,,,,,,,2,,2,,,,2,2,2,,2,,1,,2,2,2,,,,2,1,4,2,,,,2,2,,4,2,2,,2,,2,,2,2,,,,,2,,,,,,,,,2,2,,,,,,,,2,,,,,,4,1,1,,,,,,,,,,,,,,1,,2,1,,1,,1,2,1,1,2,2,,2,1,,1,1,1,,1,1,1,1,2,2,2,2,,,,,,,,,,1,2,,,,,,,,,,,,,2,
2024,"Viet Nam","VNM","East Asia & Pacific (excluding high income)",76663207,180433824,0.257157228928712,1,55,1,5,2,2,1,0,1,1,0,1,4,4,4,4,1,1,1,1,1,1,2,1,1,,1,1,1,2,,,,,,,,,,,,,,,,,,,,,,,,,1,,2,2,1,1,,2,2,,2,,2,,2,2,2,,,2,1,3,4,2,,,,1,1,2,,2,2,,1,1,1,1,1,1,2,1,,,2,,,,,,,,,2,2,,,,,,,,2,,,,,,3,1,1,,,,,,,,,,,,,,1,,1,1,,2,,,1,2,,2,2,,2,1,,1,1,1,,1,1,1,1,2,2,2,2,,,,,,,,,,1,2,,,,,,,,,,,,,1,2
2024,"Viet Nam","VNM","East Asia & Pacific (excluding high income)",76663207,180532945,1.62381730216378,1,45,2,4,1,2,1,0,1,1,0,0,4,4,4,4,0,1,3,1,1,1,2,3,1,,1,1,1,2,,,,,,,,,,,,,,,,,,,,,,,,,2,,2,,,,2,2,2,,2,,2,,2,2,2,,,2,3,3,4,2,,,,2,2,,4,1,2,,2,,2,,2,1,2,1,,,2,,,,,,,,,2,2,,,,,,,,2,,,,,,1,1,1,,,,,,,,,,,,,,1,,1,1,,1,,1,1,1,1,2,2,,2,1,,1,2,,2,2,1,1,1,2,2,2,2,,,,,,,,,,1,2,,,,,,,,,,,,,1,2
2024,"Viet Nam","VNM","East Asia & Pacific (excluding high income)",76663207,180619232,0.985922712626173,2,18,2,4,1,1,1,1,1,1,1,1,1,4,4,4,1,4,3,1,1,1,1,2,1,,1,1,1,2,,,,,,,,,,,,,,,,,,,,,,,,,1,,2,2,2,2,,1,2,,2,,1,,2,2,2,,,,2,2,1,2,,,,1,1,1,,1,1,1,2,,2,,2,2,,,,,1,2,2,1,,,2,2,,2,2,,,,,,,,2,,,,,,3,1,1,,,,,,,,,,,,,,1,,1,1,,1,,1,1,1,1,2,2,,2,1,,1,1,3,,1,1,1,1,1,2,2,2,,,,,,,,,,1,2,,,,,,,,,,,,,2,
2024,"Viet Nam","VNM","East Asia & Pacific (excluding high income)",76663207,180913512,0.448324122806059,2,30,1,1,1,1,0,0,0,0,1,0,2,4,4,4,0,4,2,0,2,,,,,,,,,,2,2,1,2,2,2,2,1,2,,,,,,,,,,,,,,,,2,,2,,,,2,2,2,,2,,1,,2,2,2,,,,2,1,2,1,1,1,,,,,,,,,2,,1,2,2,2,,,,,1,2,2,2,1,,,,,2,2,,,,,,,,2,,,,,,4,1,1,,,,,,,,,,,,,,1,,1,1,,2,,,1,1,1,2,2,,2,1,,1,2,,1,2,1,1,1,2,2,2,2,,,,,,,,,,1,2,,,,,,,,,,,,,1,2
2024,"Viet Nam","VNM","East Asia & Pacific (excluding high income)",76663207,181102017,0.665849169027103,1,30,2,3,1,2,1,0,1,1,0,0,4,4,4,4,0,4,3,0,1,1,2,1,1,,1,1,1,2,,,,,,,,,,,,,,,,,,,,,,,,,2,,2,,,,2,2,2,,2,,2,,2,2,2,,,2,1,3,4,2,,,,2,2,,1,2,1,2,2,,2,,2,2,,,,,2,,,,,,,,,2,2,,,,,,,,2,,,,,,2,1,1,,,,,,,,,,,,,,1,,1,1,,1,,1,1,1,1,2,2,,2,1,,1,1,3,,1,1,1,1,2,2,2,2,,,,,,,,,,1,2,,,,,,,,,,,,,1,2
2024,"Viet Nam","VNM","East Asia & Pacific (excluding high income)",76663207,181120744,0.257157228928712,1,71,1,1,2,1,0,0,0,0,1,0,4,2,4,2,0,2,3,0,2,,,,,,,,,,2,2,2,2,2,2,1,3,2,,,,,,,,,,,,,,,,2,,2,,,,2,2,2,,1,,1,,1,2,2,,,,2,1,4,2,,,,,,,,,,,2,,2,,2,1,2,2,,1,2,,,,,,,,,1,2,2,2,1,,,,,1,2,2,1,,2,3,0,1,,,,,,,,,,,,,,2,2,1,1,,2,,,2,2,,2,2,,2,2,2,,,,,,,,,,,,,1,1,2,1,2,1,2,1,1,1,2,,,,,,,,,,,,,2,
2024,"Viet Nam","VNM","East Asia & Pacific (excluding high income)",76663207,181206111,0.55678345965402,1,40,2,5,1,1,1,0,1,1,1,1,4,4,4,1,1,2,3,1,1,1,2,2,2,,1,1,1,2,,,,,,,,,,,,,,,,,,,,,,,,,1,,2,3,1,1,,2,2,,2,,2,,2,2,1,,,2,1,1,2,2,,,,2,2,,4,2,1,3,2,,2,,2,1,2,2,,1,2,,,,,,,,,2,2,,,,,,,,1,1,2,,,2,3,1,1,,,,,,,,,,,,,,1,,1,1,,1,,1,1,1,1,2,1,2,2,1,,1,2,,2,1,1,1,1,2,2,2,2,,,,,,,,,,1,2,,,,,,,,,,,,,1,2
2024,"Viet Nam","VNM","East Asia & Pacific (excluding high income)",76663207,181333362,0.375311799842289,1,49,1,3,1,1,0,1,1,1,1,0,1,4,4,4,0,1,3,1,2,,,,,,,,,,1,2,2,2,1,2,2,1,1,,,,,,,,,,,,,,,,2,,2,,,,2,2,2,,2,,2,,1,2,2,,,2,5,1,4,2,,,,,,,,,,,2,,2,,2,1,2,1,1,,1,2,2,1,,,2,2,,2,2,,,,,,,,2,,,,,,2,0,1,,,,,,,,,,,,,,2,2,2,2,,2,,,3,2,,2,2,,2,2,2,,,,,,,,,,,,,1,1,2,2,2,2,1,2,2,1,2,,,,,,,,,,,,,2,
2024,"Viet Nam","VNM","East Asia & Pacific (excluding high income)",76663207,181459429,1.11178545512849,2,20,2,4,1,1,1,0,1,1,1,0,1,4,4,4,1,4,3,1,1,1,1,2,2,,1,1,1,2,,,,,,,,,,,,,,,,,,,,,,,,,2,,2,,,,2,2,2,,2,,1,,2,2,2,,,,2,2,3,2,,,,2,2,,4,2,1,3,2,,2,,2,2,,,,,1,2,1,2,,,2,3,,2,2,,,,,,,,2,,,,,,3,1,1,,,,,,,,,,,,,,1,,1,1,,1,,1,1,1,1,2,1,2,2,1,,1,2,,2,1,1,1,1,2,2,2,2,,,,,,,,,,1,2,,,,,,,,,,,,,1,2
2024,"Viet Nam","VNM","East Asia & Pacific (excluding high income)",76663207,181516666,1.27344399660372,2,18,2,1,2,1,0,0,0,0,0,0,4,4,4,4,0,4,3,0,2,,,,,,,,,,2,2,1,2,2,2,2,1,2,,,,,,,,,,,,,,,,2,,2,,,,2,2,2,,2,,2,,2,2,2,,,2,2,1,2,2,,,,,,,,,,,2,,2,,2,2,,,,,2,,,,,,,,,2,2,,,,,,,,2,,,,,,5,1,1,,,,,,,,,,,,,,1,,1,1,,1,,1,1,1,1,2,2,,2,1,,1,2,,1,1,1,1,1,1,2,2,2,,,,,,,,,,1,2,,,,,,,,,,,,,1,2
2024,"Viet Nam","VNM","East Asia & Pacific (excluding high income)",76663207,181569753,0.83517518948103,1,42,2,5,1,1,1,0,1,1,1,1,1,4,4,4,0,1,1,1,1,1,1,2,2,,1,1,1,2,,,,,,,,,,,,,,,,,,,,,,,,,1,,2,2,1,1,,2,2,,2,,1,,1,2,2,,,,2,2,4,2,,,,2,2,,4,2,2,,2,,1,1,2,1,1,1,,,1,2,1,2,,,2,2,,2,2,,,,,,,,2,,,,,,3,1,1,,,,,,,,,,,,,,1,,1,1,,1,,1,1,1,1,2,2,,2,1,,1,2,,2,1,1,1,1,2,2,2,2,,,,,,,,,,1,2,,,,,,,,,,,,,1,2
2024,"Viet Nam","VNM","East Asia & Pacific (excluding high income)",76663207,181603223,1.16576810680496,1,15,2,1,2,1,0,0,0,0,0,0,4,4,4,4,0,4,2,0,2,,,,,,,,,,2,2,1,2,2,2,2,1,2,,,,,,,,,,,,,,,,2,,2,,,,2,2,2,,2,,2,,2,2,2,,,2,2,3,1,2,,,,,,,,,,,2,,1,2,2,2,,,,,2,,,,,,,,,2,2,,,,,,,,2,,,,,,5,1,1,,,,,,,,,,,,,,1,,1,1,,1,,1,2,1,1,2,2,,2,1,,1,1,3,,1,1,1,1,1,2,2,2,,,,,,,,,,1,2,,,,,,,,,,,,,1,2
2024,"Viet Nam","VNM","East Asia & Pacific (excluding high income)",76663207,181943933,0.949794014564733,2,37,2,4,1,2,1,1,1,1,1,0,1,4,4,4,1,4,1,1,1,1,1,2,1,,1,1,1,2,,,,,,,,,,,,,,,,,,,,,,,,,2,,2,,,,2,2,2,,2,,1,,2,2,2,,,,3,3,4,2,,,,2,1,1,,1,1,3,1,1,1,1,2,2,,,,,1,2,1,1,,,1,2,,2,2,,,,,,,,2,,,,,,3,1,1,,,,,,,,,,,,,,1,,1,1,,1,,1,1,1,1,2,2,,2,1,,1,1,3,,1,1,1,1,2,2,2,2,,,,,,,,,,1,2,,,,,,,,,,,,,1,2
2024,"Viet Nam","VNM","East Asia & Pacific (excluding high income)",76663207,182250420,0.426289708735719,2,19,1,3,1,1,0,0,0,0,0,0,2,4,4,4,0,4,3,0,2,,,,,,,,,,2,2,1,1,2,2,2,2,2,,,,,,,,,,,,,,,,2,,2,,,,2,2,2,,2,,2,,2,2,2,,,2,2,2,4,2,,,,,,,,,,,2,,2,,2,2,,,,,1,2,2,2,1,,,,,2,2,,,,,,,,2,,,,,,3,1,1,,,,,,,,,,,,,,1,,1,1,,1,,1,1,1,1,2,2,,1,1,,1,1,3,,2,1,1,1,2,1,2,2,,,,,,,,,,1,2,,,,,,,,,,,,,1,2
2024,"Viet Nam","VNM","East Asia & Pacific (excluding high income)",76663207,182326714,0.89187535134596,2,40,2,4,1,1,1,1,1,1,0,1,1,4,4,4,1,1,3,1,1,1,2,1,2,,1,1,1,2,,,,,,,,,,,,,,,,,,,,,,,,,1,,2,2,1,1,,1,2,,2,,2,,2,2,2,,,2,1,3,4,2,,,,2,1,2,,1,1,3,2,,2,,2,1,1,1,,,1,2,1,1,,,1,2,,2,2,,,,,,,,2,,,,,,3,1,1,,,,,,,,,,,,,,1,,1,1,,1,,1,4,2,,2,2,,2,1,,1,1,3,,1,2,1,1,2,2,1,2,,,,,,,,,,1,2,,,,,,,,,,,,,1,2
2024,"Viet Nam","VNM","East Asia & Pacific (excluding high income)",76663207,182468502,0.614043927877089,1,18,2,5,2,1,1,0,1,1,0,0,4,4,4,4,1,4,3,1,1,1,2,2,1,,1,1,1,2,,,,,,,,,,,,,,,,,,,,,,,,,2,2,2,,,,2,2,2,,2,2,2,,2,2,2,,,2,2,1,5,2,,,,2,1,1,,2,1,3,2,,2,,2,2,,,,,2,,,,,,,,,2,2,,,,,,,,2,,,,,,7,1,1,,,,,,,,,,,,,,1,,2,1,,1,,1,2,1,1,2,2,,2,1,,1,1,3,,1,1,1,1,1,2,2,1,,,,,,,,,,1,2,,,,,,,,,,,,,1,2
2024,"Viet Nam","VNM","East Asia & Pacific (excluding high income)",76663207,182615322,0.850856621253996,1,20,2,5,1,1,1,1,1,1,0,1,4,4,4,4,1,1,1,1,1,1,2,3,1,,1,1,1,2,,,,,,,,,,,,,,,,,,,,,,,,,1,1,2,3,2,1,,2,2,,2,2,2,,2,2,2,,,2,2,2,4,2,,,,1,1,1,,1,1,3,1,1,1,1,1,1,1,1,,,2,,,,,,,,,2,2,,,,,,,,2,,,,,,1,1,1,,,,,,,,,,,,,,1,,1,1,,1,,1,1,1,1,1,2,,2,1,,1,1,1,,1,1,1,1,1,1,1,1,,,,,,,,,,1,2,,,,,,,,,,,,,1,1
2024,"Viet Nam","VNM","East Asia & Pacific (excluding high income)",76663207,182633408,1.65177391263642,2,30,3,5,1,1,1,1,1,1,0,1,1,4,4,1,1,1,1,1,1,1,1,2,1,,1,1,1,2,,,,,,,,,,,,,,,,,,,,,,,,,1,2,2,3,1,2,,2,2,,2,2,2,,2,2,2,,,2,3,3,4,2,,,,1,1,1,,1,1,2,1,1,1,1,2,1,2,1,,,1,2,2,1,,,2,2,,2,2,,,,,,,,1,2,1,,,1,3,1,1,,,,,,,,,,,,,,1,,1,1,,1,,1,1,1,1,2,2,,2,1,,1,1,3,,2,1,1,1,1,1,1,2,,,,,,,,,,1,2,,,,,,,,,,,,,1,2
2024,"Viet Nam","VNM","East Asia & Pacific (excluding high income)",76663207,182732693,0.555892727564244,2,16,2,1,2,2,0,0,0,0,0,0,4,2,4,4,0,4,3,0,2,,,,,,,,,,2,2,2,2,2,2,1,2,2,,,,,,,,,,,,,,,,2,,2,,,,2,2,2,,2,,2,,2,2,2,,,2,7,,1,2,,,,,,,,,,,2,,2,,2,2,,,,,2,,,,,,,,,1,2,2,2,1,,,,,2,,,,,,4,1,2,1,1,2,2,2,2,2,1,2,,,,2,,,,,,,,,,,,,,,,2,1,3,2,,2,2,2,2,1,1,2,2,2,,,,,,,,,,1,2,,,,,,,,,,,,,1,2
2024,"Viet Nam","VNM","East Asia & Pacific (excluding high income)",76663207,182742153,1.38272350446271,2,30,3,5,1,2,1,1,1,1,0,1,4,4,4,4,1,4,3,1,1,1,1,3,2,,1,1,1,2,,,,,,,,,,,,,,,,,,,,,,,,,1,2,2,3,1,2,,2,2,,2,2,2,,2,2,2,,,2,1,3,4,2,,,,2,1,2,,2,2,,2,,2,,2,2,,,,,2,,,,,,,,,2,2,,,,,,,,2,,,,,,3,1,1,,,,,,,,,,,,,,1,,1,1,,1,,1,1,1,1,2,2,,2,1,,1,1,3,,1,1,1,1,2,2,2,2,,,,,,,,,,1,2,,,,,,,,,,,,,1,2
2024,"Viet Nam","VNM","East Asia & Pacific (excluding high income)",76663207,182895482,0.482476487660177,1,16,1,1,2,1,0,0,0,0,0,0,4,4,4,4,0,4,3,0,2,,,,,,,,,,2,2,3,2,2,2,1,1,2,,,,,,,,,,,,,,,,2,,2,,,,2,2,2,,2,,2,,2,2,2,,,2,8,,5,2,,,,,,,,,,,2,,2,,2,2,,,,,2,,,,,,,,,2,2,,,,,,,,2,,,,,,7,1,2,2,2,2,2,2,2,1,7,1,1,2,2,,,,,,,,,,,,,,,,,1,,1,2,,1,2,1,1,2,2,2,2,2,,,,,,,,,,1,2,,,,,,,,,,,,,2,
2024,"Viet Nam","VNM","East Asia & Pacific (excluding high income)",76663207,182984946,1.93557234601731,2,52,2,1,1,1,0,0,0,0,0,1,4,4,4,2,0,2,3,0,2,,,,,,,,,,2,2,2,2,2,2,2,1,2,,,,,,,,,,,,,,,,2,,2,,,,1,2,2,,2,,2,,2,2,2,,,2,2,2,2,2,,,,,,,,,,,2,,2,,2,1,2,2,,1,2,,,,,,,,,2,2,,,,,,,,1,2,2,1,,2,8,0,1,,,,,,,,,,,,,,2,2,1,1,,1,,1,1,2,,2,2,,2,2,2,,,,,,,,,,,,,1,2,2,1,2,1,2,1,4,1,2,,,,,,,,,,,,,2,
2024,"Viet Nam","VNM","East Asia & Pacific (excluding high income)",76663207,183010006,1.85350442879202,1,57,2,4,1,2,0,0,0,0,0,0,4,4,4,4,0,2,3,0,2,,,,,,,,,,2,2,2,2,2,2,2,2,2,,,,,,,,,,,,,,,,2,,2,,,,2,2,2,,2,,2,,2,2,2,,,2,2,2,2,2,,,,,,,,,,,2,,2,,2,1,2,2,,1,2,,,,,,,,,2,2,,,,,,,,2,,,,,,1,1,1,,,,,,,,,,,,,,2,2,1,1,,2,,,3,2,,2,2,,1,2,1,4,2,,2,2,2,2,1,2,2,2,2,1,2,1,2,1,2,2,1,8,1,2,,,,,,,,,,,,,2,
2024,"Viet Nam","VNM","East Asia & Pacific (excluding high income)",76663207,183115464,2.96091873755317,2,34,3,2,1,1,1,1,1,1,1,1,1,4,4,4,1,2,3,1,1,1,1,2,2,,1,1,1,2,,,,,,,,,,,,,,,,,,,,,,,,,1,2,2,2,2,2,,2,2,,2,2,1,,2,2,2,,,,1,2,2,2,,,,2,2,,4,2,1,3,2,,2,,2,1,2,2,,1,1,2,1,2,,,2,2,,2,2,,,,,,,,2,,,,,,3,1,1,,,,,,,,,,,,,,1,,1,1,,1,,2,1,1,1,2,2,,2,1,,1,1,3,,2,1,1,2,2,2,2,2,,,,,,,,,,1,2,,,,,,,,,,,,,1,2
2024,"Viet Nam","VNM","East Asia & Pacific (excluding high income)",76663207,183425422,0.618720805170467,1,45,1,1,2,1,0,0,0,0,1,0,4,2,4,4,0,4,3,0,2,,,,,,,,,,2,2,2,2,2,2,2,1,2,,,,,,,,,,,,,,,,2,,2,,,,2,2,2,,2,,1,,2,2,2,,,,2,3,2,2,,,,,,,,,,,2,,2,,2,2,,,,,2,,,,,,,,,1,2,2,2,1,,,,,2,,,,,,4,1,1,,,,,,,,,,,,,,1,,1,1,,2,,,3,1,2,2,1,2,2,1,,1,1,2,,2,2,1,2,2,2,2,2,,,,,,,,,,1,2,,,,,,,,,,,,,1,3
2024,"Viet Nam","VNM","East Asia & Pacific (excluding high income)",76663207,183623542,0.259721157090276,2,39,1,1,1,2,0,0,0,0,1,0,2,4,4,4,0,4,3,0,2,,,,,,,,,,2,1,1,2,2,2,2,1,2,,,,,,,,,,,,,,,,2,,2,,,,2,2,2,,2,,1,,2,2,2,,,,3,2,2,2,,,,,,,,,,,2,,2,,2,2,,,,,1,2,2,2,1,,,,,2,2,,,,,,,,2,,,,,,4,1,1,,,,,,,,,,,,,,1,,1,1,,2,,,3,1,1,2,2,,2,1,,2,2,,2,2,2,1,2,2,2,2,2,,,,,,,,,,1,2,,,,,,,,,,,,,2,
2024,"Viet Nam","VNM","East Asia & Pacific (excluding high income)",76663207,183656501,1.16795771622292,2,50,2,5,1,1,1,1,1,1,0,1,1,4,4,4,0,4,1,1,1,1,1,2,2,,1,1,1,2,,,,,,,,,,,,,,,,,,,,,,,,,2,,2,,,,1,2,2,,2,,2,,2,2,2,,,2,3,3,4,2,,,,2,2,,4,2,1,2,1,1,1,1,2,2,,,,,1,2,1,1,,,2,2,,2,2,,,,,,,,2,,,,,,1,1,1,,,,,,,,,,,,,,1,,1,1,,1,,1,1,1,1,2,2,,2,1,,1,1,3,,2,1,1,1,2,2,1,1,,,,,,,,,,1,2,,,,,,,,,,,,,1,2
2024,"Viet Nam","VNM","East Asia & Pacific (excluding high income)",76663207,183762875,0.949794014564733,2,37,3,5,1,2,1,1,1,1,1,1,1,4,4,4,1,1,3,1,1,1,1,2,1,,1,1,1,1,,,,,,,,,,,,,,,,,,,,,,,,,2,,2,,,,1,2,2,,2,,2,,2,2,2,1,1,,2,2,3,2,,,,2,1,1,,1,1,3,2,,2,,2,1,2,1,,,1,2,2,1,,,2,2,,2,2,,,,,,,,2,,,,,,3,1,1,,,,,,,,,,,,,,1,,1,1,,1,,1,1,2,,2,2,,2,1,,1,1,3,,1,1,1,1,2,2,2,2,,,,,,,,,,1,2,,,,,,,,,,,,,1,2
2024,"Viet Nam","VNM","East Asia & Pacific (excluding high income)",76663207,183787651,1.27718631700802,1,35,2,2,1,1,1,0,1,1,1,1,4,4,4,4,1,1,3,1,1,1,1,2,2,,1,1,1,2,,,,,,,,,,,,,,,,,,,,,,,,,1,,2,3,1,2,,2,2,,2,,1,,2,1,2,,,,3,2,3,2,,,,1,1,2,,1,1,3,2,,2,,2,1,1,2,,,2,,,,,,,,,2,2,,,,,,,,2,,,,,,3,1,1,,,,,,,,,,,,,,1,,1,1,,1,,1,1,1,1,2,2,,2,1,,1,1,3,,1,1,1,1,2,1,2,2,,,,,,,,,,1,2,,,,,,,,,,,,,1,2
2024,"Viet Nam","VNM","East Asia & Pacific (excluding high income)",76663207,183846220,1.80026081876239,2,45,2,1,1,1,0,0,0,0,1,1,4,4,4,2,0,2,2,0,2,,,,,,,,,,2,1,1,2,2,2,2,1,2,,,,,,,,,,,,,,,,2,,2,,,,1,2,2,,2,,2,,2,1,2,,,2,2,2,1,2,,,,,,,,,,,2,,1,2,2,1,2,2,,1,2,,,,,,,,,2,2,,,,,,,,1,2,2,1,,1,3,1,1,,,,,,,,,,,,,,1,,1,1,,1,,2,2,1,1,2,2,,2,1,,1,1,3,,1,1,1,1,1,2,1,2,,,,,,,,,,1,2,,,,,,,,,,,,,1,1
2024,"Viet Nam","VNM","East Asia & Pacific (excluding high income)",76663207,183861121,0.528743645312854,1,20,2,4,2,2,1,1,1,1,0,0,4,4,4,4,0,4,3,1,1,1,2,2,1,,1,1,1,2,,,,,,,,,,,,,,,,,,,,,,,,,2,2,2,,,,2,2,2,,2,2,2,,2,2,2,,,2,2,2,3,1,2,2,2,2,2,,4,2,2,,2,,2,,2,2,,,,,2,,,,,,,,,2,2,,,,,,,,2,,,,,,2,1,1,,,,,,,,,,,,,,1,,1,1,,1,,1,4,1,1,2,2,,2,1,,1,1,3,,2,1,1,1,2,2,2,2,,,,,,,,,,1,2,,,,,,,,,,,,,1,2
2024,"Viet Nam","VNM","East Asia & Pacific (excluding high income)",76663207,184056933,0.257157228928712,1,58,1,4,2,1,1,0,1,0,1,0,4,4,4,4,0,2,1,1,1,2,2,3,3,1,2,2,2,2,,,,,,,,,,,,,,,,,,,,,,,,,2,,2,,,,2,2,2,,1,,2,,1,2,2,,,,4,1,3,2,,,,2,2,,4,2,2,,2,,1,1,2,1,2,2,,1,2,,,,,,,,,2,2,,,,,,,,2,,,,,,4,1,1,,,,,,,,,,,,,,1,,1,2,,2,,,1,2,,2,2,,2,1,,2,1,3,,2,2,1,1,2,2,2,2,,,,,,,,,,1,2,,,,,,,,,,,,,1,2
2024,"Viet Nam","VNM","East Asia & Pacific (excluding high income)",76663207,184352010,0.845613166123006,1,39,2,4,1,1,1,0,1,1,1,0,1,4,4,4,1,2,2,1,1,1,1,2,1,,2,1,1,2,,,,,,,,,,,,,,,,,,,,,,,,,2,,2,,,,2,2,2,,2,,1,,2,2,2,,,,2,2,3,2,,,,2,2,,4,1,1,3,1,2,1,2,2,1,2,2,,1,1,2,1,2,,,2,2,,2,2,,,,,,,,2,,,,,,3,1,1,,,,,,,,,,,,,,1,,1,1,,1,,1,4,1,1,2,2,,2,1,,1,1,3,,2,1,1,2,2,2,2,2,,,,,,,,,,1,2,,,,,,,,,,,,,1,2
2024,"Viet Nam","VNM","East Asia & Pacific (excluding high income)",76663207,184506588,1.05287818364545,2,17,2,5,1,1,1,0,1,1,0,1,4,4,4,4,0,4,2,0,1,1,1,1,1,,1,1,1,2,,,,,,,,,,,,,,,,,,,,,,,,,1,,2,2,2,2,,2,2,,2,,2,,2,2,2,,,2,3,3,1,2,,,,2,2,,4,2,1,2,1,2,2,,2,2,,,,,2,,,,,,,,,2,2,,,,,,,,2,,,,,,2,1,1,,,,,,,,,,,,,,1,,1,1,,1,,1,1,1,2,2,2,,2,1,,1,2,,1,1,1,1,2,1,2,2,2,,,,,,,,,,1,2,,,,,,,,,,,,,2,
2024,"Viet Nam","VNM","East Asia & Pacific (excluding high income)",76663207,184525355,0.686058586518263,1,41,2,4,1,2,1,0,1,1,0,1,1,4,4,4,1,1,3,1,1,1,1,2,1,,2,2,1,2,,,,,,,,,,,,,,,,,,,,,,,,,1,,2,2,1,2,,1,2,,2,,2,,2,2,2,,,2,3,3,3,2,,,,1,1,1,,1,1,1,2,,2,,2,1,1,1,,,1,2,1,2,,,2,2,,2,2,,,,,,,,2,,,,,,3,1,1,,,,,,,,,,,,,,1,,1,1,,1,,1,1,1,1,2,2,,2,1,,1,1,3,,1,1,1,1,2,2,2,2,,,,,,,,,,1,2,,,,,,,,,,,,,1,2
2024,"Viet Nam","VNM","East Asia & Pacific (excluding high income)",76663207,184591415,0.703043505357613,1,35,2,5,1,1,1,1,1,1,0,1,1,4,4,4,0,1,3,1,2,1,1,2,2,,1,1,1,2,,,,,,,,,,,,,,,,,,,,,,,,,1,,2,1,2,1,,1,2,,2,,2,,2,2,2,,,2,3,1,2,2,,,,2,2,,1,1,2,,2,,2,,2,1,2,1,,,1,2,1,1,,,2,2,,2,2,,,,,,,,2,,,,,,4,1,1,,,,,,,,,,,,,,1,,1,1,,1,,1,1,1,1,2,2,,2,1,,1,1,3,,1,1,1,1,2,2,2,2,,,,,,,,,,1,2,,,,,,,,,,,,,1,1
2024,"Viet Nam","VNM","East Asia & Pacific (excluding high income)",76663207,184637454,0.301948793188691,2,30,1,2,2,1,0,0,0,0,0,0,4,4,4,4,0,4,3,0,2,,,,,,,,,,2,2,2,2,2,2,2,1,2,,,,,,,,,,,,,,,,2,,2,,,,2,2,2,,2,,2,,2,2,2,,,2,2,2,2,2,,,,,,,,,,,2,,2,,2,2,,,,,2,,,,,,,,,2,2,,,,,,,,2,,,,,,3,1,1,,,,,,,,,,,,,,1,,1,1,,1,,1,1,1,1,2,2,,2,1,,1,1,3,,1,1,1,1,2,2,2,2,,,,,,,,,,1,2,,,,,,,,,,,,,2,
2024,"Viet Nam","VNM","East Asia & Pacific (excluding high income)",76663207,184752908,0.859094922028297,1,42,2,4,1,2,1,1,1,1,1,1,1,4,4,4,1,1,1,1,2,2,1,3,1,,1,1,1,2,,,,,,,,,,,,,,,,,,,,,,,,,1,,2,3,2,2,,1,2,,1,,2,,2,2,2,,,,1,3,4,2,,,,1,1,3,,1,1,2,1,1,1,1,2,1,1,1,,,1,2,1,1,,,1,2,,2,2,,,,,,,,2,,,,,,4,1,1,,,,,,,,,,,,,,1,,1,1,,1,,1,1,1,2,2,1,2,2,1,,1,1,3,,1,1,1,1,1,2,2,2,,,,,,,,,,1,2,,,,,,,,,,,,,1,1
2024,"Viet Nam","VNM","East Asia & Pacific (excluding high income)",76663207,184762608,0.257157228928712,1,35,2,5,1,2,1,0,1,1,1,0,4,4,4,4,0,1,3,0,1,1,2,1,1,,2,1,1,2,,,,,,,,,,,,,,,,,,,,,,,,,2,,2,,,,2,2,2,,2,,1,,2,1,2,,,,3,3,5,2,,,,2,2,,4,2,1,2,2,,2,,2,1,2,1,,,2,,,,,,,,,2,2,,,,,,,,2,,,,,,7,1,1,,,,,,,,,,,,,,1,,1,1,,1,,1,1,1,1,2,2,,2,1,,1,1,3,,1,1,1,1,2,2,2,2,,,,,,,,,,1,2,,,,,,,,,,,,,1,2
2024,"Viet Nam","VNM","East Asia & Pacific (excluding high income)",76663207,184811583,2.66618496842246,2,70,2,1,2,1,0,0,0,0,1,0,4,4,4,4,0,2,3,0,2,,,,,,,,,,2,2,1,2,1,2,2,2,2,,,,,,,,,,,,,,,,2,,2,,,,2,2,2,,1,,2,,2,2,2,,,,2,1,2,2,,,,,,,,,,,2,,2,,2,1,2,2,,1,2,,,,,,,,,2,2,,,,,,,,2,,,,,,4,0,2,1,1,2,2,2,1,2,1,2,,,,1,,,,,,,,,,,,,,,,2,2,,,,,,,,,,,,,,,,,,,,,,1,2,,,,,,,,,,,,,2,
2024,"Viet Nam","VNM","East Asia & Pacific (excluding high income)",76663207,185212988,0.823891162151341,2,35,2,3,2,1,0,0,0,0,0,0,4,4,4,4,0,4,3,0,2,,,,,,,,,,2,2,1,1,2,2,2,2,2,,,,,,,,,,,,,,,,2,,2,,,,2,2,2,,2,,2,,2,2,2,,,2,3,3,4,2,,,,,,,,,,,2,,2,,2,2,,,,,2,,,,,,,,,2,2,,,,,,,,2,,,,,,3,1,1,,,,,,,,,,,,,,1,,2,1,,2,,,1,2,,2,2,,2,1,,1,1,3,,2,1,1,2,2,2,2,2,,,,,,,,,,1,2,,,,,,,,,,,,,1,1
2024,"Viet Nam","VNM","East Asia & Pacific (excluding high income)",76663207,185305544,0.614043927877089,1,21,2,3,1,1,1,1,1,1,0,0,1,4,4,4,1,4,3,1,1,1,1,2,2,,1,1,1,2,,,,,,,,,,,,,,,,,,,,,,,,,2,,2,,,,2,2,2,,2,,2,,2,2,2,,,2,2,1,3,2,,,,2,1,2,,2,1,3,2,,2,,2,2,,,,,1,2,1,1,,,1,2,,2,2,,,,,,,,2,,,,,,3,1,1,,,,,,,,,,,,,,1,,1,1,,1,,1,4,1,1,2,2,,2,1,,1,1,3,,1,1,1,1,2,2,2,2,,,,,,,,,,1,2,,,,,,,,,,,,,1,2
2024,"Viet Nam","VNM","East Asia & Pacific (excluding high income)",76663207,185475336,0.962370821656813,2,54,2,4,1,1,1,0,1,1,0,0,1,4,4,2,0,4,3,1,1,1,1,2,2,,2,1,1,2,,,,,,,,,,,,,,,,,,,,,,,,,2,,2,,,,2,2,2,,2,,2,,2,2,2,,,2,3,3,4,1,2,2,2,2,2,,4,2,2,,2,,2,,2,2,,,,,1,2,1,2,,,2,2,,2,2,,,,,,,,1,2,2,1,,2,1,1,1,,,,,,,,,,,,,,1,,1,1,,1,,2,4,2,,2,2,,2,1,,1,1,3,,2,2,2,2,2,2,2,2,,,,,,,,,,1,2,,,,,,,,,,,,,1,1
2024,"Viet Nam","VNM","East Asia & Pacific (excluding high income)",76663207,185518940,0.342085884875002,1,38,2,5,1,1,1,0,1,1,1,1,4,4,4,4,1,1,1,1,1,1,2,3,3,1,1,1,1,2,,,,,,,,,,,,,,,,,,,,,,,,,1,,2,3,1,2,,2,2,,2,,2,,2,2,2,,,1,1,3,4,2,,,,1,1,2,,1,1,2,1,1,2,,2,1,1,1,,,2,,,,,,,,,2,2,,,,,,,,2,,,,,,3,1,1,,,,,,,,,,,,,,1,,1,1,,1,,1,1,1,1,2,2,,2,1,,1,1,3,,2,1,1,1,2,1,1,2,,,,,,,,,,1,2,,,,,,,,,,,,,1,2
2024,"Viet Nam","VNM","East Asia & Pacific (excluding high income)",76663207,185619817,1.18308512403368,1,39,3,4,1,2,1,1,1,1,0,1,1,4,4,4,1,1,3,1,1,1,1,2,1,,1,1,1,2,,,,,,,,,,,,,,,,,,,,,,,,,1,,2,2,2,1,,2,2,,2,,2,,2,2,2,,,2,2,2,4,2,,,,2,1,1,,1,1,3,2,,2,,2,1,1,1,,,1,2,1,1,,,2,2,,2,2,,,,,,,,2,,,,,,3,1,1,,,,,,,,,,,,,,1,,1,1,,1,,1,1,1,1,2,2,,1,1,,1,1,3,,1,1,1,1,2,2,1,2,,,,,,,,,,1,2,,,,,,,,,,,,,1,2
2024,"Viet Nam","VNM","East Asia & Pacific (excluding high income)",76663207,185885487,0.799167388189266,1,45,2,5,1,1,1,1,1,1,1,1,4,4,4,1,1,1,1,1,1,1,1,1,1,,1,1,1,2,,,,,,,,,,,,,,,,,,,,,,,,,1,,1,2,1,1,,2,2,,2,,1,2,2,2,2,,,,2,3,4,2,,,,1,1,1,,1,1,3,1,1,2,,2,1,1,1,,,2,,,,,,,,,2,2,,,,,,,,1,2,1,,,1,2,1,1,,,,,,,,,,,,,,1,,1,1,,1,,1,1,1,1,2,2,,2,1,,1,1,3,,2,1,1,2,2,2,2,2,,,,,,,,,,1,2,,,,,,,,,,,,,1,2
2024,"Viet Nam","VNM","East Asia & Pacific (excluding high income)",76663207,186096663,0.560350553325653,2,65,1,1,1,2,0,0,0,0,1,0,4,4,4,4,0,2,2,0,2,,,,,,,,,,2,2,2,2,2,2,1,2,2,,,,,,,,,,,,,,,,2,,2,,,,2,2,2,,2,,1,,1,2,2,,,,3,1,4,2,,,,,,,,,,,2,,1,2,1,1,2,2,,1,2,,,,,,,,,2,2,,,,,,,,2,,,,,,3,0,1,,,,,,,,,,,,,,2,2,1,2,,2,,,3,2,,2,2,,2,2,2,,,,,,,,,,,,,1,2,2,2,2,2,2,2,1,1,2,,,,,,,,,,,,,2,
2024,"Viet Nam","VNM","East Asia & Pacific (excluding high income)",76663207,186353652,0.375311799842289,1,48,1,4,2,1,0,0,0,0,0,0,2,4,4,4,0,2,3,0,2,,,,,,,,,,2,2,2,2,2,2,2,1,2,,,,,,,,,,,,,,,,2,,2,,,,2,2,2,,2,,2,,2,2,2,,,2,3,2,3,2,,,,,,,,,,,2,,2,,2,1,2,2,,1,1,2,2,2,1,,,,,2,2,,,,,,,,2,,,,,,4,1,1,,,,,,,,,,,,,,2,2,2,1,,2,,,2,2,,2,2,,2,2,1,3,2,,1,1,2,2,1,2,2,2,2,1,2,2,1,2,2,1,1,1,2,,3,4,2,3,1,2,2,1,2,1,2,1,2,
2024,"Viet Nam","VNM","East Asia & Pacific (excluding high income)",76663207,186420013,0.826163298665446,2,42,2,4,1,2,1,0,1,1,0,1,1,4,4,4,1,4,3,1,1,1,1,2,1,,1,1,1,2,,,,,,,,,,,,,,,,,,,,,,,,,2,,2,,,,1,2,2,,2,,2,,2,2,2,,,2,3,3,4,2,,,,1,1,1,,1,2,,2,,2,,2,2,,,,,1,2,1,2,,,2,2,,2,2,,,,,,,,2,,,,,,3,1,1,,,,,,,,,,,,,,1,,1,1,,1,,1,1,2,,2,2,,2,1,,1,2,,1,1,1,1,1,2,2,2,2,,,,,,,,,,1,2,,,,,,,,,,,,,1,2
2024,"Viet Nam","VNM","East Asia & Pacific (excluding high income)",76663207,186513848,1.34744383213246,1,27,2,2,1,1,1,1,1,1,1,1,4,4,4,4,1,1,3,1,1,1,1,1,1,,2,1,1,2,,,,,,,,,,,,,,,,,,,,,,,,,2,2,2,,,,1,2,2,,2,2,1,,2,1,2,,,,3,2,2,2,,,,2,1,1,,1,1,2,2,,2,,2,1,1,1,,,2,,,,,,,,,2,2,,,,,,,,2,,,,,,2,1,1,,,,,,,,,,,,,,1,,1,1,,1,,1,1,1,1,1,2,,2,1,,1,1,3,,1,1,1,1,1,1,1,2,,,,,,,,,,1,2,,,,,,,,,,,,,1,1
2024,"Viet Nam","VNM","East Asia & Pacific (excluding high income)",76663207,186629073,0.568287634206467,1,27,3,4,1,1,1,0,1,1,0,1,1,4,4,4,1,1,1,1,1,1,1,1,1,,1,1,1,2,,,,,,,,,,,,,,,,,,,,,,,,,1,,2,2,1,1,,2,2,,2,,2,,2,2,2,,,2,3,2,3,1,1,2,2,2,1,1,,1,1,3,2,,1,1,2,1,1,1,,,1,2,1,2,,,2,2,,2,2,,,,,,,,2,,,,,,4,1,1,,,,,,,,,,,,,,1,,1,1,,1,,1,1,1,1,2,2,,2,1,,1,2,,1,1,1,1,1,2,2,2,2,,,,,,,,,,1,2,,,,,,,,,,,,,1,2
2024,"Viet Nam","VNM","East Asia & Pacific (excluding high income)",76663207,186631398,1.47290458140822,2,68,2,2,2,1,0,0,0,0,0,0,4,4,4,4,0,4,3,0,2,,,,,,,,,,2,2,2,2,2,2,2,2,2,,,,,,,,,,,,,,,,2,,2,,,,2,2,2,,2,,2,,2,2,2,,,2,2,2,3,2,,,,,,,,,,,2,,2,,2,2,,,,,2,,,,,,,,,2,2,,,,,,,,2,,,,,,1,1,1,,,,,,,,,,,,,,1,,1,1,,1,,2,1,2,,2,2,,2,1,,1,1,4,,2,2,1,1,2,2,2,2,,,,,,,,,,1,2,,,,,,,,,,,,,1,2
2024,"Viet Nam","VNM","East Asia & Pacific (excluding high income)",76663207,186690488,1.14545989603773,1,35,2,3,1,2,1,0,1,1,1,1,4,4,4,4,1,1,3,1,1,1,1,1,1,,1,1,1,2,,,,,,,,,,,,,,,,,,,,,,,,,1,,2,3,1,2,,2,2,,2,,1,,2,2,2,,,,3,2,4,2,,,,2,1,2,,1,1,2,2,,2,,2,1,2,1,,,2,,,,,,,,,2,2,,,,,,,,2,,,,,,4,1,1,,,,,,,,,,,,,,1,,1,1,,1,,1,1,1,1,2,2,,2,1,,1,1,3,,2,1,1,1,2,1,2,2,,,,,,,,,,1,2,,,,,,,,,,,,,1,2
2024,"Viet Nam","VNM","East Asia & Pacific (excluding high income)",76663207,186705491,0.930647268379807,1,58,1,1,1,2,0,0,0,0,0,1,4,4,4,4,0,2,3,0,2,,,,,,,,,,2,2,2,2,2,2,2,1,2,,,,,,,,,,,,,,,,2,,2,,,,1,1,2,,2,,2,,2,2,2,,,2,1,3,4,2,,,,,,,,,,,2,,2,,2,1,2,2,,1,2,,,,,,,,,2,2,,,,,,,,2,,,,,,1,1,1,,,,,,,,,,,,,,2,2,1,1,,1,,1,1,2,,2,2,,2,1,,1,1,3,,2,2,2,2,2,2,2,2,2,2,2,1,2,2,2,1,8,1,2,,,,,,,,,,,,,2,
2024,"Viet Nam","VNM","East Asia & Pacific (excluding high income)",76663207,186826052,0.921197301551503,1,55,1,4,1,1,1,1,1,1,0,1,4,4,4,4,1,1,3,1,1,1,2,2,3,,1,1,2,2,,,,,,,,,,,,,,,,,,,,,,,,,1,2,2,3,1,1,,2,2,,2,2,2,,2,2,2,,,2,2,2,4,1,1,2,2,1,1,3,,1,2,,2,,2,,2,1,2,1,,,2,,,,,,,,,2,2,,,,,,,,2,,,,,,3,1,1,,,,,,,,,,,,,,1,,2,1,,1,,1,1,2,,2,2,,2,1,,1,1,1,,2,2,1,1,2,2,2,2,,,,,,,,,,1,2,,,,,,,,,,,,,2,
2024,"Viet Nam","VNM","East Asia & Pacific (excluding high income)",76663207,186893183,1.19052731776238,2,29,2,4,1,1,1,1,1,1,1,1,1,4,4,4,1,4,3,1,2,1,1,2,2,,1,1,1,2,,,,,,,,,,,,,,,,,,,,,,,,,1,,2,3,2,2,,2,2,,2,,1,,2,2,2,,,,3,2,5,2,,,,2,1,2,,1,1,3,2,,2,,2,2,,,,,1,2,1,1,,,2,2,,2,2,,,,,,,,2,,,,,,4,1,1,,,,,,,,,,,,,,1,,1,1,,1,,1,1,1,1,2,2,,2,1,,1,1,3,,1,1,1,2,2,2,2,2,,,,,,,,,,1,2,,,,,,,,,,,,,2,
2024,"Viet Nam","VNM","East Asia & Pacific (excluding high income)",76663207,187072274,0.257157228928712,2,36,1,2,2,1,0,0,0,0,0,0,2,4,4,4,0,2,2,0,2,,,,,,,,,,2,2,2,2,1,2,1,2,2,,,,,,,,,,,,,,,,2,,2,,,,2,2,2,,2,,2,,2,2,2,,,2,2,2,2,1,1,2,,,,,,,,,1,2,1,2,2,1,2,2,,1,1,2,2,2,1,,,,,2,2,,,,,,,,2,,,,,,4,0,2,1,2,2,2,2,2,2,1,2,,,,2,,,,,,,,,,,,,,,,2,2,,,,,,,,,,,,,,,,,,,,,,1,2,,,,,,,,,,,,,2,
2024,"Viet Nam","VNM","East Asia & Pacific (excluding high income)",76663207,187147264,0.574029455010427,1,33,2,2,1,1,1,1,1,1,0,0,4,4,4,1,1,2,3,1,1,1,1,3,3,1,2,2,1,2,,,,,,,,,,,,,,,,,,,,,,,,,2,,2,,,,2,2,2,,2,,2,,2,2,2,,,2,2,2,3,2,,,,2,1,2,,2,1,3,2,,2,,2,1,2,2,,1,2,,,,,,,,,2,2,,,,,,,,1,1,1,,,2,3,1,1,,,,,,,,,,,,,,1,,1,1,,1,,1,4,1,1,2,2,,2,1,,1,2,,1,1,1,1,1,2,2,2,2,,,,,,,,,,1,2,,,,,,,,,,,,,1,1
2024,"Viet Nam","VNM","East Asia & Pacific (excluding high income)",76663207,187201156,1.23566961919468,1,55,2,4,2,2,0,0,0,0,0,1,4,4,4,4,0,2,3,0,2,,,,,,,,,,2,2,1,2,2,2,2,1,2,,,,,,,,,,,,,,,,2,,2,,,,1,2,2,,2,,2,,2,2,2,,,2,1,3,4,2,,,,,,,,,,,2,,2,,2,1,2,2,,1,2,,,,,,,,,2,2,,,,,,,,2,,,,,,1,0,1,,,,,,,,,,,,,,2,2,2,1,,1,,2,2,2,,2,2,,2,2,2,,,,,,,,,,,,,2,2,2,1,2,2,2,2,4,1,2,,,,,,,,,,,,,2,
2024,"Viet Nam","VNM","East Asia & Pacific (excluding high income)",76663207,187259083,1.1042194624752,2,28,3,5,1,2,1,1,1,1,0,1,1,4,4,4,1,1,3,1,1,1,1,2,2,,1,1,1,2,,,,,,,,,,,,,,,,,,,,,,,,,1,2,2,2,1,2,,1,2,,2,2,2,,2,2,2,,,2,3,3,4,2,,,,1,1,1,,1,1,3,2,,2,,2,1,1,1,,,1,2,1,2,,,2,2,,2,2,,,,,,,,2,,,,,,4,1,1,,,,,,,,,,,,,,1,,1,1,,1,,1,1,1,1,2,2,,2,1,,1,1,3,,1,1,1,1,2,1,1,2,,,,,,,,,,1,2,,,,,,,,,,,,,1,2
2024,"Viet Nam","VNM","East Asia & Pacific (excluding high income)",76663207,187261661,2.72204891566777,2,25,2,3,1,1,1,0,1,1,0,0,4,4,4,4,1,4,3,0,1,1,2,1,1,,1,1,1,2,,,,,,,,,,,,,,,,,,,,,,,,,4,,2,,,,4,2,2,,2,,2,,2,2,2,,,2,2,2,2,2,,,,2,1,3,,2,2,,2,,2,,2,2,,,,,2,,,,,,,,,2,2,,,,,,,,2,,,,,,3,1,1,,,,,,,,,,,,,,1,,1,1,,1,,1,1,2,,2,2,,2,1,,1,1,3,,1,1,1,1,2,2,2,2,,,,,,,,,,1,2,,,,,,,,,,,,,1,2
2024,"Viet Nam","VNM","East Asia & Pacific (excluding high income)",76663207,187289998,0.483078957972271,2,64,1,2,2,1,1,0,1,0,0,0,2,4,4,4,0,2,3,0,2,2,2,4,2,,1,2,2,2,,,,,,,,,,,,,,,,,,,,,,,,,2,,2,,,,2,2,2,,2,,2,,2,2,2,,,2,3,1,4,2,,,,2,2,,4,2,2,,2,,2,,2,1,2,2,,1,1,2,2,2,1,,,,,2,2,,,,,,,,2,,,,,,1,0,1,,,,,,,,,,,,,,2,2,1,1,,2,,,3,2,,2,2,,2,2,2,,,,,,,,,,,,,1,2,2,1,2,2,2,1,4,1,2,,,,,,,,,,,,,2,
2024,"Viet Nam","VNM","East Asia & Pacific (excluding high income)",76663207,187455335,0.436452960701032,1,37,1,1,1,1,1,0,1,0,1,1,2,4,4,2,0,2,3,0,1,2,1,2,1,,2,1,2,2,,,,,,,,,,,,,,,,,,,,,,,,,1,,2,3,2,2,,2,2,,2,,1,,2,2,2,,,,2,3,3,2,,,,2,2,,4,2,2,,2,,2,,2,1,2,2,,1,1,2,2,2,1,,,,,2,2,,,,,,,,1,2,2,1,,2,3,1,1,,,,,,,,,,,,,,1,,1,1,,2,,,3,2,,2,2,,2,1,,1,2,,1,2,2,1,2,2,2,2,2,,,,,,,,,,1,2,,,,,,,,,,,,,1,1
2024,"Viet Nam","VNM","East Asia & Pacific (excluding high income)",76663207,187462808,0.518143919277052,1,69,1,1,1,2,0,0,0,0,0,0,4,4,4,4,0,2,3,0,2,,,,,,,,,,2,2,2,2,2,2,2,2,2,,,,,,,,,,,,,,,,2,,2,,,,2,2,2,,2,,2,,2,2,2,,,2,2,2,4,1,2,2,,,,,,,,,2,,2,,2,1,2,2,,1,2,,,,,,,,,2,2,,,,,,,,2,,,,,,1,0,1,,,,,,,,,,,,,,2,2,1,1,,2,,,1,2,,2,2,,2,2,2,,,,,,,,,,,,,2,2,2,2,2,1,1,1,6,1,2,,,,,,,,,,,,,2,
2024,"Viet Nam","VNM","East Asia & Pacific (excluding high income)",76663207,187493247,0.844260369502447,2,24,2,3,1,1,1,0,1,1,0,0,4,4,4,4,0,4,3,1,1,1,2,3,3,1,2,1,1,2,,,,,,,,,,,,,,,,,,,,,,,,,2,,2,,,,2,2,2,,2,,2,,2,2,2,,,2,4,2,2,1,1,1,2,2,2,,4,1,2,,2,,2,,2,2,,,,,2,,,,,,,,,2,2,,,,,,,,2,,,,,,4,1,1,,,,,,,,,,,,,,1,,1,1,,1,,1,1,1,1,2,2,,2,1,,1,1,3,,2,1,1,1,2,2,2,2,,,,,,,,,,1,2,,,,,,,,,,,,,1,2
2024,"Viet Nam","VNM","East Asia & Pacific (excluding high income)",76663207,187616996,1.44023172663944,1,38,3,5,1,2,1,0,1,1,1,0,4,4,4,4,1,1,1,1,1,1,2,2,3,,1,2,1,2,,,,,,,,,,,,,,,,,,,,,,,,,2,,2,,,,2,2,2,,2,,1,,2,2,2,,,,2,3,4,2,,,,2,1,2,,1,1,3,1,1,2,,2,1,1,1,,,2,,,,,,,,,2,2,,,,,,,,2,,,,,,4,1,1,,,,,,,,,,,,,,1,,1,1,,1,,1,1,1,1,2,2,,2,1,,1,1,3,,1,1,1,1,1,1,2,2,,,,,,,,,,1,2,,,,,,,,,,,,,1,2
2024,"Viet Nam","VNM","East Asia & Pacific (excluding high income)",76663207,187761190,0.913281389897347,2,19,2,5,2,2,1,1,1,1,0,0,4,4,4,4,1,4,2,1,1,1,2,2,2,,1,1,1,2,,,,,,,,,,,,,,,,,,,,,,,,,2,2,2,,,,2,2,2,,2,2,2,,2,2,2,,,2,2,2,5,2,,,,1,1,1,,2,1,2,2,,1,2,2,2,,,,,2,,,,,,,,,2,2,,,,,,,,2,,,,,,7,1,1,,,,,,,,,,,,,,1,,1,1,,1,,1,3,1,1,2,2,,2,1,,1,2,,1,2,1,1,1,2,2,2,2,,,,,,,,,,1,2,,,,,,,,,,,,,1,2
2024,"Viet Nam","VNM","East Asia & Pacific (excluding high income)",76663207,187763570,1.45475675239356,1,47,2,4,1,2,1,0,1,0,1,1,2,4,4,4,0,2,2,0,1,2,1,3,2,,1,2,2,2,,,,,,,,,,,,,,,,,,,,,,,,,1,,2,2,1,1,,2,2,,2,,1,,2,2,2,,,,1,2,2,2,,,,2,2,,4,2,2,,1,2,1,2,2,1,2,2,,1,1,2,2,2,1,,,,,2,2,,,,,,,,2,,,,,,4,1,1,,,,,,,,,,,,,,1,,1,1,,1,,1,1,2,,2,2,,2,1,,1,2,,1,1,1,1,1,1,2,2,2,,,,,,,,,,1,2,,,,,,,,,,,,,1,2
2024,"Viet Nam","VNM","East Asia & Pacific (excluding high income)",76663207,187930181,1.78807166086106,2,32,2,4,1,1,1,0,1,1,0,0,1,4,4,4,1,1,3,1,1,1,1,2,1,,1,1,1,2,,,,,,,,,,,,,,,,,,,,,,,,,2,,2,,,,2,2,2,,2,,2,,2,2,2,,,2,1,3,4,2,,,,1,1,2,,1,1,3,2,,2,,2,1,2,1,,,1,2,1,2,,,2,2,,2,2,,,,,,,,2,,,,,,1,1,1,,,,,,,,,,,,,,1,,1,1,,1,,1,4,1,1,2,2,,2,1,,1,1,3,,1,1,1,1,2,1,2,2,,,,,,,,,,1,2,,,,,,,,,,,,,1,2
2024,"Viet Nam","VNM","East Asia & Pacific (excluding high income)",76663207,188046566,0.478223480353787,2,35,1,1,2,1,0,0,0,0,1,0,4,4,4,2,0,2,3,0,2,,,,,,,,,,2,2,1,1,2,2,1,2,2,,,,,,,,,,,,,,,,2,,2,,,,2,2,2,,2,,1,,2,2,2,,,,2,2,2,2,,,,,,,,,,,2,,2,,2,1,2,2,,1,2,,,,,,,,,2,2,,,,,,,,1,2,2,1,,1,4,1,1,,,,,,,,,,,,,,1,,1,1,,1,,1,1,2,,2,2,,2,1,,1,2,,1,1,2,1,2,1,2,2,2,,,,,,,,,,1,2,,,,,,,,,,,,,1,2
2024,"Viet Nam","VNM","East Asia & Pacific (excluding high income)",76663207,188090620,0.712264214935924,1,20,2,5,1,2,1,1,1,1,0,1,1,4,4,4,1,1,3,1,1,1,1,2,1,,1,1,1,2,,,,,,,,,,,,,,,,,,,,,,,,,1,1,2,2,1,2,,2,2,,2,2,2,,2,2,2,,,2,2,3,4,2,,,,1,1,1,,1,1,2,2,,2,,2,1,1,1,,,1,2,1,1,,,2,2,,2,2,,,,,,,,2,,,,,,3,1,1,,,,,,,,,,,,,,1,,1,1,,1,,1,1,1,1,2,2,,2,1,,1,1,3,,1,1,1,1,1,1,2,2,,,,,,,,,,1,2,,,,,,,,,,,,,1,1
2024,"Viet Nam","VNM","East Asia & Pacific (excluding high income)",76663207,188091787,0.780785815622286,2,53,2,5,1,2,1,0,1,1,0,1,1,4,4,4,1,1,3,1,1,1,2,2,2,,1,1,1,2,,,,,,,,,,,,,,,,,,,,,,,,,2,,2,,,,1,2,2,,2,,2,,2,2,2,,,2,2,3,4,2,,,,2,1,1,,1,2,,2,,2,,2,1,1,1,,,1,2,1,2,,,2,2,,2,2,,,,,,,,2,,,,,,1,1,1,,,,,,,,,,,,,,1,,1,1,,1,,1,1,2,,2,2,,2,1,,1,2,,1,1,1,1,1,2,2,2,2,,,,,,,,,,1,2,,,,,,,,,,,,,1,1
2024,"Viet Nam","VNM","East Asia & Pacific (excluding high income)",76663207,188169351,2.34136949701855,2,44,3,3,1,1,1,1,1,1,1,1,1,4,4,4,1,1,2,1,1,1,1,3,2,,1,1,1,1,,,,,,,,,,,,,,,,,,,,,,,,,2,2,2,,,,1,2,2,,2,2,2,,2,2,1,1,1,,1,3,4,2,,,,1,1,2,,1,1,3,1,2,2,,2,1,1,1,,,1,2,1,2,,,2,2,,2,2,,,,,,,,2,,,,,,3,1,1,,,,,,,,,,,,,,1,,1,1,,1,,1,1,1,1,2,1,2,2,1,,1,2,,1,2,1,1,1,2,2,2,2,,,,,,,,,,1,2,,,,,,,,,,,,,1,2
2024,"Viet Nam","VNM","East Asia & Pacific (excluding high income)",76663207,188364805,0.56374211074867,1,43,2,5,1,1,1,0,1,1,1,1,2,4,4,2,0,2,2,0,1,1,2,3,3,1,1,1,1,2,,,,,,,,,,,,,,,,,,,,,,,,,2,,1,,,,,2,2,,2,,2,2,2,2,1,,,2,1,2,3,1,2,2,2,2,2,,4,2,2,,2,,1,2,2,1,2,2,,1,1,2,2,2,1,,,,,2,2,,,,,,,,1,2,2,1,,1,3,1,1,,,,,,,,,,,,,,1,,1,1,,1,,1,1,1,1,2,2,,2,1,,1,2,,1,2,1,1,1,2,2,2,2,,,,,,,,,,1,2,,,,,,,,,,,,,1,2
2024,"Viet Nam","VNM","East Asia & Pacific (excluding high income)",76663207,188508630,0.345627966329605,2,30,2,5,1,1,1,1,1,1,1,1,1,4,4,4,1,1,1,1,1,1,1,2,2,,1,1,1,2,,,,,,,,,,,,,,,,,,,,,,,,,2,2,2,,,,1,2,2,,2,2,1,,2,2,2,,,,3,2,4,2,,,,1,1,2,,1,1,3,1,1,2,,2,1,2,1,,,1,2,1,1,,,2,2,,2,2,,,,,,,,2,,,,,,4,1,1,,,,,,,,,,,,,,1,,1,1,,1,,1,1,1,1,1,2,,2,1,,1,1,4,,1,1,1,1,2,2,1,2,,,,,,,,,,1,2,,,,,,,,,,,,,1,2
2024,"Viet Nam","VNM","East Asia & Pacific (excluding high income)",76663207,188832023,1.78568909365485,2,34,2,3,1,2,0,0,0,0,0,1,2,4,4,4,0,4,2,0,2,,,,,,,,,,2,1,2,2,2,2,2,1,2,,,,,,,,,,,,,,,,2,,2,,,,1,2,2,,2,,2,,2,2,2,,,2,2,2,2,1,2,1,,,,,,,,,2,,1,2,2,2,,,,,1,2,2,2,1,,,,,2,2,,,,,,,,2,,,,,,4,1,1,,,,,,,,,,,,,,1,,1,1,,1,,1,1,1,1,2,2,,2,1,,1,2,,1,1,1,1,1,1,2,2,2,,,,,,,,,,1,2,,,,,,,,,,,,,1,2
2024,"Viet Nam","VNM","East Asia & Pacific (excluding high income)",76663207,188843078,0.352016636157542,1,19,1,1,2,1,0,0,0,0,1,1,4,4,4,2,0,4,3,0,2,,,,,,,,,,2,2,2,1,2,2,2,2,2,,,,,,,,,,,,,,,,2,,2,,,,1,2,2,,2,,1,,2,2,2,,,,2,2,2,1,1,2,,,,,,,,,2,,2,,2,2,,,,,2,,,,,,,,,2,2,,,,,,,,1,2,2,1,,2,3,1,1,,,,,,,,,,,,,,1,,1,1,,1,,1,1,2,,2,2,,2,1,,1,1,3,,1,1,1,1,2,2,2,2,,,,,,,,,,1,2,,,,,,,,,,,,,1,2
2024,"Viet Nam","VNM","East Asia & Pacific (excluding high income)",76663207,188958508,1.14239794876533,1,75,1,1,2,1,0,0,0,0,0,0,4,4,4,4,0,4,3,0,2,,,,,,,,,,2,2,2,1,2,1,2,2,2,,,,,,,,,,,,,,,,2,,2,,,,2,2,2,,2,,2,,2,2,2,,,2,6,3,5,2,,,,,,,,,,,2,,2,,2,2,,,,,2,,,,,,,,,2,2,,,,,,,,2,,,,,,7,0,2,1,2,2,2,2,2,2,1,2,,,,1,,,,,,,,,,,,,,,,2,2,,,,,,,,,,,,,,,,,,,,,,1,2,,,,,,,,,,,,,2,
2024,"Viet Nam","VNM","East Asia & Pacific (excluding high income)",76663207,189121650,1.1987510822839,1,49,2,2,1,1,1,0,1,1,0,1,4,4,4,1,1,1,3,1,1,1,2,3,2,,1,2,1,2,,,,,,,,,,,,,,,,,,,,,,,,,1,,2,3,2,1,,2,2,,2,,2,,2,2,2,,,2,2,3,3,2,,,,2,1,1,,1,2,,2,,2,,2,1,1,1,,,2,,,,,,,,,2,2,,,,,,,,1,1,2,,,1,1,1,1,,,,,,,,,,,,,,1,,1,1,,1,,1,1,1,1,2,2,,2,1,,1,1,3,,2,1,1,2,2,2,2,2,,,,,,,,,,1,2,,,,,,,,,,,,,2,
2024,"Viet Nam","VNM","East Asia & Pacific (excluding high income)",76663207,189186375,0.264012477118156,1,23,1,1,1,1,0,0,0,0,1,0,4,4,4,2,0,2,3,0,2,,,,,,,,,,2,2,2,2,2,2,2,1,2,,,,,,,,,,,,,,,,2,,2,,,,2,2,2,,2,,1,,2,2,2,,,,2,1,2,2,,,,,,,,,,,2,,2,,2,1,2,2,,1,2,,,,,,,,,2,2,,,,,,,,1,2,2,1,,2,3,0,1,,,,,,,,,,,,,,2,2,1,1,,1,,2,2,2,,2,2,,2,2,2,,,,,,,,,,,,,2,2,1,2,2,2,2,2,3,1,2,,,,,,,,,,,,,2,
2024,"Viet Nam","VNM","East Asia & Pacific (excluding high income)",76663207,189356625,0.795367453737617,1,29,2,5,2,2,1,0,1,1,0,1,5,4,4,4,1,1,3,1,1,1,1,3,3,1,1,1,1,2,,,,,,,,,,,,,,,,,,,,,,,,,1,,2,2,1,1,,2,2,,2,,2,,2,2,2,,,2,2,2,3,2,,,,2,1,2,,1,1,1,2,,2,,2,1,2,1,,,3,,,,,,,,,2,2,,,,,,,,2,,,,,,4,1,1,,,,,,,,,,,,,,1,,1,1,,1,,1,1,1,1,2,2,,2,1,,1,1,3,,1,1,1,2,2,2,2,2,,,,,,,,,,1,2,,,,,,,,,,,,,2,
2024,"Viet Nam","VNM","East Asia & Pacific (excluding high income)",76663207,189439022,1.40949311625806,1,33,3,4,1,1,1,1,1,1,1,1,1,1,4,4,1,1,2,1,1,1,1,2,2,,2,1,1,2,,,,,,,,,,,,,,,,,,,,,,,,,1,2,2,3,1,2,,2,2,,1,2,1,,1,2,2,,,,4,1,3,2,,,,2,1,3,,1,1,3,2,,1,2,2,1,1,1,,,1,1,1,1,,,2,2,,1,2,1,2,,,2,1,,2,,,,,,4,1,1,,,,,,,,,,,,,,1,,1,1,,1,,2,2,1,2,1,1,2,2,1,,1,1,3,,2,1,1,1,1,2,2,2,,,,,,,,,,1,2,,,,,,,,,,,,,1,1
2024,"Viet Nam","VNM","East Asia & Pacific (excluding high income)",76663207,189471969,1.18830278526652,2,76,2,1,2,2,0,0,0,0,0,0,4,4,4,4,0,4,3,0,2,,,,,,,,,,2,2,2,2,1,1,1,2,2,,,,,,,,,,,,,,,,2,,2,,,,2,2,2,,2,,2,,2,2,2,,,2,2,1,2,2,,,,,,,,,,,2,,2,,2,2,,,,,2,,,,,,,,,2,2,,,,,,,,2,,,,,,1,0,1,,,,,,,,,,,,,,1,,1,1,,2,,,3,2,,2,2,,2,2,2,,,,,2,2,2,2,2,2,2,2,,,,,,,,,,1,2,,,,,,,,,,,,,1,2
2024,"Viet Nam","VNM","East Asia & Pacific (excluding high income)",76663207,189519329,0.972154445880319,1,39,2,3,1,1,1,0,1,1,1,1,1,4,4,4,1,1,3,1,1,1,1,2,1,,2,1,1,2,,,,,,,,,,,,,,,,,,,,,,,,,2,,1,,,,,2,2,,2,,2,2,2,2,1,,,1,3,2,4,2,,,,1,1,1,,1,1,3,2,,2,,2,1,1,1,,,1,2,1,2,,,2,2,,2,2,,,,,,,,2,,,,,,3,1,1,,,,,,,,,,,,,,1,,1,1,,1,,1,1,1,1,2,2,,2,1,,1,1,3,,1,1,1,1,1,2,2,2,,,,,,,,,,1,2,,,,,,,,,,,,,1,2
2024,"Viet Nam","VNM","East Asia & Pacific (excluding high income)",76663207,189532908,0.701918789096969,2,22,2,4,1,1,1,1,1,1,1,1,1,4,4,1,1,1,3,1,1,1,1,3,3,1,1,1,1,1,,,,,,,,,,,,,,,,,,,,,,,,,1,1,2,2,1,1,,1,2,,2,2,2,,1,2,2,2,,2,1,2,4,2,,,,1,1,2,,1,1,2,2,,2,,1,1,1,1,,,1,2,1,1,,,1,2,,2,2,,,,,,,,1,1,1,,,1,2,1,1,,,,,,,,,,,,,,1,,1,2,,1,,1,2,1,1,2,2,,2,1,,2,1,2,,1,1,1,1,1,1,1,2,,,,,,,,,,1,2,,,,,,,,,,,,,1,1
2024,"Viet Nam","VNM","East Asia & Pacific (excluding high income)",76663207,189667756,0.460598650775751,1,66,1,1,2,1,0,0,0,0,1,0,4,2,4,4,0,2,2,0,2,,,,,,,,,,2,2,2,2,2,2,2,2,2,,,,,,,,,,,,,,,,2,,2,,,,2,2,2,,2,,2,,1,2,2,,,2,2,2,3,2,,,,,,,,,,,2,,1,2,2,1,2,2,,1,2,,,,,,,,,1,2,2,2,1,,,,,2,,,,,,3,1,1,,,,,,,,,,,,,,1,,1,1,,2,,,3,2,,2,2,,2,2,1,2,2,,1,2,2,2,2,2,2,2,2,,,,,,,,,,1,2,,,,,,,,,,,,,2,
2024,"Viet Nam","VNM","East Asia & Pacific (excluding high income)",76663207,189720629,0.659088011740394,1,28,2,4,1,1,1,1,1,1,1,1,1,4,4,4,1,1,1,1,1,1,1,2,1,,1,1,1,2,,,,,,,,,,,,,,,,,,,,,,,,,1,,1,2,1,2,,2,2,,2,,1,2,2,2,2,,,,2,2,4,2,,,,1,1,1,,1,1,3,1,2,1,1,2,1,2,1,,,1,2,1,1,,,2,2,,2,2,,,,,,,,2,,,,,,3,1,1,,,,,,,,,,,,,,1,,1,1,,1,,1,4,1,1,2,2,,2,1,,1,2,,1,1,1,1,2,2,2,2,2,,,,,,,,,,1,2,,,,,,,,,,,,,2,
2024,"Viet Nam","VNM","East Asia & Pacific (excluding high income)",76663207,189791791,0.257157228928712,1,38,2,5,1,2,1,0,1,1,0,1,4,4,4,4,1,1,3,1,1,1,2,1,1,,1,1,1,2,,,,,,,,,,,,,,,,,,,,,,,,,2,,2,,,,1,1,2,,2,,2,,2,2,2,,,2,3,3,4,2,,,,1,1,2,,1,1,3,2,,2,,2,1,2,1,,,2,,,,,,,,,2,2,,,,,,,,2,,,,,,3,1,1,,,,,,,,,,,,,,1,,1,1,,1,,1,3,1,1,2,2,,2,1,,1,1,3,,1,1,1,2,2,1,2,2,,,,,,,,,,1,2,,,,,,,,,,,,,1,2
2024,"Viet Nam","VNM","East Asia & Pacific (excluding high income)",76663207,190090418,1.38251186531842,2,25,2,4,1,1,1,1,1,1,0,1,1,4,4,4,1,1,3,1,1,1,1,2,1,,1,1,1,2,,,,,,,,,,,,,,,,,,,,,,,,,2,2,2,,,,1,2,2,,2,2,2,,2,2,2,,,2,2,3,4,2,,,,1,1,1,,1,1,3,2,,2,,2,1,2,1,,,1,2,1,1,,,2,2,,2,2,,,,,,,,2,,,,,,3,1,1,,,,,,,,,,,,,,1,,1,1,,1,,1,1,1,1,2,2,,2,1,,1,1,3,,1,1,1,1,2,2,2,2,,,,,,,,,,1,2,,,,,,,,,,,,,1,2
2024,"Viet Nam","VNM","East Asia & Pacific (excluding high income)",76663207,190183764,1.18395408491241,1,49,2,5,1,2,1,0,1,1,1,1,4,4,4,4,1,1,3,1,1,1,1,1,1,,1,1,1,2,,,,,,,,,,,,,,,,,,,,,,,,,1,,2,2,1,2,,2,2,,1,,1,,2,1,2,,,,3,3,4,2,,,,1,1,1,,1,1,3,2,,2,,2,1,1,1,,,2,,,,,,,,,2,2,,,,,,,,2,,,,,,2,1,1,,,,,,,,,,,,,,1,,1,1,,1,,1,1,1,1,2,2,,2,1,,1,1,3,,1,1,1,1,2,1,2,2,,,,,,,,,,1,2,,,,,,,,,,,,,1,2
2024,"Viet Nam","VNM","East Asia & Pacific (excluding high income)",76663207,190356865,1.02403168845786,2,44,2,2,1,1,0,0,0,0,1,0,2,4,4,4,0,4,3,0,2,,,,,,,,,,2,2,2,2,2,2,2,1,2,,,,,,,,,,,,,,,,2,,2,,,,2,2,2,,2,,1,,2,2,2,,,,2,2,3,2,,,,,,,,,,,2,,2,,2,2,,,,,1,2,2,2,1,,,,,2,2,,,,,,,,2,,,,,,3,1,1,,,,,,,,,,,,,,1,,1,1,,1,,1,1,2,,2,2,,2,1,,1,1,3,,2,1,1,1,2,2,2,2,,,,,,,,,,1,2,,,,,,,,,,,,,1,2
2024,"Viet Nam","VNM","East Asia & Pacific (excluding high income)",76663207,190384306,0.554660648760232,2,69,1,1,1,1,0,0,0,0,1,1,4,4,4,2,0,4,1,0,2,,,,,,,,,,2,2,2,2,2,2,1,1,2,,,,,,,,,,,,,,,,2,,2,,,,1,2,2,,2,,2,,1,2,2,,,2,2,1,2,2,,,,,,,,,,,2,,1,1,1,2,,,,,2,,,,,,,,,2,2,,,,,,,,1,2,2,1,,2,3,0,1,,,,,,,,,,,,,,2,2,2,1,,2,,,3,2,,2,2,,2,2,2,,,,,,,,,,,,,2,2,2,1,2,2,2,1,8,1,2,,,,,,,,,,,,,3,
2024,"Viet Nam","VNM","East Asia & Pacific (excluding high income)",76663207,190403217,2.69287813510847,2,46,3,3,1,2,1,0,1,1,1,1,1,4,4,4,1,1,3,1,1,1,1,2,1,,1,1,1,2,,,,,,,,,,,,,,,,,,,,,,,,,1,,2,3,1,1,,2,2,,2,,1,,2,2,2,,,,3,3,4,2,,,,2,1,1,,1,1,3,2,,2,,2,1,2,1,,,1,2,1,2,,,2,2,,2,2,,,,,,,,2,,,,,,3,1,1,,,,,,,,,,,,,,1,,1,1,,1,,2,4,1,2,2,2,,2,1,,1,2,,1,2,1,1,2,2,2,2,2,,,,,,,,,,1,2,,,,,,,,,,,,,1,2
2024,"Viet Nam","VNM","East Asia & Pacific (excluding high income)",76663207,190422393,0.581006308217438,2,20,1,5,1,2,1,1,1,1,1,1,1,4,4,4,0,4,3,1,1,1,1,2,2,,1,1,1,2,,,,,,,,,,,,,,,,,,,,,,,,,1,,2,2,1,2,,2,2,,2,,1,,2,2,2,,,,2,2,3,2,,,,2,2,,4,2,1,2,2,,2,,2,2,,,,,1,2,1,1,,,2,2,,2,2,,,,,,,,2,,,,,,4,1,1,,,,,,,,,,,,,,1,,1,1,,1,,1,1,1,1,2,2,,2,1,,1,1,3,,1,1,1,1,1,2,2,2,,,,,,,,,,1,2,,,,,,,,,,,,,1,2
2024,"Viet Nam","VNM","East Asia & Pacific (excluding high income)",76663207,190623672,1.46643727591219,1,38,2,4,1,1,1,1,1,1,1,1,1,4,4,4,1,2,1,1,1,1,1,2,1,,1,1,1,1,,,,,,,,,,,,,,,,,,,,,,,,,1,2,1,3,1,1,,2,2,,2,2,1,2,2,2,2,2,,,3,3,4,2,,,,1,1,1,,2,1,3,1,1,1,1,2,1,2,2,,1,1,2,1,1,,,2,2,,2,2,,,,,,,,2,,,,,,3,1,1,,,,,,,,,,,,,,1,,1,1,,1,,1,1,1,1,2,2,,2,1,,1,1,3,,1,1,1,1,1,2,2,2,,,,,,,,,,1,2,,,,,,,,,,,,,2,
2024,"Viet Nam","VNM","East Asia & Pacific (excluding high income)",76663207,190652298,0.892844546827425,2,25,2,5,1,1,1,1,1,1,0,1,1,4,4,4,1,4,3,1,1,1,2,2,2,,1,1,1,2,,,,,,,,,,,,,,,,,,,,,,,,,1,,2,2,1,1,,2,2,,2,,2,,2,2,2,,,2,1,2,4,2,,,,2,1,1,,1,1,3,2,,2,,2,2,,,,,1,2,1,1,,,2,2,,2,2,,,,,,,,2,,,,,,4,1,1,,,,,,,,,,,,,,1,,1,1,,1,,1,1,1,1,2,1,2,2,1,,1,1,3,,1,1,1,1,1,1,2,2,,,,,,,,,,1,2,,,,,,,,,,,,,1,2
2024,"Viet Nam","VNM","East Asia & Pacific (excluding high income)",76663207,190844512,0.318437700067137,1,38,1,1,1,1,1,1,1,1,1,0,4,4,4,1,1,4,1,1,1,1,1,2,2,,1,1,1,2,,,,,,,,,,,,,,,,,,,,,,,,,2,,2,,,,2,2,2,,2,,1,,2,2,1,,,,3,1,3,1,1,1,2,2,1,3,,1,1,2,1,1,1,2,2,2,,,,,2,,,,,,,,,2,2,,,,,,,,1,1,1,,,2,3,1,1,,,,,,,,,,,,,,1,,1,1,,1,,1,1,1,1,2,2,,2,1,,1,1,3,,1,1,1,1,2,2,2,2,,,,,,,,,,1,2,,,,,,,,,,,,,1,2
2024,"Viet Nam","VNM","East Asia & Pacific (excluding high income)",76663207,191206065,2.47133923838936,1,56,2,5,1,2,0,0,0,0,0,1,4,4,4,4,0,4,3,0,2,,,,,,,,,,2,2,2,2,2,2,2,1,2,,,,,,,,,,,,,,,,1,,2,3,2,1,,2,2,,2,,2,,2,2,2,,,2,2,3,4,2,,,,,,,,,,,2,,2,,2,2,,,,,2,,,,,,,,,2,2,,,,,,,,2,,,,,,1,1,1,,,,,,,,,,,,,,1,,1,1,,1,,1,1,2,,2,2,,2,1,,1,1,3,,2,2,1,1,2,2,2,2,,,,,,,,,,1,2,,,,,,,,,,,,,1,2
2024,"Viet Nam","VNM","East Asia & Pacific (excluding high income)",76663207,191384552,1.0183016092905,2,43,2,4,1,1,1,1,1,1,0,1,1,4,4,4,1,1,3,1,1,1,1,2,1,,1,1,1,2,,,,,,,,,,,,,,,,,,,,,,,,,2,2,1,,,,,2,2,,2,2,2,2,2,2,2,,,2,2,3,4,2,,,,1,1,1,,1,1,2,2,,2,,2,1,1,1,,,1,2,1,2,,,2,2,,2,2,,,,,,,,2,,,,,,1,1,1,,,,,,,,,,,,,,1,,1,1,,1,,1,4,2,,2,2,,2,1,,1,1,3,,1,1,1,2,2,2,2,2,,,,,,,,,,1,2,,,,,,,,,,,,,1,2
2024,"Viet Nam","VNM","East Asia & Pacific (excluding high income)",76663207,191518376,0.457372391012176,1,36,2,3,1,2,1,1,1,1,0,0,1,4,4,4,1,2,3,1,1,1,2,2,1,,1,1,1,2,,,,,,,,,,,,,,,,,,,,,,,,,2,,2,,,,2,2,2,,2,,2,,2,2,2,,,2,2,2,3,2,,,,1,1,1,,2,1,3,2,,2,,2,1,2,2,,1,1,2,2,1,,,2,2,,2,2,,,,,,,,2,,,,,,4,1,1,,,,,,,,,,,,,,1,,1,1,,1,,1,3,1,1,2,2,,2,1,,1,1,3,,1,1,1,1,2,2,2,2,,,,,,,,,,1,2,,,,,,,,,,,,,2,
2024,"Viet Nam","VNM","East Asia & Pacific (excluding high income)",76663207,191532524,0.439824950497036,2,52,1,4,1,1,0,0,0,0,1,0,4,4,4,2,0,2,3,0,2,,,,,,,,,,2,2,2,3,2,2,1,2,2,,,,,,,,,,,,,,,,2,,2,,,,2,2,2,,1,,1,,1,2,2,,,,2,2,3,1,1,2,,,,,,,,,2,,2,,2,1,2,2,,1,2,,,,,,,,,2,2,,,,,,,,1,2,2,1,,2,3,0,1,,,,,,,,,,,,,,2,2,1,1,,2,,,2,2,,2,2,,2,2,2,,,,,,,,,,,,,1,2,2,2,2,2,2,2,1,1,3,,,,,,,,,,,,,2,
2024,"Viet Nam","VNM","East Asia & Pacific (excluding high income)",76663207,191569733,0.659088011740394,1,32,2,2,1,1,1,0,1,1,1,1,2,4,4,2,1,1,3,1,1,1,1,2,2,,2,1,1,2,,,,,,,,,,,,,,,,,,,,,,,,,2,,2,,,,1,2,2,,2,,1,,2,2,2,,,,1,2,4,2,,,,2,2,,4,2,1,3,2,,2,,2,1,1,1,,,1,2,2,2,1,,,,,2,2,,,,,,,,1,2,2,1,,2,5,1,1,,,,,,,,,,,,,,1,,1,1,,1,,1,1,1,1,2,1,2,2,1,,1,1,1,,1,1,1,1,1,2,1,2,,,,,,,,,,1,2,,,,,,,,,,,,,1,2
2024,"Viet Nam","VNM","East Asia & Pacific (excluding high income)",76663207,191634975,0.940042334095723,1,17,2,1,2,1,1,1,1,1,0,1,4,4,4,4,0,4,3,1,2,1,2,3,2,,1,1,1,2,,,,,,,,,,,,,,,,,,,,,,,,,1,1,2,3,1,2,,2,2,,2,2,2,,2,2,2,,,2,2,2,3,2,,,,2,2,,4,2,2,,2,,2,,2,2,,,,,2,,,,,,,,,2,2,,,,,,,,2,,,,,,5,1,1,,,,,,,,,,,,,,1,,1,1,,1,,1,1,2,,2,2,,2,1,,1,2,,1,2,1,1,2,2,2,2,2,,,,,,,,,,1,2,,,,,,,,,,,,,1,2
2024,"Viet Nam","VNM","East Asia & Pacific (excluding high income)",76663207,191697120,0.344845522232348,2,39,2,5,1,2,1,1,1,1,1,1,1,4,4,4,1,1,1,1,1,1,1,2,2,,1,1,1,1,,,,,,,,,,,,,,,,,,,,,,,,,1,,2,2,1,1,,2,2,,2,,1,,2,2,2,1,1,,1,3,1,2,,,,1,1,2,,1,1,3,1,1,2,,2,1,2,1,,,1,2,1,1,,,2,2,,2,2,,,,,,,,2,,,,,,3,1,1,,,,,,,,,,,,,,1,,1,1,,1,,1,1,2,,2,2,,2,1,,1,1,1,,1,1,1,1,1,2,1,2,,,,,,,,,,1,2,,,,,,,,,,,,,1,1
2024,"Viet Nam","VNM","East Asia & Pacific (excluding high income)",76663207,191768714,0.566914340759009,1,35,2,3,1,1,1,0,1,1,1,1,4,4,4,4,1,1,3,1,1,1,2,2,2,,1,1,1,2,,,,,,,,,,,,,,,,,,,,,,,,,1,,1,1,1,1,,1,2,,2,,1,1,2,2,1,,,,3,2,4,2,,,,1,1,2,,1,1,3,2,,2,,2,1,1,1,,,2,,,,,,,,,2,2,,,,,,,,2,,,,,,3,1,1,,,,,,,,,,,,,,1,,1,1,,1,,1,1,1,1,2,2,,2,1,,1,2,,1,1,1,1,1,2,2,1,2,,,,,,,,,,1,2,,,,,,,,,,,,,2,
2024,"Viet Nam","VNM","East Asia & Pacific (excluding high income)",76663207,191917252,1.68577719382826,2,53,2,1,1,2,0,0,0,0,0,0,4,4,4,2,0,4,3,0,2,,,,,,,,,,2,2,2,2,3,2,1,3,2,,,,,,,,,,,,,,,,2,,2,,,,2,2,2,,2,,2,,2,2,2,,,2,2,2,3,2,,,,,,,,,,,2,,2,,2,2,,,,,2,,,,,,,,,2,2,,,,,,,,1,2,2,1,,2,3,0,2,1,2,2,2,2,2,1,7,1,2,2,2,,,,,,,,,,,,,,,,,2,2,,,,,,,,,,,,,,,,,,,,,,1,2,,,,,,,,,,,,,3,
2024,"Viet Nam","VNM","East Asia & Pacific (excluding high income)",76663207,192038013,0.930647268379808,1,57,1,3,2,2,1,1,1,1,1,0,1,4,4,4,0,4,3,1,1,2,1,2,2,,2,1,1,2,,,,,,,,,,,,,,,,,,,,,,,,,2,,2,,,,2,2,2,,2,,1,,2,2,2,,,,2,1,2,2,,,,2,2,,4,2,2,,2,,2,,2,2,,,,,1,2,1,1,,,2,1,,2,2,,,,,,,,2,,,,,,4,1,1,,,,,,,,,,,,,,1,,1,1,,1,,1,1,2,,2,2,,2,1,,1,2,,1,2,2,1,2,2,2,2,2,,,,,,,,,,1,2,,,,,,,,,,,,,1,2
2024,"Viet Nam","VNM","East Asia & Pacific (excluding high income)",76663207,192103478,1.13021543957064,1,34,2,5,1,1,1,0,1,1,1,1,4,4,4,2,1,1,3,1,1,1,1,2,3,,1,2,1,2,,,,,,,,,,,,,,,,,,,,,,,,,1,,2,3,1,2,,2,2,,2,,1,,2,2,2,,,,2,3,4,2,,,,1,1,2,,1,1,3,2,,2,,2,1,1,1,,,2,,,,,,,,,2,2,,,,,,,,1,2,2,1,,1,2,1,1,,,,,,,,,,,,,,1,,1,1,,1,,1,1,1,2,2,2,,2,1,,1,1,3,,1,1,1,1,1,2,2,2,,,,,,,,,,1,2,,,,,,,,,,,,,1,1
2024,"Viet Nam","VNM","East Asia & Pacific (excluding high income)",76663207,192414412,1.15623419292476,2,35,3,5,1,2,1,0,1,1,1,1,4,4,4,4,1,4,3,1,1,1,1,2,2,,1,1,1,1,,,,,,,,,,,,,,,,,,,,,,,,,1,,2,2,1,2,,2,2,,2,,1,,2,2,2,1,1,,3,3,4,2,,,,2,1,1,,2,2,,2,,2,,2,2,,,,,2,,,,,,,,,2,2,,,,,,,,2,,,,,,3,1,1,,,,,,,,,,,,,,1,,1,1,,1,,1,4,1,1,2,2,,2,1,,1,1,3,,1,1,1,1,2,2,2,2,,,,,,,,,,1,2,,,,,,,,,,,,,1,2
2024,"Viet Nam","VNM","East Asia & Pacific (excluding high income)",76663207,192426603,0.818725237169453,1,17,2,2,2,2,1,1,1,1,0,0,4,4,4,4,1,4,3,1,1,1,2,3,2,,2,2,1,2,,,,,,,,,,,,,,,,,,,,,,,,,2,2,2,,,,2,2,2,,2,2,2,,2,2,2,,,2,2,2,3,2,,,,2,1,2,,2,1,3,2,,2,,2,2,,,,,2,,,,,,,,,2,2,,,,,,,,2,,,,,,5,1,1,,,,,,,,,,,,,,1,,2,1,,1,,1,1,1,1,1,2,,2,1,,1,1,3,,2,1,1,1,2,2,2,2,,,,,,,,,,1,2,,,,,,,,,,,,,1,2
2024,"Viet Nam","VNM","East Asia & Pacific (excluding high income)",76663207,192493410,1.28121912143007,1,17,2,4,2,2,0,0,0,0,1,1,4,4,4,4,0,4,3,0,2,,,,,,,,,,2,2,2,2,2,2,2,1,2,,,,,,,,,,,,,,,,2,,2,,,,1,2,2,,2,,1,,2,2,2,,,,2,1,2,2,,,,,,,,,,,2,,2,,2,2,,,,,2,,,,,,,,,2,2,,,,,,,,2,,,,,,5,1,1,,,,,,,,,,,,,,1,,1,1,,1,,1,1,1,1,2,2,,2,1,,1,2,,1,1,1,1,2,1,2,2,2,,,,,,,,,,1,2,,,,,,,,,,,,,2,
2024,"Viet Nam","VNM","East Asia & Pacific (excluding high income)",76663207,192555329,0.493751250616995,1,36,2,3,1,1,1,1,1,1,0,1,1,4,4,4,1,1,2,1,1,1,2,2,2,,1,1,1,2,,,,,,,,,,,,,,,,,,,,,,,,,1,,2,3,1,1,,1,2,,2,,2,,2,2,2,,,2,1,3,4,2,,,,1,1,2,,1,1,3,2,,1,2,2,1,1,1,,,1,2,1,1,,,1,2,,2,2,,,,,,,,2,,,,,,3,1,1,,,,,,,,,,,,,,1,,1,1,,1,,1,1,1,1,2,2,,2,1,,1,1,3,,1,1,1,1,2,2,2,2,,,,,,,,,,1,2,,,,,,,,,,,,,1,2
2024,"Viet Nam","VNM","East Asia & Pacific (excluding high income)",76663207,192563966,1.19204777390738,2,34,3,3,1,1,1,1,1,1,0,0,1,4,4,4,1,4,3,1,1,1,2,2,2,,1,1,1,2,,,,,,,,,,,,,,,,,,,,,,,,,2,,2,,,,2,2,2,,2,,2,,2,2,2,,,2,2,3,3,2,,,,2,1,2,,1,2,,2,,2,,2,2,,,,,1,2,1,1,,,1,2,,2,2,,,,,,,,2,,,,,,3,1,1,,,,,,,,,,,,,,1,,1,1,,1,,1,1,2,,2,2,,2,1,,1,1,3,,1,2,1,1,2,2,2,2,,,,,,,,,,1,2,,,,,,,,,,,,,1,2
2024,"Viet Nam","VNM","East Asia & Pacific (excluding high income)",76663207,192589573,0.515257811495772,1,38,1,2,1,2,1,0,1,1,1,1,4,4,4,4,1,2,3,1,1,1,1,3,2,,1,1,1,2,,,,,,,,,,,,,,,,,,,,,,,,,1,,2,3,2,2,,2,2,,2,,1,,2,2,2,,,,2,2,3,2,,,,2,2,,1,2,1,3,2,,2,,2,1,2,2,,1,2,,,,,,,,,2,2,,,,,,,,2,,,,,,2,1,1,,,,,,,,,,,,,,1,,1,1,,1,,1,1,1,2,2,2,,2,1,,9,2,,1,1,1,1,1,2,2,2,2,,,,,,,,,,1,2,,,,,,,,,,,,,2,
2024,"Viet Nam","VNM","East Asia & Pacific (excluding high income)",76663207,192640633,0.788723416022452,1,35,3,5,1,2,1,1,1,1,1,1,1,4,4,4,1,1,3,1,1,1,1,2,2,,1,1,1,2,,,,,,,,,,,,,,,,,,,,,,,,,1,,1,2,2,2,,2,2,,2,,2,1,2,2,2,,,,1,2,3,2,,,,1,1,1,,1,1,3,2,,2,,2,1,1,1,,,1,2,1,1,,,2,2,,2,2,,,,,,,,2,,,,,,3,1,1,,,,,,,,,,,,,,1,,1,1,,2,,,1,1,1,1,2,,2,1,,1,1,4,,2,1,1,1,2,2,2,2,,,,,,,,,,1,2,,,,,,,,,,,,,1,2
2024,"Viet Nam","VNM","East Asia & Pacific (excluding high income)",76663207,192821455,0.370715855307567,1,25,2,3,1,1,1,1,1,1,0,1,1,4,4,1,1,1,3,1,1,1,2,2,1,,1,1,1,2,,,,,,,,,,,,,,,,,,,,,,,,,1,,2,2,1,2,,2,2,,2,,2,,2,2,2,,,2,1,2,4,2,,,,1,1,1,,1,1,3,2,,2,,2,1,1,1,,,1,2,1,1,,,1,2,,2,2,,,,,,,,1,1,1,,,1,3,1,1,,,,,,,,,,,,,,1,,1,1,,1,,1,4,1,1,2,2,,2,1,,1,1,3,,2,1,1,1,1,2,2,2,,,,,,,,,,1,2,,,,,,,,,,,,,1,1
2024,"Viet Nam","VNM","East Asia & Pacific (excluding high income)",76663207,192910814,0.342067529423094,1,40,2,4,1,2,1,1,1,1,0,1,1,4,4,4,1,1,1,1,1,1,1,3,3,1,1,1,1,2,,,,,,,,,,,,,,,,,,,,,,,,,1,,1,3,1,2,,2,2,,2,,2,2,2,2,2,,,2,3,2,4,2,,,,1,1,2,,1,2,,2,,1,1,2,1,1,1,,,1,2,1,1,,,2,2,,2,2,,,,,,,,2,,,,,,4,1,1,,,,,,,,,,,,,,1,,1,1,,1,,1,1,1,1,2,2,,2,1,,1,2,,1,2,1,1,1,1,2,1,2,,,,,,,,,,1,2,,,,,,,,,,,,,1,2
2024,"Viet Nam","VNM","East Asia & Pacific (excluding high income)",76663207,193060695,0.736452290704108,2,60,2,1,1,1,0,0,0,0,1,1,4,4,4,2,0,2,3,0,2,,,,,,,,,,2,2,2,2,2,2,1,2,2,,,,,,,,,,,,,,,,2,,2,,,,1,1,2,,2,,1,,1,2,1,,,,2,1,4,1,1,1,,,,,,,,,2,,2,,2,1,2,2,,1,2,,,,,,,,,2,2,,,,,,,,1,2,2,1,,2,3,0,1,,,,,,,,,,,,,,2,2,1,2,,2,,,2,2,,2,2,,2,2,2,,,,,,,,,,,,,1,1,2,1,2,2,2,2,1,1,2,,,,,,,,,,,,,1,2
2024,"Viet Nam","VNM","East Asia & Pacific (excluding high income)",76663207,193121143,1.22602529023901,1,25,2,4,1,1,1,1,1,1,1,0,1,4,4,4,1,1,3,1,1,1,1,2,1,,1,1,1,2,,,,,,,,,,,,,,,,,,,,,,,,,2,,2,,,,2,2,2,,1,,2,,2,2,2,,,,4,2,2,2,,,,2,1,2,,1,2,,2,,2,,2,1,2,1,,,1,2,1,1,,,2,2,,2,2,,,,,,,,2,,,,,,4,1,1,,,,,,,,,,,,,,1,,1,1,,1,,1,2,1,1,1,2,,2,1,,1,1,3,,2,1,1,1,1,2,2,2,,,,,,,,,,1,2,,,,,,,,,,,,,1,1
2024,"Viet Nam","VNM","East Asia & Pacific (excluding high income)",76663207,193162670,1.82360152176398,1,23,3,5,1,2,1,1,1,1,0,1,1,4,4,4,1,4,3,1,1,1,1,2,1,,1,1,1,2,,,,,,,,,,,,,,,,,,,,,,,,,1,1,2,3,1,2,,2,2,,2,2,2,,2,2,2,,,2,1,2,4,1,2,2,2,1,1,1,,1,1,3,2,,2,,2,2,,,,,1,2,1,1,,,1,2,,2,2,,,,,,,,2,,,,,,3,1,1,,,,,,,,,,,,,,1,,1,1,,1,,1,1,1,1,2,2,,2,1,,1,1,3,,1,1,1,1,1,2,2,2,,,,,,,,,,1,2,,,,,,,,,,,,,1,2
2024,"Viet Nam","VNM","East Asia & Pacific (excluding high income)",76663207,193186640,0.397124061915298,1,39,1,1,2,1,1,0,1,0,1,1,4,4,4,2,0,2,2,0,1,2,1,3,3,2,2,2,2,2,,,,,,,,,,,,,,,,,,,,,,,,,2,,1,,,,,2,2,,2,,1,1,2,2,2,,,,2,1,3,2,,,,2,2,,4,2,1,2,1,2,1,2,2,1,2,2,,1,2,,,,,,,,,2,2,,,,,,,,1,2,2,1,,1,4,1,1,,,,,,,,,,,,,,1,,1,1,,1,,1,2,1,2,1,1,2,2,1,,1,1,3,,1,1,1,1,2,2,1,2,,,,,,,,,,1,2,,,,,,,,,,,,,1,2
2024,"Viet Nam","VNM","East Asia & Pacific (excluding high income)",76663207,193246261,0.682687792305242,2,41,2,2,1,1,1,0,1,1,1,0,1,4,4,4,1,1,3,1,1,1,1,3,1,,1,1,1,2,,,,,,,,,,,,,,,,,,,,,,,,,2,,2,,,,2,2,2,,2,,1,,2,2,2,,,,3,3,4,2,,,,2,1,2,,1,1,2,2,,2,,2,1,2,1,,,1,2,1,2,,,2,2,,2,2,,,,,,,,2,,,,,,4,1,1,,,,,,,,,,,,,,1,,2,1,,2,,,2,1,1,2,2,,2,1,,1,1,3,,2,1,1,1,2,2,2,2,,,,,,,,,,1,2,,,,,,,,,,,,,2,
2024,"Viet Nam","VNM","East Asia & Pacific (excluding high income)",76663207,193260554,1.37569484048063,2,60,1,1,2,1,0,0,0,0,0,1,4,4,4,4,0,4,3,0,2,,,,,,,,,,2,2,2,2,2,2,2,2,2,,,,,,,,,,,,,,,,2,,1,,,,,2,2,,2,,2,2,2,2,2,,,2,7,,2,2,,,,,,,,,,,2,,2,,2,2,,,,,2,,,,,,,,,2,2,,,,,,,,2,,,,,,1,0,2,1,2,2,1,1,2,2,4,2,,,,2,,,,,,,,,,,,,,,,2,2,,,,,,,,,,,,,,,,,,,,,,1,2,,,,,,,,,,,,,2,
2024,"Viet Nam","VNM","East Asia & Pacific (excluding high income)",76663207,193343105,1.0183016092905,2,44,2,4,1,1,1,0,1,1,1,0,1,4,4,4,1,1,3,1,1,1,1,2,1,,1,1,1,2,,,,,,,,,,,,,,,,,,,,,,,,,2,,2,,,,2,2,2,,2,,1,,2,2,2,,,,2,3,3,2,,,,2,1,1,,1,1,2,2,,2,,2,1,1,1,,,1,2,1,2,,,2,2,,2,2,,,,,,,,2,,,,,,3,1,1,,,,,,,,,,,,,,1,,1,1,,1,,2,4,1,2,2,2,,2,1,,1,1,1,,1,1,1,1,2,2,2,2,,,,,,,,,,1,2,,,,,,,,,,,,,1,2
2024,"Viet Nam","VNM","East Asia & Pacific (excluding high income)",76663207,193391951,1.47290458140822,2,62,2,1,1,1,0,0,0,0,0,1,4,4,4,2,0,4,2,0,2,,,,,,,,,,2,2,2,1,2,2,2,2,2,,,,,,,,,,,,,,,,2,,2,,,,1,2,2,,2,,2,,2,2,2,,,2,1,2,3,2,,,,,,,,,,,2,,1,2,2,2,,,,,2,,,,,,,,,2,2,,,,,,,,1,2,2,1,,2,3,1,1,,,,,,,,,,,,,,1,,1,1,,1,,1,1,1,1,2,2,,2,1,,1,1,3,,1,1,1,2,2,2,2,2,,,,,,,,,,1,2,,,,,,,,,,,,,1,2
2024,"Viet Nam","VNM","East Asia & Pacific (excluding high income)",76663207,193548115,0.818725237169452,1,16,2,2,2,1,1,0,1,1,0,0,4,4,4,4,1,4,3,0,1,1,2,3,3,1,2,1,1,2,,,,,,,,,,,,,,,,,,,,,,,,,2,,2,,,,2,2,2,,2,,2,,2,2,2,,,2,7,,4,2,,,,2,1,3,,2,1,2,2,,2,,2,2,,,,,2,,,,,,,,,2,2,,,,,,,,2,,,,,,5,1,1,,,,,,,,,,,,,,1,,2,1,,1,,1,1,1,1,1,2,,2,1,,1,1,1,,1,1,1,1,2,2,2,2,,,,,,,,,,1,2,,,,,,,,,,,,,1,2
2024,"Viet Nam","VNM","East Asia & Pacific (excluding high income)",76663207,193865855,1.92474164331363,2,47,2,3,1,1,1,0,1,1,1,1,4,4,4,1,1,2,3,1,1,1,2,2,2,,1,1,1,2,,,,,,,,,,,,,,,,,,,,,,,,,1,,2,3,1,1,,2,2,,2,,1,,2,2,2,,,,1,2,4,2,,,,2,2,,4,2,1,3,2,,2,,2,1,2,2,,1,2,,,,,,,,,2,2,,,,,,,,1,1,2,,,2,3,1,1,,,,,,,,,,,,,,1,,1,1,,1,,1,1,1,1,2,2,,2,1,,1,2,,2,1,1,1,1,2,2,2,2,,,,,,,,,,1,2,,,,,,,,,,,,,1,2
2024,"Viet Nam","VNM","East Asia & Pacific (excluding high income)",76663207,193908586,1.59082026681391,1,29,2,1,2,1,0,0,0,0,1,0,4,4,4,2,0,2,3,0,2,,,,,,,,,,2,2,1,1,1,2,1,2,2,,,,,,,,,,,,,,,,2,,2,,,,2,2,2,,2,,1,,1,2,2,,,,2,1,3,2,,,,,,,,,,,2,,2,,2,1,2,2,,1,2,,,,,,,,,2,2,,,,,,,,1,2,2,1,,1,5,1,1,,,,,,,,,,,,,,1,,1,1,,1,,1,1,1,1,2,2,,2,1,,1,1,3,,2,1,1,1,2,2,2,2,,,,,,,,,,1,2,,,,,,,,,,,,,1,2
2024,"Viet Nam","VNM","East Asia & Pacific (excluding high income)",76663207,194079014,0.3394338697635,2,36,2,4,1,1,1,0,1,1,0,1,1,4,4,4,1,1,1,1,1,1,1,2,2,,1,1,1,2,,,,,,,,,,,,,,,,,,,,,,,,,1,,2,3,1,1,,2,2,,2,,2,,2,2,2,,,2,3,3,3,2,,,,2,1,1,,1,2,,2,,1,1,2,1,1,1,,,1,2,1,2,,,2,2,,2,2,,,,,,,,2,,,,,,3,1,1,,,,,,,,,,,,,,1,,1,1,,1,,1,3,2,,2,2,,2,1,,1,1,3,,2,1,1,2,2,2,2,2,,,,,,,,,,1,2,,,,,,,,,,,,,1,2
2024,"Viet Nam","VNM","East Asia & Pacific (excluding high income)",76663207,194175135,0.738013535494702,1,79,2,1,2,1,1,0,1,0,0,1,4,3,4,4,0,2,1,1,1,2,2,4,2,,2,2,2,2,,,,,,,,,,,,,,,,,,,,,,,,,1,,2,3,2,2,,2,2,,2,,2,,2,2,2,,,2,2,2,1,2,,,,2,2,,4,2,2,,2,,1,1,2,1,2,2,,1,2,,,,,,,,,1,2,2,2,2,2,,,,2,,,,,,1,1,2,1,2,2,2,2,2,1,7,1,1,2,2,,,,,,,,,,,,,,,,,1,,7,2,,2,2,2,2,2,2,2,2,2,,,,,,,,,,1,2,,,,,,,,,,,,,2,
2024,"Viet Nam","VNM","East Asia & Pacific (excluding high income)",76663207,194207350,0.386464095294778,1,35,1,1,1,1,1,0,1,0,0,0,2,4,4,4,0,2,3,0,2,2,2,4,4,2,2,2,2,2,,,,,,,,,,,,,,,,,,,,,,,,,2,,2,,,,2,2,2,,2,,2,,2,2,2,,,2,3,2,4,2,,,,2,2,,4,2,2,,2,,2,,2,1,2,2,,1,1,2,2,2,1,,,,,2,2,,,,,,,,2,,,,,,2,0,2,1,2,2,2,2,2,2,1,1,2,2,2,,,,,,,,,,,,,,,,,2,2,,,,,,,,,,,,,,,,,,,,,,1,3,,,,,,,,,,,,,1,2
2024,"Viet Nam","VNM","East Asia & Pacific (excluding high income)",76663207,194293715,0.458618078347517,1,47,1,3,1,2,0,0,0,0,1,0,2,4,4,4,0,3,2,0,2,,,,,,,,,,2,2,2,2,2,2,2,1,2,,,,,,,,,,,,,,,,2,,2,,,,2,2,2,,2,,1,,1,2,2,,,,4,1,2,2,,,,,,,,,,,1,2,2,,2,1,2,2,,2,1,2,2,2,1,,,,,2,2,,,,,,,,2,,,,,,4,1,1,,,,,,,,,,,,,,1,,1,1,,2,,,3,1,1,2,2,,2,1,,1,2,,1,1,1,1,2,2,2,2,2,,,,,,,,,,1,2,,,,,,,,,,,,,1,2
2024,"Viet Nam","VNM","East Asia & Pacific (excluding high income)",76663207,194326733,0.257157228928712,1,35,1,2,1,1,0,0,0,0,0,1,2,4,4,4,0,2,3,0,2,,,,,,,,,,2,2,2,2,2,2,2,2,2,,,,,,,,,,,,,,,,2,,2,,,,1,2,2,,2,,2,,2,2,2,,,2,1,1,4,2,,,,,,,,,,,2,,2,,2,1,2,2,,1,1,2,2,2,1,,,,,2,2,,,,,,,,2,,,,,,5,1,1,,,,,,,,,,,,,,1,,1,1,,1,,1,1,1,1,2,2,,2,1,,1,2,,1,2,1,1,2,2,2,2,2,,,,,,,,,,1,2,,,,,,,,,,,,,2,
2024,"Viet Nam","VNM","East Asia & Pacific (excluding high income)",76663207,194351004,0.795410133406952,1,27,2,1,1,1,0,0,0,0,1,0,2,4,4,2,0,2,3,0,2,,,,,,,,,,2,2,2,2,2,2,1,2,2,,,,,,,,,,,,,,,,2,,2,,,,2,3,2,,1,,1,,1,2,2,,,,8,,4,2,,,,,,,,,,,2,,2,,2,1,2,2,,1,1,2,2,2,1,,,,,2,2,,,,,,,,1,2,2,1,,2,5,1,1,,,,,,,,,,,,,,2,2,2,1,,1,,1,1,2,,2,2,,2,1,,1,1,2,,1,1,1,1,2,2,2,2,1,1,1,2,2,2,1,2,1,1,2,,,,,,,,,,,,,2,
2024,"Viet Nam","VNM","East Asia & Pacific (excluding high income)",76663207,194489775,1.6377011402651,1,24,2,2,1,2,1,0,1,1,0,0,4,4,4,4,1,1,1,1,1,1,2,1,1,,1,1,1,2,,,,,,,,,,,,,,,,,,,,,,,,,2,,2,,,,2,2,2,,2,,2,,2,2,2,,,2,1,3,4,2,,,,1,1,1,,1,1,2,1,1,2,,2,1,1,1,,,2,,,,,,,,,2,2,,,,,,,,2,,,,,,3,1,1,,,,,,,,,,,,,,1,,1,1,,1,,1,1,1,1,2,2,,2,1,,1,1,3,,1,1,1,1,2,2,2,2,,,,,,,,,,1,2,,,,,,,,,,,,,1,2
2024,"Viet Nam","VNM","East Asia & Pacific (excluding high income)",76663207,194511780,0.811908651081889,1,46,2,4,1,2,1,0,1,1,1,1,1,4,4,4,0,1,3,1,1,1,2,1,2,,1,1,1,2,,,,,,,,,,,,,,,,,,,,,,,,,2,,2,,,,1,2,2,,2,,1,,2,2,2,,,,1,3,1,2,,,,2,2,,4,2,2,,2,,2,,2,1,2,1,,,1,2,1,2,,,2,2,,2,2,,,,,,,,2,,,,,,1,1,1,,,,,,,,,,,,,,1,,1,1,,1,,2,1,1,2,2,2,,2,1,,1,1,3,,1,1,1,1,1,2,2,2,,,,,,,,,,1,2,,,,,,,,,,,,,1,2
2024,"Viet Nam","VNM","East Asia & Pacific (excluding high income)",76663207,194884216,0.913281389897347,2,21,2,5,1,2,1,1,1,1,1,1,1,4,4,4,1,1,3,1,1,1,1,2,1,,1,1,1,2,,,,,,,,,,,,,,,,,,,,,,,,,1,1,2,3,1,2,,2,2,,2,2,1,,2,2,2,,,,2,2,5,2,,,,1,1,1,,1,1,3,2,,2,,2,1,1,1,,,1,2,1,1,,,1,2,,2,2,,,,,,,,2,,,,,,7,1,1,,,,,,,,,,,,,,1,,2,1,,1,,1,1,1,1,2,2,,2,1,,1,1,3,,1,1,1,1,1,2,2,1,,,,,,,,,,1,2,,,,,,,,,,,,,1,1
2024,"Viet Nam","VNM","East Asia & Pacific (excluding high income)",76663207,194991446,0.401832189216569,1,50,2,5,1,1,1,1,1,1,0,1,4,4,4,2,1,2,1,1,1,1,2,3,2,,1,1,1,2,,,,,,,,,,,,,,,,,,,,,,,,,1,1,2,3,1,1,,1,2,,2,2,2,,2,2,2,,,2,3,2,4,1,1,1,2,2,1,3,,2,2,,2,,1,1,2,1,2,2,,1,2,,,,,,,,,2,2,,,,,,,,1,2,2,1,,1,1,1,1,,,,,,,,,,,,,,1,,1,1,,2,,,1,2,,2,2,,2,1,,1,1,3,,2,1,1,1,1,2,2,2,,,,,,,,,,1,2,,,,,,,,,,,,,1,2
2024,"Viet Nam","VNM","East Asia & Pacific (excluding high income)",76663207,195068249,0.80366437843314,1,52,2,2,1,1,1,0,1,0,0,1,4,4,4,2,0,2,1,1,1,2,2,2,2,,1,1,2,2,,,,,,,,,,,,,,,,,,,,,,,,,1,,2,2,1,1,,1,2,,2,,2,,2,2,2,,,2,1,3,4,2,,,,2,2,,4,2,1,2,1,2,1,1,2,1,2,2,,1,2,,,,,,,,,2,2,,,,,,,,1,2,2,1,,2,1,1,1,,,,,,,,,,,,,,1,,1,1,,1,,1,1,1,2,2,2,,2,1,,1,2,,1,1,2,1,1,2,2,2,2,,,,,,,,,,1,2,,,,,,,,,,,,,2,
2024,"Viet Nam","VNM","East Asia & Pacific (excluding high income)",76663207,195073847,2.89316691999273,2,75,2,5,2,2,1,0,1,0,0,1,4,4,1,4,0,4,3,1,1,2,1,2,2,,1,1,2,2,,,,,,,,,,,,,,,,,,,,,,,,,1,,2,2,1,1,,2,2,,2,,2,,2,2,2,,,2,1,3,4,2,,,,2,2,,4,2,2,,2,,2,,2,2,,,,,2,,,,,,,,,2,1,1,2,,,2,2,,2,,,,,,1,1,1,,,,,,,,,,,,,,1,,1,1,,1,,2,4,2,,2,1,2,2,1,,1,2,,1,2,2,1,2,2,2,2,2,,,,,,,,,,1,2,,,,,,,,,,,,,1,2
2024,"Viet Nam","VNM","East Asia & Pacific (excluding high income)",76663207,195113460,1.11626442410488,1,30,3,3,1,2,1,0,1,1,1,1,1,4,4,4,1,1,3,1,1,1,1,2,2,,1,1,1,2,,,,,,,,,,,,,,,,,,,,,,,,,2,,2,,,,1,1,2,,2,,1,,2,2,2,,,,3,3,3,2,,,,2,1,1,,1,1,3,2,,2,,2,1,1,1,,,1,2,1,2,,,2,2,,2,2,,,,,,,,2,,,,,,3,1,1,,,,,,,,,,,,,,1,,1,1,,1,,1,1,1,1,2,2,,2,1,,1,1,1,,2,1,1,2,2,2,2,2,,,,,,,,,,1,2,,,,,,,,,,,,,1,2
2024,"Viet Nam","VNM","East Asia & Pacific (excluding high income)",76663207,195212967,0.851457544672011,1,36,2,3,1,2,1,0,1,1,1,1,1,4,4,1,1,1,3,1,1,1,1,2,1,,1,1,1,2,,,,,,,,,,,,,,,,,,,,,,,,,1,,1,2,1,1,,2,2,,2,,1,2,2,2,1,,,,2,3,4,2,,,,1,1,1,,1,1,2,2,,2,,2,1,1,1,,,1,2,1,2,,,2,2,,2,2,,,,,,,,1,1,2,,,1,3,1,1,,,,,,,,,,,,,,1,,1,1,,1,,1,1,1,2,2,2,,1,1,,1,1,3,,1,1,1,1,1,2,2,2,,,,,,,,,,1,2,,,,,,,,,,,,,1,1
2024,"Viet Nam","VNM","East Asia & Pacific (excluding high income)",76663207,195218645,1.59833477637853,1,45,2,4,1,1,1,1,1,1,0,1,1,4,4,4,1,1,3,1,1,1,2,2,2,,1,1,1,2,,,,,,,,,,,,,,,,,,,,,,,,,1,,2,3,1,2,,1,2,,2,,2,,2,2,2,,,2,1,3,4,2,,,,1,1,2,,1,2,,2,,2,,2,1,1,1,,,1,2,1,1,,,2,2,,2,2,,,,,,,,2,,,,,,3,1,1,,,,,,,,,,,,,,1,,1,1,,1,,1,1,2,,2,2,,2,1,,1,1,3,,1,1,1,1,2,2,2,2,,,,,,,,,,1,2,,,,,,,,,,,,,1,2
2024,"Viet Nam","VNM","East Asia & Pacific (excluding high income)",76663207,195317884,1.28281898485076,2,68,2,1,2,1,0,0,0,0,1,0,4,4,4,3,0,2,3,0,2,,,,,,,,,,2,2,2,1,2,2,2,1,2,,,,,,,,,,,,,,,,2,,2,,,,2,2,2,,2,,1,,2,2,2,,,,2,2,2,2,,,,,,,,,,,2,,2,,2,1,2,2,,1,2,,,,,,,,,2,2,,,,,,,,1,2,2,2,2,2,4,0,1,,,,,,,,,,,,,,2,2,1,1,,2,,,2,2,,2,2,,2,2,2,,,,,,,,,,,,,1,2,2,1,2,2,2,1,8,1,2,,,,,,,,,,,,,2,
2024,"Viet Nam","VNM","East Asia & Pacific (excluding high income)",76663207,195350269,0.460598650775751,1,79,1,1,2,1,0,0,0,0,1,1,4,4,4,2,0,2,2,0,2,,,,,,,,,,2,2,2,2,2,2,1,2,2,,,,,,,,,,,,,,,,2,,2,,,,1,1,2,,2,,2,,2,2,1,,,2,2,1,4,1,1,1,,,,,,,,,2,,1,2,2,1,2,2,,1,2,,,,,,,,,2,2,,,,,,,,1,2,2,1,,2,1,0,1,,,,,,,,,,,,,,2,2,1,2,,2,,,2,2,,2,2,,2,2,2,,,,,,,,,,,,,1,1,2,1,2,1,2,1,8,1,2,,,,,,,,,,,,,1,2
2024,"Viet Nam","VNM","East Asia & Pacific (excluding high income)",76663207,195381422,1.18916713512795,2,44,2,4,1,1,1,1,1,1,0,1,1,4,4,4,1,1,3,1,1,1,1,2,1,,1,1,1,2,,,,,,,,,,,,,,,,,,,,,,,,,1,2,2,2,1,2,,2,2,,2,2,2,,2,2,2,,,2,2,2,3,2,,,,1,1,1,,1,1,3,2,,2,,2,1,1,1,,,1,2,1,2,,,1,2,,2,2,,,,,,,,2,,,,,,3,1,1,,,,,,,,,,,,,,1,,2,1,,1,,1,1,1,1,1,2,,2,1,,1,1,3,,2,1,1,1,2,2,2,2,,,,,,,,,,1,2,,,,,,,,,,,,,1,1
2024,"Viet Nam","VNM","East Asia & Pacific (excluding high income)",76663207,195489612,0.844260369502447,2,18,2,3,1,1,1,1,1,1,0,1,1,4,4,4,1,4,3,1,1,1,1,2,2,,1,1,1,2,,,,,,,,,,,,,,,,,,,,,,,,,1,,2,3,2,2,,2,2,,2,,2,,2,2,2,,,2,8,,5,2,,,,2,1,2,,1,2,,2,,2,,2,2,,,,,1,2,1,1,,,2,2,,2,2,,,,,,,,2,,,,,,3,1,1,,,,,,,,,,,,,,1,,1,1,,1,,1,1,2,,2,2,,2,1,,1,1,3,,1,1,1,1,2,2,2,2,,,,,,,,,,1,2,,,,,,,,,,,,,1,2
2024,"Viet Nam","VNM","East Asia & Pacific (excluding high income)",76663207,195653214,0.562840246334965,2,20,2,4,1,1,1,1,1,1,0,1,1,4,4,4,1,4,3,1,1,1,1,3,1,,1,1,1,2,,,,,,,,,,,,,,,,,,,,,,,,,1,2,2,2,1,2,,2,2,,2,2,2,,2,2,2,,,2,2,1,3,2,,,,1,1,1,,1,1,3,2,,2,,2,2,,,,,1,2,1,2,,,1,2,,2,2,,,,,,,,2,,,,,,7,1,1,,,,,,,,,,,,,,1,,2,1,,1,,1,1,1,1,2,2,,2,1,,1,1,3,,1,1,1,1,1,2,2,1,,,,,,,,,,1,2,,,,,,,,,,,,,1,1
2024,"Viet Nam","VNM","East Asia & Pacific (excluding high income)",76663207,195810050,0.614043927877089,1,16,2,2,2,1,0,0,0,0,0,0,4,4,4,4,0,4,3,0,2,,,,,,,,,,2,2,1,2,2,2,1,2,2,,,,,,,,,,,,,,,,2,2,2,,,,2,2,2,,2,2,2,,2,2,2,,,2,2,2,4,2,,,,2,2,,4,2,2,,2,,2,,2,2,,,,,2,,,,,,,,,2,2,,,,,,,,2,,,,,,3,1,1,,,,,,,,,,,,,,1,,2,1,,1,,1,4,1,1,2,2,,2,1,,1,1,3,,1,1,1,1,1,2,2,2,,,,,,,,,,1,2,,,,,,,,,,,,,1,2
2024,"Viet Nam","VNM","East Asia & Pacific (excluding high income)",76663207,195858326,2.13115919744732,2,40,2,1,1,1,1,1,1,1,1,1,4,4,4,4,1,1,3,1,1,1,1,2,2,,1,1,1,1,,,,,,,,,,,,,,,,,,,,,,,,,1,1,2,2,2,2,,2,2,,1,2,1,,1,1,2,2,,,3,2,3,1,1,1,2,2,1,2,,1,2,,2,,2,,2,1,1,1,,,2,,,,,,,,,2,2,,,,,,,,2,,,,,,2,1,1,,,,,,,,,,,,,,1,,1,1,,1,,1,1,1,1,2,2,,2,1,,1,1,3,,2,1,1,1,2,2,2,2,,,,,,,,,,1,2,,,,,,,,,,,,,1,1
2024,"Viet Nam","VNM","East Asia & Pacific (excluding high income)",76663207,195921548,0.682687792305242,2,37,2,3,1,1,1,0,1,1,0,1,1,4,4,4,1,4,1,1,1,1,1,2,1,,1,1,1,2,,,,,,,,,,,,,,,,,,,,,,,,,2,,2,,,,1,1,2,,2,,2,,2,2,2,,,2,3,2,3,1,1,2,2,2,1,2,,2,1,3,1,1,1,1,2,2,,,,,1,2,1,2,,,2,2,,2,2,,,,,,,,2,,,,,,3,1,1,,,,,,,,,,,,,,1,,1,1,,1,,1,1,2,,2,2,,2,1,,1,1,3,,1,1,1,1,2,2,2,2,,,,,,,,,,1,2,,,,,,,,,,,,,1,2
2024,"Viet Nam","VNM","East Asia & Pacific (excluding high income)",76663207,195928675,0.817350193492673,1,29,2,2,2,1,1,0,1,1,1,1,4,4,4,4,0,2,3,0,1,1,1,3,3,1,2,2,2,2,,,,,,,,,,,,,,,,,,,,,,,,,2,,1,,,,,2,2,,2,,1,1,1,2,2,,,,2,1,4,2,,,,2,2,,4,2,2,,2,,2,,2,1,2,2,,1,2,,,,,,,,,2,2,,,,,,,,2,,,,,,3,1,1,,,,,,,,,,,,,,1,,1,1,,1,,1,2,1,1,1,2,,2,1,,1,2,,1,2,2,1,1,2,2,2,2,,,,,,,,,,1,2,,,,,,,,,,,,,1,2
2024,"Viet Nam","VNM","East Asia & Pacific (excluding high income)",76663207,195966337,0.914744782024352,1,39,2,4,1,2,1,0,1,1,0,0,1,4,4,4,1,1,3,1,1,1,1,2,2,,1,1,1,2,,,,,,,,,,,,,,,,,,,,,,,,,2,,2,,,,2,2,2,,2,,2,,2,2,2,,,2,3,2,4,2,,,,2,1,3,,1,2,,2,,2,,2,1,1,1,,,1,2,1,2,,,2,2,,2,2,,,,,,,,2,,,,,,3,1,1,,,,,,,,,,,,,,1,,1,1,,1,,1,1,1,1,2,2,,2,1,,1,1,3,,1,1,1,2,2,2,2,2,,,,,,,,,,1,2,,,,,,,,,,,,,1,2
2024,"Viet Nam","VNM","East Asia & Pacific (excluding high income)",76663207,196159184,1.62381730216378,1,46,2,4,1,2,1,0,1,1,1,1,4,4,4,4,1,1,1,1,1,1,1,2,1,,1,1,1,2,,,,,,,,,,,,,,,,,,,,,,,,,2,,2,,,,1,2,2,,2,,1,,2,1,2,,,,1,3,4,2,,,,2,1,2,,1,1,3,2,,1,1,2,1,1,1,,,2,,,,,,,,,2,2,,,,,,,,2,,,,,,1,1,1,,,,,,,,,,,,,,1,,1,1,,1,,1,4,1,1,2,2,,2,1,,1,1,3,,1,1,1,1,1,2,1,2,,,,,,,,,,1,2,,,,,,,,,,,,,1,2
2024,"Viet Nam","VNM","East Asia & Pacific (excluding high income)",76663207,196328447,0.623957629778862,2,59,1,1,1,2,0,0,0,0,0,1,2,4,4,4,0,4,3,0,2,,,,,,,,,,2,2,1,2,2,2,2,2,2,,,,,,,,,,,,,,,,2,,2,,,,1,1,2,,2,,2,,2,2,2,,,2,1,1,4,1,1,1,,,,,,,,,2,,2,,2,2,,,,,1,2,2,2,1,,,,,2,2,,,,,,,,2,,,,,,1,1,1,,,,,,,,,,,,,,1,,1,1,,2,,,4,1,2,2,2,,2,1,,1,1,3,,2,2,1,1,2,2,2,2,,,,,,,,,,1,2,,,,,,,,,,,,,1,2
2024,"Viet Nam","VNM","East Asia & Pacific (excluding high income)",76663207,196379686,1.22602529023901,1,34,2,3,1,1,0,0,0,0,0,1,4,4,4,2,0,4,3,0,2,,,,,,,,,,2,2,2,1,2,2,2,1,2,,,,,,,,,,,,,,,,2,,2,,,,1,2,2,,2,,2,,2,2,2,,,2,2,2,1,2,,,,,,,,,,,2,,2,,2,2,,,,,2,,,,,,,,,2,2,,,,,,,,1,2,2,1,,1,1,1,1,,,,,,,,,,,,,,1,,1,1,,1,,1,1,1,1,2,2,,2,1,,1,1,3,,1,1,1,1,2,1,1,2,,,,,,,,,,1,2,,,,,,,,,,,,,1,1
2024,"Viet Nam","VNM","East Asia & Pacific (excluding high income)",76663207,196393134,0.566914340759009,1,35,2,3,1,1,1,1,1,1,1,1,1,4,4,4,1,2,1,1,2,1,1,3,1,,1,1,1,2,,,,,,,,,,,,,,,,,,,,,,,,,2,2,1,,,,,2,2,,2,2,1,2,2,2,2,,,,3,3,4,2,,,,2,1,2,,1,1,1,2,,1,1,2,1,2,2,,1,1,2,1,2,,,2,2,,2,2,,,,,,,,2,,,,,,3,1,1,,,,,,,,,,,,,,1,,2,1,,1,,2,4,1,1,2,2,,2,1,,1,1,3,,2,1,1,1,1,2,2,2,,,,,,,,,,1,2,,,,,,,,,,,,,1,2
2024,"Viet Nam","VNM","East Asia & Pacific (excluding high income)",76663207,196440593,0.856798461574,1,64,1,2,2,2,0,0,0,0,1,0,4,4,4,4,0,4,1,0,2,,,,,,,,,,2,2,2,2,2,2,1,1,2,,,,,,,,,,,,,,,,2,,2,,,,2,1,2,,2,,1,,2,2,2,,,,2,1,4,2,,,,,,,,,,,1,1,2,,2,2,,,,,2,,,,,,,,,2,2,,,,,,,,2,,,,,,4,0,1,,,,,,,,,,,,,,2,2,2,1,,2,,,1,2,,2,2,,2,2,2,,,,,,,,,,,,,1,2,2,1,2,2,2,1,4,1,2,,,,,,,,,,,,,2,
2024,"Viet Nam","VNM","East Asia & Pacific (excluding high income)",76663207,196587110,0.89187535134596,2,42,2,2,1,1,0,0,0,0,1,1,2,4,4,2,0,2,3,0,2,,,,,,,,,,2,2,2,2,2,2,2,1,3,,,,,,,,,,,,,,,,2,,2,,,,1,2,2,,2,,1,,2,2,2,,,,2,1,3,2,,,,,,,,,,,2,,2,,2,1,2,2,,1,1,2,2,2,1,,,,,2,2,,,,,,,,1,2,2,1,,2,4,1,1,,,,,,,,,,,,,,1,,1,1,,1,,1,1,1,1,2,2,,2,1,,1,2,,1,2,1,2,1,2,2,2,2,,,,,,,,,,1,2,,,,,,,,,,,,,1,1
2024,"Viet Nam","VNM","East Asia & Pacific (excluding high income)",76663207,196654236,2.07408525669406,2,28,3,5,1,2,1,1,1,1,1,1,1,4,4,4,1,1,1,1,1,1,1,1,1,,1,1,1,1,,,,,,,,,,,,,,,,,,,,,,,,,1,1,1,2,1,2,,1,2,,2,2,1,2,1,1,2,1,1,,2,2,3,1,2,2,2,1,1,1,,1,1,1,1,1,1,1,2,1,1,1,,,1,2,1,1,,,1,2,,2,2,,,,,,,,2,,,,,,3,1,1,,,,,,,,,,,,,,1,,1,1,,1,,1,1,1,1,2,2,,2,1,,1,1,1,,2,1,1,1,1,1,2,2,,,,,,,,,,1,2,,,,,,,,,,,,,2,
2024,"Viet Nam","VNM","East Asia & Pacific (excluding high income)",76663207,196768127,1.15900337769161,1,44,2,3,1,1,1,1,1,1,0,1,1,4,4,4,1,2,3,1,1,1,1,2,2,,1,1,1,2,,,,,,,,,,,,,,,,,,,,,,,,,1,2,2,2,2,1,,2,2,,2,2,2,,2,2,2,,,2,3,3,3,2,,,,1,1,2,,1,1,2,2,,2,,2,1,2,2,,1,1,2,1,1,,,2,2,,2,2,,,,,,,,2,,,,,,4,1,1,,,,,,,,,,,,,,1,,1,1,,1,,1,1,1,1,2,2,,2,1,,1,1,3,,2,1,1,1,2,1,2,2,,,,,,,,,,1,2,,,,,,,,,,,,,1,2
2024,"Viet Nam","VNM","East Asia & Pacific (excluding high income)",76663207,196932968,1.6377011402651,1,24,3,5,1,2,1,1,1,1,1,1,1,4,4,4,1,4,3,1,1,1,2,2,1,,1,1,1,2,,,,,,,,,,,,,,,,,,,,,,,,,1,2,2,3,1,2,,2,2,,2,2,1,,2,2,2,,,,3,3,5,2,,,,1,1,2,,2,1,3,2,,2,,2,2,,,,,1,2,1,2,,,2,2,,2,2,,,,,,,,2,,,,,,3,1,1,,,,,,,,,,,,,,1,,1,1,,1,,1,4,1,1,2,2,,2,1,,1,1,3,,1,1,1,1,1,1,2,2,,,,,,,,,,1,2,,,,,,,,,,,,,2,
2024,"Viet Nam","VNM","East Asia & Pacific (excluding high income)",76663207,196968299,0.615589080663334,1,31,1,1,2,1,0,0,0,0,0,0,4,4,4,4,0,2,3,0,2,,,,,,,,,,2,2,2,2,2,2,2,2,2,,,,,,,,,,,,,,,,2,,2,,,,2,2,2,,2,,2,,2,2,2,,,2,1,2,3,2,,,,,,,,,,,2,,2,,2,1,2,2,,1,2,,,,,,,,,2,2,,,,,,,,2,,,,,,4,1,1,,,,,,,,,,,,,,1,,1,1,,2,,,4,1,1,2,2,,2,1,,1,2,,1,1,1,1,2,2,2,2,2,,,,,,,,,,1,2,,,,,,,,,,,,,1,2
2024,"Viet Nam","VNM","East Asia & Pacific (excluding high income)",76663207,197110083,0.68496104242301,2,18,2,5,1,2,1,0,1,1,0,1,1,4,4,4,1,4,3,1,2,1,2,3,1,,1,1,1,2,,,,,,,,,,,,,,,,,,,,,,,,,1,,2,3,1,2,,2,2,,2,,2,,2,2,2,,,2,8,,4,2,,,,1,1,1,,2,1,3,2,,2,,2,2,,,,,1,2,1,2,,,1,2,,2,2,,,,,,,,2,,,,,,8,1,1,,,,,,,,,,,,,,1,,2,1,,1,,1,1,1,1,1,1,2,2,1,,1,1,3,,1,1,1,1,1,2,2,2,,,,,,,,,,1,2,,,,,,,,,,,,,1,2
2024,"Viet Nam","VNM","East Asia & Pacific (excluding high income)",76663207,197145574,0.665849169027103,1,31,2,4,2,2,1,1,1,1,0,0,1,4,4,4,1,2,1,1,1,1,1,4,4,1,1,1,1,2,,,,,,,,,,,,,,,,,,,,,,,,,2,2,2,,,,2,2,2,,2,2,2,,2,2,2,,,2,3,1,3,2,,,,1,1,2,,1,1,3,1,1,1,1,1,1,2,2,,1,1,2,2,1,,,2,2,,2,2,,,,,,,,2,,,,,,4,1,1,,,,,,,,,,,,,,1,,1,1,,1,,1,1,1,2,2,2,,2,1,,1,1,3,,1,1,1,1,1,2,1,2,,,,,,,,,,1,2,,,,,,,,,,,,,2,
2024,"Viet Nam","VNM","East Asia & Pacific (excluding high income)",76663207,197181584,1.16795771622292,2,47,2,1,1,1,0,0,0,0,0,0,2,4,4,4,0,2,3,0,2,,,,,,,,,,2,2,2,2,2,2,1,2,2,,,,,,,,,,,,,,,,2,,2,,,,2,2,2,,2,,2,,2,2,2,,,2,2,3,2,2,,,,,,,,,,,2,,2,,2,1,2,2,,1,1,2,2,2,1,,,,,2,2,,,,,,,,2,,,,,,4,0,1,,,,,,,,,,,,,,2,2,1,4,1,2,,,4,2,,2,2,,2,2,2,,,,,,,,,,,,,2,2,2,2,2,2,2,2,,1,2,,,,,,,,,,,,,2,
2024,"Viet Nam","VNM","East Asia & Pacific (excluding high income)",76663207,197246089,0.934782226370782,1,17,2,4,2,1,1,1,1,1,0,1,4,4,4,4,1,4,3,1,1,1,2,3,1,,1,1,1,2,,,,,,,,,,,,,,,,,,,,,,,,,1,1,2,3,1,2,,2,2,,2,2,2,,2,2,2,,,2,2,1,5,2,,,,2,1,1,,2,1,3,2,,2,,2,2,,,,,2,,,,,,,,,2,2,,,,,,,,2,,,,,,3,1,1,,,,,,,,,,,,,,1,,2,1,,1,,1,1,1,1,1,2,,2,1,,1,1,3,,1,1,1,1,1,2,2,2,,,,,,,,,,1,2,,,,,,,,,,,,,1,2
2024,"Viet Nam","VNM","East Asia & Pacific (excluding high income)",76663207,198067202,0.318815653569191,2,37,1,2,1,1,1,0,1,1,0,1,4,4,4,4,0,4,2,0,1,1,2,3,3,1,2,1,1,2,,,,,,,,,,,,,,,,,,,,,,,,,1,,2,3,2,2,,2,2,,2,,2,,2,2,2,,,2,3,2,3,2,,,,2,2,,1,2,2,,1,2,1,2,2,2,,,,,2,,,,,,,,,2,2,,,,,,,,2,,,,,,4,1,1,,,,,,,,,,,,,,1,,1,1,,1,,1,2,1,1,2,2,,2,1,,1,2,,1,2,1,1,1,2,2,2,2,,,,,,,,,,1,2,,,,,,,,,,,,,1,1
2024,"Viet Nam","VNM","East Asia & Pacific (excluding high income)",76663207,198151052,1.37593419370532,1,64,2,1,1,2,0,0,0,0,0,1,2,4,4,4,0,2,3,0,2,,,,,,,,,,2,2,2,2,2,2,1,2,2,,,,,,,,,,,,,,,,2,,2,,,,1,1,2,,2,,2,,2,2,2,,,2,1,1,4,2,,,,,,,,,,,2,,2,,2,1,2,2,,1,1,2,2,2,1,,,,,2,2,,,,,,,,2,,,,,,1,0,1,,,,,,,,,,,,,,2,2,1,1,,2,,,4,1,2,2,2,,2,2,2,,,,,,,,,,,,,1,2,2,1,2,2,1,1,4,1,2,,,,,,,,,,,,,1,2
2024,"Viet Nam","VNM","East Asia & Pacific (excluding high income)",76663207,198282763,1.357735479054,2,44,2,3,1,1,1,1,1,1,0,0,1,4,4,4,1,4,3,1,1,1,2,2,2,,1,1,1,2,,,,,,,,,,,,,,,,,,,,,,,,,2,,2,,,,2,2,2,,2,,2,,2,2,2,,,2,2,2,3,2,,,,2,1,2,,1,2,,2,,2,,2,2,,,,,1,2,1,1,,,1,2,,2,2,,,,,,,,2,,,,,,3,1,1,,,,,,,,,,,,,,1,,1,1,,1,,1,1,2,,2,2,,2,1,,1,1,3,,1,2,1,1,2,2,2,2,,,,,,,,,,1,2,,,,,,,,,,,,,1,2
2024,"Viet Nam","VNM","East Asia & Pacific (excluding high income)",76663207,198487350,0.566914340759009,1,35,2,4,1,1,1,1,1,1,1,1,1,4,4,4,1,1,3,1,1,2,1,2,2,,1,1,1,2,,,,,,,,,,,,,,,,,,,,,,,,,1,2,2,2,1,2,,2,2,,2,2,1,,2,2,2,,,,2,2,2,2,,,,2,1,3,,1,1,3,2,,2,,2,1,1,1,,,1,2,1,2,,,2,2,,2,2,,,,,,,,2,,,,,,1,1,1,,,,,,,,,,,,,,1,,1,1,,1,,1,1,1,1,2,2,,2,1,,1,1,3,,1,1,1,1,2,2,2,2,,,,,,,,,,1,2,,,,,,,,,,,,,2,
2024,"Viet Nam","VNM","East Asia & Pacific (excluding high income)",76663207,198604101,1.02533950832067,2,36,2,3,1,1,1,0,1,1,1,0,1,4,4,4,1,1,3,1,1,1,1,2,1,,1,1,1,2,,,,,,,,,,,,,,,,,,,,,,,,,2,,2,,,,2,2,2,,2,,1,,2,2,2,,,,2,2,4,2,,,,1,1,1,,1,1,3,2,,2,,2,1,1,1,,,1,2,1,2,,,2,2,,2,2,,,,,,,,2,,,,,,3,1,1,,,,,,,,,,,,,,1,,1,1,,1,,1,4,1,2,2,2,,2,1,,1,1,3,,1,2,1,1,1,2,2,2,,,,,,,,,,1,1,,,,,,,,,,,,,1,1
2024,"Viet Nam","VNM","East Asia & Pacific (excluding high income)",76663207,198673484,0.801826777926979,2,29,2,3,1,2,1,1,1,1,0,1,4,4,4,4,1,4,3,1,1,1,1,2,2,,1,1,1,2,,,,,,,,,,,,,,,,,,,,,,,,,1,2,2,2,1,2,,2,2,,2,2,2,,2,2,2,,,2,1,3,4,2,,,,2,1,1,,1,1,3,2,,2,,2,2,,,,,2,,,,,,,,,2,2,,,,,,,,2,,,,,,3,1,1,,,,,,,,,,,,,,1,,1,1,,1,,1,1,1,1,2,2,,2,2,1,3,1,3,,1,1,1,1,1,1,2,2,,,,,,,,,,1,2,,,,,,,,,,,,,1,2
2024,"Viet Nam","VNM","East Asia & Pacific (excluding high income)",76663207,198787644,0.571198974382667,1,60,1,1,1,1,1,1,1,1,1,1,1,1,4,3,0,4,3,1,1,1,2,2,2,,1,1,2,2,,,,,,,,,,,,,,,,,,,,,,,,,1,,2,2,1,2,,2,2,,2,,1,,2,1,2,,,,5,2,2,2,,,,1,2,,4,1,2,,2,,2,,2,2,,,,,1,2,2,1,,,2,2,,1,2,2,1,,,2,2,,1,2,2,2,2,1,4,1,1,,,,,,,,,,,,,,1,,2,1,,1,,2,1,2,,2,2,,2,2,1,2,2,,1,2,1,1,2,2,2,2,2,,,,,,,,,,1,2,,,,,,,,,,,,,1,1
2024,"Viet Nam","VNM","East Asia & Pacific (excluding high income)",76663207,198815966,1.13021543957064,1,33,3,4,1,1,1,0,1,1,1,1,4,4,4,4,1,1,1,1,1,1,2,1,1,,1,1,1,1,,,,,,,,,,,,,,,,,,,,,,,,,1,,2,3,1,2,,1,2,,1,,2,,2,1,2,1,1,,4,3,4,2,,,,1,1,2,,1,1,3,2,,1,1,2,1,1,1,,,2,,,,,,,,,2,2,,,,,,,,2,,,,,,3,1,1,,,,,,,,,,,,,,1,,1,1,,1,,1,1,1,1,2,2,,2,1,,1,1,3,,1,1,1,1,2,1,2,2,,,,,,,,,,1,2,,,,,,,,,,,,,1,2
2024,"Viet Nam","VNM","East Asia & Pacific (excluding high income)",76663207,199190882,0.78924372962678,2,33,2,4,1,1,1,0,1,1,1,1,4,4,4,4,1,4,3,1,1,1,1,1,1,,1,1,1,2,,,,,,,,,,,,,,,,,,,,,,,,,2,,1,,,,,2,2,,2,,1,2,2,2,2,,,,3,3,4,2,,,,1,1,1,,1,1,3,2,,2,,2,2,,,,,2,,,,,,,,,2,2,,,,,,,,2,,,,,,3,1,1,,,,,,,,,,,,,,1,,1,1,,1,,1,1,1,1,2,2,,2,1,,1,1,3,,1,1,1,1,2,2,2,2,,,,,,,,,,1,2,,,,,,,,,,,,,1,2
2024,"Viet Nam","VNM","East Asia & Pacific (excluding high income)",76663207,199221378,1.12568049266993,2,24,2,1,1,1,0,0,0,0,1,0,2,4,4,4,0,4,3,0,2,,,,,,,,,,2,2,2,2,2,2,2,1,2,,,,,,,,,,,,,,,,2,,2,,,,2,2,2,,2,,1,,2,2,2,,,,2,1,5,2,,,,,,,,,,,2,,2,,2,2,,,,,1,2,2,2,1,,,,,2,2,,,,,,,,2,,,,,,3,1,1,,,,,,,,,,,,,,1,,1,1,,1,,1,4,1,1,2,2,,2,1,,1,1,1,,1,1,1,2,2,2,2,2,,,,,,,,,,1,2,,,,,,,,,,,,,1,2
2024,"Viet Nam","VNM","East Asia & Pacific (excluding high income)",76663207,199225048,1.46643727591219,1,39,3,5,1,1,1,1,1,1,1,1,4,4,4,4,1,1,3,1,1,1,2,2,2,,1,1,1,2,,,,,,,,,,,,,,,,,,,,,,,,,1,1,2,2,1,1,,1,2,,2,2,1,,2,1,2,,,,2,3,4,1,1,2,2,1,1,1,,1,2,,2,,2,,2,1,2,1,,,2,,,,,,,,,2,2,,,,,,,,2,,,,,,2,1,1,,,,,,,,,,,,,,1,,2,1,,1,,1,2,1,1,2,2,,2,1,,1,1,3,,2,1,1,1,1,2,2,2,,,,,,,,,,1,2,,,,,,,,,,,,,1,2
2024,"Viet Nam","VNM","East Asia & Pacific (excluding high income)",76663207,199588749,0.257628905747886,1,38,1,4,1,1,1,0,1,0,0,0,4,4,4,4,0,2,3,0,1,2,2,4,3,2,2,2,2,2,,,,,,,,,,,,,,,,,,,,,,,,,2,,2,,,,2,1,2,,2,,2,,2,2,2,,,2,5,2,2,2,,,,2,2,,4,2,2,,2,,2,,2,1,2,2,,1,2,,,,,,,,,2,2,,,,,,,,2,,,,,,3,1,1,,,,,,,,,,,,,,1,,1,1,,1,,1,1,2,,2,1,2,2,1,,1,2,,1,1,2,1,2,2,2,2,2,,,,,,,,,,1,2,,,,,,,,,,,,,2,
2024,"Viet Nam","VNM","East Asia & Pacific (excluding high income)",76663207,199617964,0.684171769750003,1,37,2,2,1,1,1,0,1,1,0,1,2,4,4,2,1,1,3,1,1,1,2,2,2,,1,1,1,2,,,,,,,,,,,,,,,,,,,,,,,,,1,,2,3,1,1,,2,2,,2,,2,,2,2,2,,,2,3,2,4,2,,,,2,1,2,,1,1,2,2,,2,,2,1,1,1,,,1,2,2,2,1,,,,,2,2,,,,,,,,1,2,2,1,,1,3,1,1,,,,,,,,,,,,,,1,,1,1,,1,,1,1,1,1,2,2,,2,1,,1,1,3,,1,1,1,1,2,1,1,2,,,,,,,,,,1,2,,,,,,,,,,,,,1,2
2024,"Viet Nam","VNM","East Asia & Pacific (excluding high income)",76663207,199633784,2.41407228289511,1,45,3,5,1,2,1,0,1,1,1,1,1,4,4,4,1,1,3,1,1,1,1,2,2,,1,2,1,2,,,,,,,,,,,,,,,,,,,,,,,,,1,,2,2,1,1,,2,2,,2,,1,,2,2,2,,,,1,3,4,2,,,,1,1,1,,1,1,3,2,,2,,2,1,1,1,,,1,2,1,2,,,2,2,,2,2,,,,,,,,2,,,,,,3,1,1,,,,,,,,,,,,,,1,,1,1,,1,,1,1,1,1,2,2,,1,1,,1,1,3,,1,1,1,1,2,2,2,2,,,,,,,,,,1,2,,,,,,,,,,,,,1,1
2024,"Viet Nam","VNM","East Asia & Pacific (excluding high income)",76663207,199757390,0.818725237169452,1,18,2,3,1,1,1,1,1,1,0,1,1,4,4,4,1,4,3,1,1,1,2,2,1,,1,1,1,2,,,,,,,,,,,,,,,,,,,,,,,,,1,1,2,2,1,2,,2,2,,2,2,2,,2,2,2,,,2,2,2,4,2,,,,1,1,1,,1,1,3,2,,2,,2,2,,,,,1,2,1,2,,,1,2,,2,2,,,,,,,,2,,,,,,3,1,1,,,,,,,,,,,,,,1,,2,1,,1,,1,1,1,1,2,2,,2,1,,1,1,3,,1,1,1,1,1,2,2,2,,,,,,,,,,1,2,,,,,,,,,,,,,1,1
2024,"Viet Nam","VNM","East Asia & Pacific (excluding high income)",76663207,199878751,0.949685619914565,1,15,2,4,2,2,0,0,0,0,0,0,4,4,4,4,0,4,3,0,2,,,,,,,,,,2,2,1,2,2,2,2,1,2,,,,,,,,,,,,,,,,2,,2,,,,2,2,2,,2,,2,,2,2,2,,,2,2,3,3,2,,,,,,,,,,,2,,2,,2,2,,,,,2,,,,,,,,,2,2,,,,,,,,2,,,,,,4,1,1,,,,,,,,,,,,,,1,,1,1,,1,,1,1,1,1,2,2,,2,1,,1,2,,2,2,1,1,1,2,2,2,2,,,,,,,,,,1,2,,,,,,,,,,,,,2,
2024,"Viet Nam","VNM","East Asia & Pacific (excluding high income)",76663207,200086594,1.22312239823473,1,72,2,1,1,2,0,0,0,0,0,0,4,4,4,2,0,4,3,0,2,,,,,,,,,,2,2,2,2,2,2,2,2,1,,,,,,,,,,,,,,,,2,,2,,,,2,2,2,,2,,2,,2,2,2,,,2,2,1,2,2,,,,,,,,,,,2,,2,,2,2,,,,,2,,,,,,,,,2,2,,,,,,,,1,2,2,1,,2,3,0,1,,,,,,,,,,,,,,2,2,1,2,,2,,,2,2,,2,2,,2,2,2,,,,,,,,,,,,,1,1,2,1,2,2,2,1,8,1,2,,,,,,,,,,,,,1,2
2024,"Viet Nam","VNM","East Asia & Pacific (excluding high income)",76663207,200122048,1.538009262481,2,41,2,5,1,1,1,0,1,1,1,1,1,4,4,4,1,4,3,1,1,1,1,2,2,,1,2,1,2,,,,,,,,,,,,,,,,,,,,,,,,,1,,2,3,1,1,,2,2,,2,,1,,2,2,2,,,,2,3,4,1,2,2,2,2,1,1,,2,1,3,2,,2,,2,2,,,,,1,2,1,2,,,2,2,,2,2,,,,,,,,2,,,,,,3,1,1,,,,,,,,,,,,,,1,,1,1,,1,,1,2,1,2,2,2,,2,1,,1,1,3,,1,1,1,1,1,2,2,2,,,,,,,,,,1,2,,,,,,,,,,,,,1,1
2024,"Viet Nam","VNM","East Asia & Pacific (excluding high income)",76663207,200127540,0.594583567563974,2,40,2,3,1,1,1,0,1,1,1,1,2,4,4,4,1,2,3,0,1,2,1,2,2,,1,1,2,2,,,,,,,,,,,,,,,,,,,,,,,,,1,,2,3,3,2,,2,2,,2,,1,,2,2,2,,,,3,2,3,2,,,,2,1,3,,2,2,,2,,2,,2,1,2,2,,1,1,2,2,2,1,,,,,2,2,,,,,,,,2,,,,,,4,1,1,,,,,,,,,,,,,,1,,1,1,,1,,1,1,1,1,2,2,,2,1,,1,2,,1,1,2,2,1,2,2,2,2,,,,,,,,,,1,2,,,,,,,,,,,,,1,2
2024,"Viet Nam","VNM","East Asia & Pacific (excluding high income)",76663207,200174120,1.08174302991671,2,28,2,3,1,1,1,1,1,1,1,1,1,4,4,4,1,2,3,1,1,1,1,1,1,,1,1,1,2,,,,,,,,,,,,,,,,,,,,,,,,,1,2,2,3,2,2,,2,2,,2,2,2,,2,2,1,,,2,3,2,4,2,,,,2,1,2,,2,1,1,2,,2,,2,1,2,2,,1,1,2,1,2,,,1,2,,2,2,,,,,,,,2,,,,,,5,1,1,,,,,,,,,,,,,,1,,1,1,,1,,1,1,1,1,2,2,,2,1,,1,2,,1,1,1,1,1,1,2,2,2,,,,,,,,,,1,2,,,,,,,,,,,,,1,1
2024,"Viet Nam","VNM","East Asia & Pacific (excluding high income)",76663207,200255076,0.257157228928712,1,48,1,3,1,1,1,0,1,0,0,1,1,4,4,4,0,4,3,1,1,2,1,2,2,,1,1,2,2,,,,,,,,,,,,,,,,,,,,,,,,,1,,2,2,2,1,,2,2,,2,,2,,2,2,2,,,2,1,2,3,2,,,,2,2,,4,2,2,,2,,2,,2,2,,,,,1,2,1,2,,,2,2,,2,2,,,,,,,,2,,,,,,1,1,1,,,,,,,,,,,,,,2,2,1,1,,2,,,8,2,,2,2,,2,1,,1,2,,1,2,2,2,2,2,2,2,2,2,2,2,1,2,2,1,1,4,1,2,,,,,,,,,,,,,2,
2024,"Viet Nam","VNM","East Asia & Pacific (excluding high income)",76663207,200262524,0.582884053402479,1,18,2,5,2,1,1,0,1,1,1,1,4,4,4,4,1,4,3,1,1,2,1,2,1,,1,2,1,2,,,,,,,,,,,,,,,,,,,,,,,,,1,2,1,2,1,2,,1,1,2,1,2,1,1,2,1,2,,,,1,2,1,2,,,,2,1,2,,1,2,,2,,2,,2,2,,,,,2,,,,,,,,,2,2,,,,,,,,2,,,,,,5,1,1,,,,,,,,,,,,,,1,,1,1,,1,,1,1,2,,2,1,2,2,1,,1,1,4,,2,2,1,2,1,1,1,2,,,,,,,,,,1,2,,,,,,,,,,,,,1,1
2024,"Viet Nam","VNM","East Asia & Pacific (excluding high income)",76663207,200274991,0.4888570324562,2,54,2,4,1,2,0,0,0,0,0,0,2,4,4,4,0,4,3,0,2,,,,,,,,,,2,2,2,2,2,2,2,2,2,,,,,,,,,,,,,,,,2,,2,,,,2,1,2,,2,,2,,2,2,2,,,2,6,2,2,2,,,,,,,,,,,2,,2,,2,2,,,,,1,2,2,2,1,,,,,2,2,,,,,,,,2,,,,,,4,0,1,,,,,,,,,,,,,,2,2,2,1,,2,,,3,2,,2,2,,2,2,2,,,,,,,,,,,,,1,1,2,1,2,2,2,1,1,1,2,,,,,,,,,,,,,2,
2024,"Viet Nam","VNM","East Asia & Pacific (excluding high income)",76663207,200625693,0.68496104242301,2,18,2,1,2,2,0,0,0,0,0,0,4,4,4,4,0,4,3,0,2,,,,,,,,,,2,2,2,2,2,2,1,1,2,,,,,,,,,,,,,,,,2,,2,,,,2,2,2,,2,,2,,2,2,2,,,2,2,1,3,2,,,,,,,,,,,2,,2,,2,2,,,,,2,,,,,,,,,2,2,,,,,,,,2,,,,,,5,1,2,1,1,2,2,1,2,1,5,1,2,2,1,,,,,,,,,,,,,,,,,1,,1,2,,1,2,1,1,2,1,2,2,2,,,,,,,,,,1,2,,,,,,,,,,,,,2,
2024,"Viet Nam","VNM","East Asia & Pacific (excluding high income)",76663207,200640111,1.08174302991671,2,29,2,5,1,1,1,0,1,1,0,0,1,4,4,4,1,1,3,1,1,1,1,2,2,,1,1,1,2,,,,,,,,,,,,,,,,,,,,,,,,,2,,2,,,,2,2,2,,2,,2,,2,2,2,,,2,3,3,4,2,,,,2,1,2,,1,2,,2,,2,,2,1,1,1,,,1,2,1,2,,,2,2,,2,2,,,,,,,,2,,,,,,3,1,1,,,,,,,,,,,,,,1,,1,1,,1,,1,1,1,1,2,2,,2,1,,1,1,3,,1,1,1,1,2,2,2,2,,,,,,,,,,1,2,,,,,,,,,,,,,2,
2024,"Viet Nam","VNM","East Asia & Pacific (excluding high income)",76663207,200725960,1.82658282834075,2,67,2,2,1,1,0,0,0,0,0,0,4,4,4,2,0,2,2,0,2,,,,,,,,,,2,2,2,2,2,2,2,2,2,,,,,,,,,,,,,,,,2,,2,,,,2,2,2,,2,,2,,2,2,2,,,2,2,3,3,2,,,,,,,,,,,2,,1,2,2,1,2,2,,1,2,,,,,,,,,2,2,,,,,,,,1,2,2,1,,2,4,1,1,,,,,,,,,,,,,,1,,1,1,,2,,,8,2,,2,2,,2,1,,1,1,3,,2,2,1,2,2,2,2,2,,,,,,,,,,1,2,,,,,,,,,,,,,3,
2024,"Viet Nam","VNM","East Asia & Pacific (excluding high income)",76663207,200761354,0.793115467969281,1,20,2,2,2,1,1,1,1,1,0,1,4,4,4,4,1,4,2,1,2,1,2,2,1,,1,1,1,2,,,,,,,,,,,,,,,,,,,,,,,,,2,2,2,,,,1,2,2,,2,2,2,,2,2,2,,,2,2,2,4,2,,,,1,1,1,,1,1,1,2,,1,2,2,2,,,,,2,,,,,,,,,2,2,,,,,,,,2,,,,,,5,1,1,,,,,,,,,,,,,,1,,1,1,,1,,1,1,1,1,2,2,,2,1,,1,2,,1,1,1,1,1,1,2,2,2,,,,,,,,,,1,2,,,,,,,,,,,,,1,2
2024,"Viet Nam","VNM","East Asia & Pacific (excluding high income)",76663207,200808813,1.14362741005191,2,18,2,2,2,2,0,0,0,0,1,0,2,4,4,4,0,4,3,0,2,,,,,,,,,,2,1,1,2,2,2,2,2,2,,,,,,,,,,,,,,,,2,,2,,,,2,2,2,,2,,1,,2,2,2,,,,3,2,3,2,,,,,,,,,,,2,,2,,2,2,,,,,1,2,2,2,1,,,,,2,2,,,,,,,,2,,,,,,4,1,1,,,,,,,,,,,,,,1,,1,1,,1,,1,1,1,1,2,2,,2,1,,1,1,3,,1,1,1,1,2,2,2,2,,,,,,,,,,1,2,,,,,,,,,,,,,1,1
2024,"Viet Nam","VNM","East Asia & Pacific (excluding high income)",76663207,200864415,0.571198974382667,1,57,1,1,1,1,0,0,0,0,1,0,2,4,4,4,0,2,2,0,2,,,,,,,,,,2,2,2,1,2,2,2,1,2,,,,,,,,,,,,,,,,2,,2,,,,2,2,2,,2,,1,,2,2,1,,,,2,1,1,2,,,,,,,,,,,2,,1,2,2,1,2,2,,1,1,2,2,2,1,,,,,2,2,,,,,,,,2,,,,,,4,0,1,,,,,,,,,,,,,,2,2,1,1,,2,,,8,2,,2,2,,2,2,2,,,,,,,,,,,,,1,2,2,1,2,2,1,2,4,1,2,,,,,,,,,,,,,1,2
2024,"Viet Nam","VNM","East Asia & Pacific (excluding high income)",76663207,201035314,0.960914341072555,1,16,2,4,1,1,0,0,0,0,0,0,4,4,4,4,0,4,3,0,2,,,,,,,,,,2,2,1,1,2,2,2,1,2,,,,,,,,,,,,,,,,2,,2,,,,2,2,2,,2,,2,,2,2,2,,,2,2,1,3,2,,,,,,,,,,,2,,2,,2,2,,,,,2,,,,,,,,,2,2,,,,,,,,2,,,,,,4,1,1,,,,,,,,,,,,,,1,,1,1,,1,,1,1,1,1,2,2,,2,1,,1,1,3,,1,1,1,1,1,2,2,2,,,,,,,,,,1,2,,,,,,,,,,,,,1,2
2024,"Viet Nam","VNM","East Asia & Pacific (excluding high income)",76663207,201076241,0.846616823847742,2,40,2,2,1,1,1,0,1,1,1,1,4,4,4,1,0,2,2,1,1,1,2,3,3,1,1,1,1,2,,,,,,,,,,,,,,,,,,,,,,,,,1,,2,3,2,1,,2,2,,2,,1,,2,2,2,,,,2,2,2,2,,,,2,2,,4,2,2,,1,2,1,2,2,1,2,2,,1,2,,,,,,,,,2,2,,,,,,,,1,1,2,,,1,3,1,1,,,,,,,,,,,,,,1,,1,1,,1,,1,2,1,2,2,2,,2,1,,1,2,,1,1,2,1,1,2,2,1,2,,,,,,,,,,1,2,,,,,,,,,,,,,1,2
2024,"Viet Nam","VNM","East Asia & Pacific (excluding high income)",76663207,201203079,1.47911046103519,2,23,3,5,1,2,1,1,1,1,1,1,1,4,4,4,1,1,3,1,1,1,2,2,1,,1,1,1,2,,,,,,,,,,,,,,,,,,,,,,,,,1,2,2,2,1,1,,2,1,1,1,2,2,,2,2,2,,,,2,1,2,2,,,,2,1,2,,1,1,2,2,,2,,2,1,2,1,,,1,2,1,1,,,2,2,,2,2,,,,,,,,2,,,,,,4,1,1,,,,,,,,,,,,,,1,,1,1,,1,,1,1,1,1,2,2,,2,1,,1,1,3,,1,1,1,1,2,1,2,2,,,,,,,,,,1,1,,,,,,,,,,,,,1,2
2024,"Viet Nam","VNM","East Asia & Pacific (excluding high income)",76663207,201208498,1.20274016689047,2,30,2,1,1,2,1,1,1,1,0,0,1,4,4,4,0,4,3,1,1,1,1,2,2,,2,1,1,2,,,,,,,,,,,,,,,,,,,,,,,,,2,,2,,,,2,2,2,,2,,2,,2,2,2,,,2,6,3,4,2,,,,2,2,,4,2,2,,2,,2,,2,2,,,,,1,2,1,1,,,2,1,,2,2,,,,,,,,2,,,,,,4,1,1,,,,,,,,,,,,,,1,,1,1,,2,,,3,1,1,2,2,,2,1,,1,2,,1,1,1,1,2,2,2,2,2,,,,,,,,,,1,2,,,,,,,,,,,,,1,1
2024,"Viet Nam","VNM","East Asia & Pacific (excluding high income)",76663207,201215019,2.96091873755317,2,67,2,2,1,1,0,0,0,0,1,1,4,4,4,2,0,2,2,0,2,,,,,,,,,,2,2,1,2,2,2,2,2,2,,,,,,,,,,,,,,,,2,,1,,,,,2,2,,2,,1,1,2,2,2,,,,2,3,4,2,,,,,,,,,,,1,2,1,2,2,1,2,2,,1,2,,,,,,,,,2,2,,,,,,,,1,2,2,1,,2,3,1,1,,,,,,,,,,,,,,1,,1,1,,1,,2,8,2,,2,2,,2,1,,1,2,,1,2,1,1,1,1,2,2,2,,,,,,,,,,1,2,,,,,,,,,,,,,2,
2024,"Viet Nam","VNM","East Asia & Pacific (excluding high income)",76663207,201491731,0.739442034469629,2,18,2,3,2,1,1,0,1,1,0,1,4,4,4,4,0,4,3,0,1,1,2,3,2,,1,1,1,2,,,,,,,,,,,,,,,,,,,,,,,,,1,,2,3,2,2,,2,2,,2,,2,,2,2,2,,,2,2,1,5,2,,,,2,2,,4,2,2,,2,,2,,2,2,,,,,2,,,,,,,,,2,2,,,,,,,,2,,,,,,4,1,1,,,,,,,,,,,,,,1,,1,1,,1,,1,4,1,2,2,2,,2,1,,1,1,3,,1,1,1,1,2,1,2,2,,,,,,,,,,1,2,,,,,,,,,,,,,2,
2024,"Viet Nam","VNM","East Asia & Pacific (excluding high income)",76663207,201549411,1.04992129339089,1,50,2,4,1,1,1,1,1,1,0,1,1,4,4,4,1,1,3,1,1,1,1,2,1,,1,1,1,2,,,,,,,,,,,,,,,,,,,,,,,,,1,2,2,2,1,2,,1,2,,2,2,2,,2,2,2,,,2,2,2,4,1,2,2,2,1,1,1,,1,1,3,2,,2,,2,1,1,1,,,1,2,1,2,,,1,2,,2,2,,,,,,,,2,,,,,,3,1,1,,,,,,,,,,,,,,1,,1,1,,1,,1,1,1,1,2,2,,1,1,,1,1,1,,2,1,1,1,2,2,2,2,,,,,,,,,,1,2,,,,,,,,,,,,,1,1
2024,"Viet Nam","VNM","East Asia & Pacific (excluding high income)",76663207,201644666,0.289202886692418,2,40,1,4,1,2,1,1,1,1,1,1,1,4,4,4,1,1,1,1,1,1,1,2,2,,1,1,1,2,,,,,,,,,,,,,,,,,,,,,,,,,1,,2,2,2,1,,2,2,,2,,1,,2,2,2,,,,3,3,2,2,,,,1,1,1,,1,1,3,1,1,1,1,2,1,1,1,,,1,2,1,1,,,2,2,,2,2,,,,,,,,2,,,,,,4,1,1,,,,,,,,,,,,,,1,,1,1,,1,,1,1,1,1,2,2,,2,1,,1,1,3,,1,1,1,1,2,2,1,2,,,,,,,,,,1,2,,,,,,,,,,,,,2,
2024,"Viet Nam","VNM","East Asia & Pacific (excluding high income)",76663207,201793896,0.329544005870197,1,33,2,5,1,1,1,1,1,1,1,1,1,4,4,4,1,2,1,1,1,1,1,2,1,,1,1,1,2,,,,,,,,,,,,,,,,,,,,,,,,,1,2,1,2,1,1,,2,2,,2,2,1,2,2,2,2,,,,3,3,4,2,,,,2,1,1,,1,1,3,2,,1,1,2,1,2,2,,1,1,2,1,1,,,2,2,,2,2,,,,,,,,2,,,,,,3,1,1,,,,,,,,,,,,,,1,,2,1,,1,,2,1,1,1,2,2,,2,1,,1,1,3,,2,1,1,1,2,2,2,2,,,,,,,,,,1,2,,,,,,,,,,,,,2,
2024,"Viet Nam","VNM","East Asia & Pacific (excluding high income)",76663207,201829036,0.353997466959545,1,19,1,4,2,1,0,0,0,0,0,0,4,4,4,4,0,4,3,0,2,,,,,,,,,,2,1,1,1,2,2,1,1,2,,,,,,,,,,,,,,,,2,,2,,,,2,2,2,,2,,2,,2,2,2,,,2,2,2,4,2,,,,,,,,,,,2,,2,,2,2,,,,,2,,,,,,,,,2,2,,,,,,,,2,,,,,,3,1,1,,,,,,,,,,,,,,1,,1,1,,1,,1,1,1,1,2,2,,2,1,,1,1,3,,1,1,1,1,2,1,1,2,,,,,,,,,,1,2,,,,,,,,,,,,,1,2
2024,"Viet Nam","VNM","East Asia & Pacific (excluding high income)",76663207,201838407,0.385625849658252,2,42,1,2,1,1,0,0,0,0,1,1,2,4,4,4,0,4,3,0,2,,,,,,,,,,2,2,4,2,2,2,2,1,2,,,,,,,,,,,,,,,,2,,2,,,,1,2,2,,2,,1,,2,2,2,,,,2,3,2,1,2,2,,,,,,,,,2,,2,,2,2,,,,,1,2,2,2,1,,,,,2,2,,,,,,,,2,,,,,,1,1,1,,,,,,,,,,,,,,1,,1,1,,2,,,3,2,,2,2,,2,1,,1,2,,1,2,1,1,2,2,2,2,2,,,,,,,,,,1,2,,,,,,,,,,,,,2,
2024,"Viet Nam","VNM","East Asia & Pacific (excluding high income)",76663207,201875556,0.518143919277052,1,65,1,1,2,2,0,0,0,0,0,0,4,4,4,4,0,2,3,0,2,,,,,,,,,,2,2,2,2,2,2,2,2,2,,,,,,,,,,,,,,,,2,,2,,,,2,2,2,,2,,2,,2,2,2,,,2,2,1,3,2,,,,,,,,,,,2,,2,,2,1,2,2,,1,2,,,,,,,,,2,2,,,,,,,,2,,,,,,1,1,1,,,,,,,,,,,,,,1,,1,1,,2,,,8,2,,2,2,,2,1,,2,2,,2,2,2,2,2,2,2,2,2,,,,,,,,,,1,2,,,,,,,,,,,,,3,
2024,"Viet Nam","VNM","East Asia & Pacific (excluding high income)",76663207,201957682,0.795367453737617,1,31,2,2,1,2,1,0,1,1,1,1,4,4,4,4,1,1,1,1,1,1,1,2,2,,1,1,1,2,,,,,,,,,,,,,,,,,,,,,,,,,1,,1,3,1,2,,2,2,,2,,2,2,2,2,2,,,1,1,3,3,2,,,,1,1,3,,1,1,3,1,2,1,1,2,1,1,1,,,2,,,,,,,,,2,2,,,,,,,,2,,,,,,4,1,1,,,,,,,,,,,,,,1,,1,1,,1,,1,4,1,1,2,2,,2,1,,1,1,3,,2,1,1,1,1,1,2,2,,,,,,,,,,1,2,,,,,,,,,,,,,1,2
2024,"Viet Nam","VNM","East Asia & Pacific (excluding high income)",76663207,202086773,0.257157228928712,1,38,1,2,1,1,1,1,1,1,0,0,4,4,4,1,1,2,3,1,1,1,2,2,2,,1,1,1,2,,,,,,,,,,,,,,,,,,,,,,,,,2,,2,,,,2,2,2,,2,,2,,2,2,2,,,2,3,2,2,1,2,1,2,2,1,3,,2,2,,2,,2,,2,1,2,2,,1,2,,,,,,,,,2,2,,,,,,,,1,1,1,,,2,3,1,1,,,,,,,,,,,,,,1,,2,1,,1,,1,1,1,1,2,2,,2,1,,1,1,3,,2,1,1,2,2,2,2,2,,,,,,,,,,1,2,,,,,,,,,,,,,1,2
2024,"Viet Nam","VNM","East Asia & Pacific (excluding high income)",76663207,202275194,1.13021543957064,1,33,3,3,1,1,1,0,1,1,0,1,4,4,4,4,1,1,2,1,1,1,2,1,1,,1,1,1,2,,,,,,,,,,,,,,,,,,,,,,,,,2,,2,,,,1,1,2,,2,,2,,2,2,2,,,2,3,3,4,2,,,,1,1,1,,1,1,3,1,2,2,,2,1,1,1,,,2,,,,,,,,,2,2,,,,,,,,2,,,,,,2,1,1,,,,,,,,,,,,,,1,,1,1,,1,,1,1,1,1,2,2,,2,1,,1,1,1,,1,1,1,1,2,2,2,2,,,,,,,,,,1,2,,,,,,,,,,,,,1,2
2024,"Viet Nam","VNM","East Asia & Pacific (excluding high income)",76663207,202370952,0.949794014564733,2,40,3,4,1,2,1,1,1,1,1,0,1,4,4,4,1,1,3,1,1,1,2,2,1,,4,1,1,1,,,,,,,,,,,,,,,,,,,,,,,,,4,,2,,,,4,1,2,,2,,2,,2,2,2,1,1,,2,3,4,2,,,,2,1,1,,1,1,3,2,,2,,2,1,1,1,,,1,2,1,1,,,1,2,,2,2,,,,,,,,2,,,,,,3,1,1,,,,,,,,,,,,,,1,,1,1,,1,,1,4,2,,2,2,,2,1,,1,1,3,,1,1,1,1,2,2,2,2,,,,,,,,,,1,2,,,,,,,,,,,,,1,1
2024,"Viet Nam","VNM","East Asia & Pacific (excluding high income)",76663207,202492747,2.20935687211232,2,57,2,1,1,1,0,0,0,0,1,1,4,4,4,2,0,4,3,0,2,,,,,,,,,,2,2,2,2,2,2,2,1,2,,,,,,,,,,,,,,,,2,,2,,,,1,1,2,,2,,1,,2,2,2,,,,2,2,3,1,2,2,,,,,,,,,2,,2,,2,2,,,,,2,,,,,,,,,2,2,,,,,,,,1,2,2,1,,1,4,1,1,,,,,,,,,,,,,,1,,1,1,,1,,1,1,1,2,2,2,,2,1,,1,2,,1,2,2,1,1,2,2,2,2,,,,,,,,,,1,2,,,,,,,,,,,,,2,
2024,"Viet Nam","VNM","East Asia & Pacific (excluding high income)",76663207,202521981,0.967786173008655,2,45,2,3,1,1,1,0,1,0,1,1,4,4,4,2,0,4,3,0,1,2,2,3,2,,1,1,1,2,,,,,,,,,,,,,,,,,,,,,,,,,1,,2,3,1,2,,2,2,,2,,1,,2,2,2,,,,2,2,2,2,,,,2,2,,4,2,2,,2,,2,,2,2,,,,,2,,,,,,,,,2,2,,,,,,,,1,2,2,1,,2,3,1,1,,,,,,,,,,,,,,1,,1,3,,1,,1,1,1,1,2,2,,2,1,,2,1,3,,1,1,1,1,2,2,2,2,,,,,,,,,,1,2,,,,,,,,,,,,,1,2
2024,"Viet Nam","VNM","East Asia & Pacific (excluding high income)",76663207,202626036,2.96091873755317,2,32,3,2,1,1,1,1,1,1,1,1,1,4,4,4,0,1,1,1,1,1,1,2,2,,1,1,1,1,,,,,,,,,,,,,,,,,,,,,,,,,1,2,2,2,1,2,,2,2,,1,1,1,,2,1,2,2,,,3,2,2,2,,,,2,2,,4,1,1,2,1,1,1,1,2,1,1,2,,,1,2,1,1,,,2,2,,2,2,,,,,,,,2,,,,,,4,1,1,,,,,,,,,,,,,,1,,1,1,,1,,1,1,1,1,2,1,2,2,1,,1,1,1,,1,1,1,2,1,2,2,2,,,,,,,,,,1,2,,,,,,,,,,,,,1,2
2024,"Viet Nam","VNM","East Asia & Pacific (excluding high income)",76663207,202716631,1.93967566985808,1,50,2,3,1,1,0,0,0,0,1,1,4,4,4,2,0,4,3,0,2,,,,,,,,,,2,2,2,2,1,2,2,1,2,,,,,,,,,,,,,,,,2,,1,,,,,2,2,,2,,1,2,2,2,2,,,,1,3,4,2,,,,,,,,,,,2,,2,,2,2,,,,,2,,,,,,,,,2,2,,,,,,,,1,2,2,1,,2,1,1,1,,,,,,,,,,,,,,2,2,1,1,,2,,,2,2,,2,2,,2,2,1,2,2,,1,1,2,2,2,2,2,2,2,2,2,2,1,2,1,2,2,6,1,2,,,,,,,,,,,,,1,2
2024,"Viet Nam","VNM","East Asia & Pacific (excluding high income)",76663207,202939883,1.10300954158449,1,15,2,1,2,1,1,1,1,1,1,1,4,4,4,4,1,1,1,1,1,1,2,3,3,1,1,1,1,1,,,,,,,,,,,,,,,,,,,,,,,,,1,2,2,3,2,2,,2,2,,2,2,1,,2,2,2,2,,,2,2,2,2,,,,2,1,1,,1,1,3,1,1,1,1,1,1,1,1,,,2,,,,,,,,,2,2,,,,,,,,2,,,,,,1,1,1,,,,,,,,,,,,,,1,,1,1,,1,,1,1,1,2,2,2,,2,1,,1,1,3,,1,1,1,1,1,1,1,1,,,,,,,,,,1,2,,,,,,,,,,,,,1,1
2024,"Viet Nam","VNM","East Asia & Pacific (excluding high income)",76663207,202971182,1.60365355585396,2,25,2,4,1,2,1,1,1,1,1,1,4,4,4,4,1,2,1,1,1,1,1,1,1,,1,1,1,1,,,,,,,,,,,,,,,,,,,,,,,,,1,1,2,2,1,2,,1,2,,1,2,1,,2,1,2,2,,,6,3,3,2,,,,1,1,3,,1,1,3,1,1,1,1,2,1,2,2,,1,2,,,,,,,,,2,2,,,,,,,,2,,,,,,2,1,1,,,,,,,,,,,,,,1,,1,1,,1,,1,1,1,1,2,2,,2,1,,1,1,1,,1,1,1,1,1,2,2,2,,,,,,,,,,1,2,,,,,,,,,,,,,1,2
2024,"Viet Nam","VNM","East Asia & Pacific (excluding high income)",76663207,203126345,0.691255932659211,2,30,2,2,1,1,1,1,1,1,0,1,1,4,4,4,1,1,3,1,1,1,1,2,1,,1,1,1,2,,,,,,,,,,,,,,,,,,,,,,,,,1,2,2,2,1,2,,2,2,,2,2,2,,2,2,2,,,2,1,3,4,1,2,2,2,1,1,1,,1,1,3,2,,2,,2,1,1,2,,,1,2,1,2,,,1,2,,2,2,,,,,,,,2,,,,,,3,1,1,,,,,,,,,,,,,,1,,1,1,,1,,1,1,1,1,2,1,2,2,1,,1,1,3,,2,1,1,1,2,2,2,2,,,,,,,,,,1,2,,,,,,,,,,,,,1,2
2024,"Viet Nam","VNM","East Asia & Pacific (excluding high income)",76663207,203208703,0.493751250616996,1,40,2,4,1,1,1,1,1,1,0,1,1,4,4,1,1,2,1,1,1,1,1,2,1,,1,2,1,2,,,,,,,,,,,,,,,,,,,,,,,,,1,,1,3,1,1,,2,2,,2,,2,2,2,2,2,,,2,3,3,4,2,,,,1,1,2,,2,1,3,1,1,1,2,2,1,2,2,,1,1,2,1,1,,,2,2,,2,2,,,,,,,,1,1,1,,,1,3,1,1,,,,,,,,,,,,,,1,,1,1,,1,,2,4,1,1,2,2,,2,1,,1,1,3,,2,1,1,2,2,2,2,2,,,,,,,,,,1,2,,,,,,,,,,,,,2,
2024,"Viet Nam","VNM","East Asia & Pacific (excluding high income)",76663207,203258227,0.532636211828321,1,61,2,3,1,1,1,0,1,0,0,1,4,4,4,2,0,3,3,0,1,2,2,2,2,,1,1,1,2,,,,,,,,,,,,,,,,,,,,,,,,,1,,2,2,1,1,,2,2,,2,,2,,2,2,2,,,2,1,3,4,2,,,,2,2,,4,2,2,,2,,2,,2,1,2,2,,2,2,,,,,,,,,2,2,,,,,,,,1,2,2,1,,1,6,1,1,,,,,,,,,,,,,,1,,1,1,,1,,2,1,2,,2,2,,2,1,,1,1,3,,1,1,1,1,2,2,2,2,,,,,,,,,,1,2,,,,,,,,,,,,,2,
2024,"Viet Nam","VNM","East Asia & Pacific (excluding high income)",76663207,203270873,0.828461558937069,2,83,2,1,2,1,0,0,0,0,0,1,4,2,2,4,0,2,2,0,2,,,,,,,,,,2,2,2,2,2,2,1,1,2,,,,,,,,,,,,,,,,2,,2,,,,1,2,2,,2,,2,,2,2,2,,,2,2,1,4,2,,,,,,,,,,,2,,1,2,2,1,2,2,,1,2,,,,,,,,,1,1,2,2,1,,,,,2,,,,,,1,0,1,,,,,,,,,,,,,,2,2,1,2,,2,,,3,2,,2,2,,2,2,2,,,,,,,,,,,,,1,2,2,1,2,2,2,1,8,1,2,,,,,,,,,,,,,3,
2024,"Viet Nam","VNM","East Asia & Pacific (excluding high income)",76663207,203302910,0.614043927877089,1,22,2,4,1,1,1,1,1,1,0,0,1,4,4,4,1,4,3,1,1,1,1,2,2,,1,1,1,2,,,,,,,,,,,,,,,,,,,,,,,,,2,,2,,,,2,2,2,,2,,2,,2,2,2,,,2,2,2,5,2,,,,2,1,2,,1,1,3,2,,2,,2,2,,,,,1,2,1,1,,,2,2,,2,2,,,,,,,,2,,,,,,3,1,1,,,,,,,,,,,,,,1,,1,1,,1,,1,1,2,,2,2,,2,1,,1,1,3,,1,1,1,1,1,2,2,2,,,,,,,,,,1,2,,,,,,,,,,,,,1,2
2024,"Viet Nam","VNM","East Asia & Pacific (excluding high income)",76663207,203305374,0.740626875925493,1,40,2,4,1,1,1,0,1,1,1,0,4,4,4,4,1,1,3,1,1,1,1,2,1,,1,1,1,2,,,,,,,,,,,,,,,,,,,,,,,,,2,,2,,,,2,2,2,,2,,1,,2,2,2,,,,2,3,4,2,,,,1,1,2,,1,2,,2,,2,,2,1,1,1,,,2,,,,,,,,,2,2,,,,,,,,2,,,,,,3,1,1,,,,,,,,,,,,,,1,,1,1,,1,,2,4,1,1,2,2,,2,1,,1,1,3,,2,1,1,1,2,2,2,2,,,,,,,,,,1,2,,,,,,,,,,,,,1,2
2024,"Viet Nam","VNM","East Asia & Pacific (excluding high income)",76663207,203477574,1.97214728138026,2,24,3,5,1,2,1,1,1,1,0,1,1,4,4,4,1,4,1,1,1,1,1,2,1,,1,1,1,2,,,,,,,,,,,,,,,,,,,,,,,,,1,1,2,2,1,2,,2,2,,2,2,2,,2,2,2,,,2,1,3,4,2,,,,2,1,1,,1,1,3,1,1,1,1,2,2,,,,,1,2,1,1,,,2,2,,2,2,,,,,,,,2,,,,,,4,1,1,,,,,,,,,,,,,,1,,1,1,,1,,1,1,1,1,2,2,,2,1,,1,1,3,,1,1,1,1,1,1,1,2,,,,,,,,,,1,2,,,,,,,,,,,,,1,2
2024,"Viet Nam","VNM","East Asia & Pacific (excluding high income)",76663207,203584678,1.04992129339089,1,47,2,5,1,1,1,1,1,1,1,1,4,4,4,4,1,1,3,1,1,1,1,2,1,,1,1,1,2,,,,,,,,,,,,,,,,,,,,,,,,,1,2,2,2,1,2,,2,2,,2,2,1,,2,2,2,,,,1,3,4,2,,,,1,1,2,,1,2,,2,,2,,2,1,2,1,,,2,,,,,,,,,2,2,,,,,,,,2,,,,,,3,1,1,,,,,,,,,,,,,,1,,1,1,,1,,2,1,1,1,2,2,,2,1,,1,1,3,,1,1,1,1,2,2,2,2,,,,,,,,,,1,2,,,,,,,,,,,,,1,2
2024,"Viet Nam","VNM","East Asia & Pacific (excluding high income)",76663207,203639696,0.957846272200131,2,25,2,4,1,1,1,1,1,1,1,1,1,4,4,4,1,1,3,1,1,1,1,2,1,,1,1,1,2,,,,,,,,,,,,,,,,,,,,,,,,,2,2,2,,,,1,2,2,,2,2,1,,2,2,2,,,,3,3,3,2,,,,2,1,3,,1,1,3,2,,2,,2,1,1,1,,,1,2,1,1,,,2,2,,2,2,,,,,,,,2,,,,,,3,1,1,,,,,,,,,,,,,,1,,1,1,,1,,1,1,1,1,2,2,,2,1,,1,1,3,,1,1,1,1,1,2,2,2,,,,,,,,,,1,2,,,,,,,,,,,,,1,1
2024,"Viet Nam","VNM","East Asia & Pacific (excluding high income)",76663207,203717269,1.23583674322701,2,42,2,3,1,1,1,0,1,0,0,1,4,4,4,2,0,4,3,0,2,2,2,3,3,1,1,2,2,2,,,,,,,,,,,,,,,,,,,,,,,,,1,,2,3,1,2,,2,2,,2,,2,,2,2,2,,,2,3,2,4,2,,,,2,2,,4,2,2,,2,,2,,2,2,,,,,2,,,,,,,,,2,2,,,,,,,,1,2,2,1,,1,3,1,1,,,,,,,,,,,,,,1,,1,1,,1,,1,1,1,1,2,2,,2,1,,1,1,3,,2,1,1,1,2,2,1,2,,,,,,,,,,1,2,,,,,,,,,,,,,1,2
2024,"Viet Nam","VNM","East Asia & Pacific (excluding high income)",76663207,203734621,0.826163298665447,2,44,2,5,1,2,1,0,1,1,1,0,1,4,4,4,1,2,3,1,1,1,1,2,1,,1,1,1,2,,,,,,,,,,,,,,,,,,,,,,,,,2,,2,,,,2,2,2,,2,,1,,2,2,2,,,,2,3,4,2,,,,1,1,1,,1,1,3,2,,2,,2,1,2,2,,1,1,2,1,2,,,2,2,,2,2,,,,,,,,2,,,,,,1,1,1,,,,,,,,,,,,,,1,,1,1,,1,,1,1,1,1,2,2,,2,1,,1,1,3,,1,1,1,1,2,1,2,2,,,,,,,,,,1,2,,,,,,,,,,,,,2,
2024,"Viet Nam","VNM","East Asia & Pacific (excluding high income)",76663207,203916140,0.705031750571792,1,19,2,4,2,1,1,0,1,1,0,1,4,4,4,4,1,4,3,1,1,1,2,1,1,,1,1,1,2,,,,,,,,,,,,,,,,,,,,,,,,,1,,2,1,1,2,,2,2,,2,,2,,2,2,2,,,2,2,1,3,2,,,,1,1,1,,1,1,3,2,,2,,2,2,,,,,2,,,,,,,,,2,2,,,,,,,,2,,,,,,3,1,1,,,,,,,,,,,,,,1,,1,1,,1,,1,1,1,1,2,2,,2,1,,1,1,4,,2,1,1,1,2,2,2,2,,,,,,,,,,1,2,,,,,,,,,,,,,1,2
2024,"Viet Nam","VNM","East Asia & Pacific (excluding high income)",76663207,203996420,1.15714922508925,2,20,2,5,1,1,1,1,1,1,1,1,4,4,4,4,1,4,1,1,1,1,1,1,1,,1,1,1,1,,,,,,,,,,,,,,,,,,,,,,,,,2,2,2,,,,1,2,2,,2,2,1,,2,1,2,2,,,3,2,3,2,,,,2,1,2,,1,1,2,1,1,1,1,2,2,,,,,2,,,,,,,,,2,2,,,,,,,,2,,,,,,2,1,1,,,,,,,,,,,,,,1,,1,1,,1,,1,1,1,1,2,2,,2,1,,1,1,3,,1,1,1,1,2,2,1,2,,,,,,,,,,1,2,,,,,,,,,,,,,1,1
2024,"Viet Nam","VNM","East Asia & Pacific (excluding high income)",76663207,204004644,1.13447549500533,1,18,2,3,1,1,1,1,1,1,1,1,2,4,4,2,1,4,1,1,1,1,1,2,2,,1,1,1,2,,,,,,,,,,,,,,,,,,,,,,,,,1,2,2,2,2,2,,2,2,,2,2,1,,2,2,2,,,,2,3,4,2,,,,2,1,1,,1,1,2,1,1,1,1,2,2,,,,,1,2,2,2,1,,,,,2,2,,,,,,,,1,2,2,1,,1,4,1,1,,,,,,,,,,,,,,1,,1,1,,1,,1,1,1,1,2,2,,2,1,,1,1,3,,1,1,1,1,1,1,1,1,,,,,,,,,,1,2,,,,,,,,,,,,,1,2
2024,"Viet Nam","VNM","East Asia & Pacific (excluding high income)",76663207,204223769,0.850371511138512,1,40,2,3,1,1,1,1,1,1,0,1,4,4,4,4,1,1,3,1,1,1,2,1,1,,1,1,1,2,,,,,,,,,,,,,,,,,,,,,,,,,1,2,2,2,1,1,,1,2,,2,2,2,,2,2,2,,,2,3,2,4,2,,,,1,1,1,,1,1,3,2,,2,,2,1,1,1,,,2,,,,,,,,,2,2,,,,,,,,2,,,,,,3,1,1,,,,,,,,,,,,,,1,,1,1,,1,,2,4,1,1,2,2,,2,1,,1,1,3,,2,1,1,1,1,1,2,2,,,,,,,,,,1,2,,,,,,,,,,,,,1,2
2024,"Viet Nam","VNM","East Asia & Pacific (excluding high income)",76663207,204239844,0.257157228928712,1,16,1,1,1,1,0,0,0,0,0,0,2,4,4,4,0,4,3,0,2,,,,,,,,,,2,2,1,2,2,2,2,2,2,,,,,,,,,,,,,,,,2,,2,,,,2,2,2,,2,,2,,2,2,2,,,2,2,1,3,2,,,,,,,,,,,2,,2,,2,2,,,,,1,2,2,2,1,,,,,2,2,,,,,,,,2,,,,,,4,1,1,,,,,,,,,,,,,,1,,2,1,,1,,1,1,1,1,2,2,,2,1,,1,1,1,,1,1,1,1,2,2,2,2,,,,,,,,,,1,2,,,,,,,,,,,,,2,
2024,"Viet Nam","VNM","East Asia & Pacific (excluding high income)",76663207,204343982,1.14805891002085,1,25,2,2,1,1,1,1,1,1,0,1,1,4,4,2,1,2,3,1,1,1,2,2,2,,1,1,1,2,,,,,,,,,,,,,,,,,,,,,,,,,1,2,1,2,1,1,,2,2,,2,2,2,2,2,2,2,,,2,1,3,4,2,,,,2,1,3,,2,1,3,2,,2,,2,1,2,2,,1,1,1,1,2,,,2,2,,2,2,,,,,,,,1,2,2,1,,1,3,1,1,,,,,,,,,,,,,,1,,1,1,,1,,1,1,1,1,2,2,,2,1,,1,2,,1,1,1,1,1,2,2,2,2,,,,,,,,,,1,2,,,,,,,,,,,,,1,2
2024,"Viet Nam","VNM","East Asia & Pacific (excluding high income)",76663207,204373567,1.1121475659227,1,26,2,2,1,2,1,1,1,1,0,1,1,4,4,4,1,1,3,1,1,1,1,2,1,,1,1,1,2,,,,,,,,,,,,,,,,,,,,,,,,,1,2,2,3,1,2,,2,2,,2,2,2,,2,2,2,,,2,2,2,3,1,1,2,2,1,1,2,,1,1,3,2,,2,,2,1,1,1,,,1,2,1,1,,,2,2,,2,2,,,,,,,,2,,,,,,4,1,1,,,,,,,,,,,,,,1,,1,1,,1,,1,1,1,1,2,2,,2,1,,1,1,3,,1,1,1,1,1,2,2,2,,,,,,,,,,1,2,,,,,,,,,,,,,1,2
2024,"Viet Nam","VNM","East Asia & Pacific (excluding high income)",76663207,204419958,0.257157228928712,2,35,1,1,1,1,1,0,1,0,0,1,2,4,4,2,0,2,3,0,2,2,1,3,3,1,1,1,2,2,,,,,,,,,,,,,,,,,,,,,,,,,1,,2,3,2,2,,2,2,,2,,2,,2,2,2,,,2,2,1,4,1,1,1,2,2,2,,4,2,2,,2,,2,,2,1,2,2,,1,1,2,2,2,1,,,,,2,2,,,,,,,,1,2,2,1,,2,4,0,1,,,,,,,,,,,,,,2,2,1,1,,1,,1,1,2,,2,2,,2,2,2,,,,,,,,,,,,,1,2,2,8,2,2,2,2,1,1,2,,,,,,,,,,,,,2,
2024,"Viet Nam","VNM","East Asia & Pacific (excluding high income)",76663207,204461696,1.26433289537119,2,46,2,3,1,1,1,1,1,1,1,0,1,4,4,4,1,4,3,1,1,1,2,2,2,,1,1,1,2,,,,,,,,,,,,,,,,,,,,,,,,,2,,2,,,,2,1,2,,2,,1,,2,2,2,,,,2,2,3,2,,,,2,1,2,,1,2,,2,,2,,2,2,,,,,1,2,1,1,,,2,2,,2,2,,,,,,,,2,,,,,,3,1,1,,,,,,,,,,,,,,1,,1,1,,1,,1,1,2,,2,2,,2,1,,1,1,3,,1,2,1,1,2,2,2,2,,,,,,,,,,1,2,,,,,,,,,,,,,1,2
2024,"Viet Nam","VNM","East Asia & Pacific (excluding high income)",76663207,204692285,1.27857422755579,1,33,3,5,2,2,1,1,1,1,1,1,1,4,4,4,1,1,1,1,1,1,1,1,1,,1,1,1,2,,,,,,,,,,,,,,,,,,,,,,,,,1,1,2,2,1,1,,1,2,,2,2,1,,2,2,1,,,,2,3,3,2,,,,1,1,1,,1,1,3,1,1,1,1,2,1,1,1,,,1,2,1,1,,,2,2,,2,2,,,,,,,,2,,,,,,1,1,1,,,,,,,,,,,,,,1,,1,1,,1,,1,1,1,1,2,2,,2,1,,1,2,,1,1,1,1,1,1,2,1,1,,,,,,,,,,1,2,,,,,,,,,,,,,1,1
2024,"Viet Nam","VNM","East Asia & Pacific (excluding high income)",76663207,204757496,1.56157163124457,2,49,2,4,1,2,1,1,1,1,1,1,1,4,4,4,1,1,2,1,1,1,1,2,1,,1,1,1,2,,,,,,,,,,,,,,,,,,,,,,,,,1,,2,2,1,2,,2,2,,2,,2,,2,2,2,,,1,1,2,3,2,,,,1,1,1,,1,1,3,1,2,1,2,2,1,1,1,,,1,2,1,1,,,1,2,,2,2,,,,,,,,2,,,,,,3,1,1,,,,,,,,,,,,,,1,,1,1,,1,,1,1,1,1,2,2,,2,1,,1,1,3,,1,1,1,1,1,2,2,2,,,,,,,,,,1,2,,,,,,,,,,,,,1,1
2024,"Viet Nam","VNM","East Asia & Pacific (excluding high income)",76663207,205028972,0.845613166123006,1,42,2,4,1,1,1,1,1,1,0,1,1,4,4,4,1,1,3,1,1,1,2,2,2,,1,1,1,2,,,,,,,,,,,,,,,,,,,,,,,,,1,,2,3,1,1,,1,2,,2,,2,,2,2,2,,,2,1,3,4,2,,,,1,1,2,,1,1,3,2,,2,,2,1,1,1,,,1,2,1,1,,,2,2,,2,2,,,,,,,,2,,,,,,3,1,1,,,,,,,,,,,,,,1,,1,1,,1,,1,1,2,,2,2,,2,1,,1,1,3,,1,1,1,1,2,2,2,2,,,,,,,,,,1,2,,,,,,,,,,,,,1,2
2024,"Viet Nam","VNM","East Asia & Pacific (excluding high income)",76663207,205038355,0.451956787188344,2,49,1,4,1,2,0,0,0,0,1,0,2,4,4,4,0,4,3,0,2,,,,,,,,,,2,2,1,2,2,2,1,1,2,,,,,,,,,,,,,,,,2,,2,,,,2,1,2,,2,,2,,2,2,1,,,1,4,2,2,2,,,,,,,,,,,2,,2,,2,2,,,,,1,2,2,2,1,,,,,2,2,,,,,,,,2,,,,,,4,1,1,,,,,,,,,,,,,,1,,1,1,,1,,1,1,2,,2,2,,2,1,,1,2,,1,2,2,1,2,2,2,2,2,,,,,,,,,,1,2,,,,,,,,,,,,,2,
2024,"Viet Nam","VNM","East Asia & Pacific (excluding high income)",76663207,205056747,0.983100021099009,1,33,2,2,1,1,1,0,1,1,1,1,2,4,4,2,0,2,3,0,1,1,2,3,2,,1,1,1,2,,,,,,,,,,,,,,,,,,,,,,,,,2,,2,,,,1,2,2,,2,,1,,2,2,2,,,,1,2,4,2,,,,2,2,,4,2,2,,2,,2,,2,1,2,2,,1,1,2,2,2,1,,,,,2,2,,,,,,,,1,2,2,1,,2,3,1,1,,,,,,,,,,,,,,1,,1,1,,1,,1,4,1,1,2,2,,2,1,,1,2,,2,1,1,1,1,2,2,2,2,,,,,,,,,,1,2,,,,,,,,,,,,,1,2
2024,"Viet Nam","VNM","East Asia & Pacific (excluding high income)",76663207,205067399,1.62381730216378,1,49,2,2,1,2,0,0,0,0,0,0,4,4,4,4,0,2,3,0,2,,,,,,,,,,2,2,2,2,2,2,2,1,2,,,,,,,,,,,,,,,,2,,2,,,,2,2,2,,2,,2,,2,2,2,,,2,3,2,4,2,,,,,,,,,,,2,,2,,2,1,2,2,,1,2,,,,,,,,,2,2,,,,,,,,2,,,,,,5,1,1,,,,,,,,,,,,,,1,,1,1,,1,,1,1,1,1,2,2,,2,1,,1,2,,2,1,1,1,1,2,2,2,2,,,,,,,,,,1,2,,,,,,,,,,,,,1,2
2024,"Viet Nam","VNM","East Asia & Pacific (excluding high income)",76663207,205115043,0.795367453737617,1,28,2,4,1,1,0,0,0,0,1,1,4,4,4,4,0,2,2,0,2,,,,,,,,,,2,2,1,2,2,2,2,1,2,,,,,,,,,,,,,,,,2,,1,,,,,1,2,,2,,2,1,2,2,2,,,,3,2,4,2,,,,,,,,,,,2,,1,2,2,1,2,2,,1,2,,,,,,,,,2,2,,,,,,,,2,,,,,,2,1,1,,,,,,,,,,,,,,1,,1,1,,1,,1,1,1,1,2,2,,2,1,,1,1,3,,1,1,1,1,1,2,1,2,,,,,,,,,,1,2,,,,,,,,,,,,,1,1
2024,"Viet Nam","VNM","East Asia & Pacific (excluding high income)",76663207,205122430,0.400913388963489,2,26,2,5,1,2,1,1,1,1,1,1,1,4,4,4,1,4,1,1,1,1,1,1,1,,1,1,1,2,,,,,,,,,,,,,,,,,,,,,,,,,1,1,1,3,2,2,,2,2,,2,2,1,2,1,1,2,,,,2,2,4,2,,,,1,1,2,,2,1,3,1,1,1,1,2,2,,,,,1,2,1,2,,,2,2,,2,2,,,,,,,,2,,,,,,4,1,1,,,,,,,,,,,,,,1,,1,1,,1,,1,1,1,1,2,2,,2,1,,1,1,2,,1,1,1,1,2,2,1,1,,,,,,,,,,1,2,,,,,,,,,,,,,2,
2024,"Viet Nam","VNM","East Asia & Pacific (excluding high income)",76663207,205529990,0.571198974382667,1,58,1,4,2,1,0,0,0,0,1,0,4,4,4,2,0,2,2,0,2,,,,,,,,,,2,2,2,2,2,2,1,2,2,,,,,,,,,,,,,,,,2,,2,,,,2,2,2,,2,,1,,1,2,2,,,,2,1,4,2,,,,,,,,,,,2,,1,2,2,1,2,2,,1,2,,,,,,,,,2,2,,,,,,,,1,2,2,1,,2,1,0,1,,,,,,,,,,,,,,2,2,1,1,,1,,1,1,2,,2,2,,2,2,2,,,,,,,,,,,,,1,2,2,1,2,1,2,1,4,1,2,,,,,,,,,,,,,2,
2024,"Viet Nam","VNM","East Asia & Pacific (excluding high income)",76663207,205591447,1.18386559444017,2,25,2,2,1,1,1,1,1,1,0,1,4,4,4,4,1,4,3,1,1,1,2,3,2,,1,1,1,2,,,,,,,,,,,,,,,,,,,,,,,,,1,1,2,3,1,2,,2,2,,2,2,2,,2,2,2,,,2,2,2,3,1,2,2,2,1,1,2,,1,1,3,2,,2,,2,2,,,,,2,,,,,,,,,2,2,,,,,,,,2,,,,,,3,1,1,,,,,,,,,,,,,,1,,1,1,,1,,1,1,1,1,1,2,,2,1,,1,1,3,,2,1,1,1,1,2,2,2,,,,,,,,,,1,2,,,,,,,,,,,,,1,2
2024,"Viet Nam","VNM","East Asia & Pacific (excluding high income)",76663207,205638453,0.684135058846188,1,36,2,5,1,1,1,1,1,1,1,1,1,4,4,4,1,1,1,1,1,1,2,2,1,,1,1,1,2,,,,,,,,,,,,,,,,,,,,,,,,,1,2,1,2,1,2,,2,2,,2,2,1,1,2,1,1,,,,2,2,4,2,,,,1,1,3,,1,1,3,2,,1,1,2,1,1,2,,,1,2,1,1,,,1,2,,2,2,,,,,,,,2,,,,,,4,1,1,,,,,,,,,,,,,,1,,1,1,,1,,1,1,1,1,2,2,,2,1,,1,1,3,,1,1,1,1,1,2,2,2,,,,,,,,,,1,2,,,,,,,,,,,,,2,
2024,"Viet Nam","VNM","East Asia & Pacific (excluding high income)",76663207,205710848,0.614043927877089,1,17,2,1,2,1,0,0,0,0,0,0,4,4,4,4,0,4,3,0,2,,,,,,,,,,2,2,1,2,2,2,2,2,2,,,,,,,,,,,,,,,,2,,2,,,,2,2,2,,2,,2,,2,2,2,,,2,2,3,5,2,,,,,,,,,,,2,,2,,2,2,,,,,2,,,,,,,,,2,2,,,,,,,,2,,,,,,7,1,1,,,,,,,,,,,,,,1,,1,1,,1,,1,4,1,1,2,2,,2,1,,1,1,3,,1,1,1,1,1,2,2,2,,,,,,,,,,1,2,,,,,,,,,,,,,2,
2024,"Viet Nam","VNM","East Asia & Pacific (excluding high income)",76663207,205877518,1.36537558461048,2,39,2,4,1,2,1,1,1,1,0,1,4,4,4,1,1,4,2,1,1,1,2,2,1,,1,1,1,2,,,,,,,,,,,,,,,,,,,,,,,,,1,1,2,2,1,1,,1,2,,2,2,2,,2,2,2,,,2,3,3,4,2,,,,1,1,1,,1,1,3,1,2,2,,2,2,,,,,2,,,,,,,,,2,2,,,,,,,,1,1,1,,,1,3,1,1,,,,,,,,,,,,,,1,,1,1,,1,,1,1,1,1,2,2,,2,1,,1,1,3,,2,1,1,1,1,2,2,2,,,,,,,,,,1,2,,,,,,,,,,,,,1,2
2024,"Viet Nam","VNM","East Asia & Pacific (excluding high income)",76663207,205978004,0.285599487191334,1,63,1,1,1,1,0,0,0,0,0,1,2,4,4,2,0,2,2,0,2,,,,,,,,,,2,2,2,2,2,2,2,2,2,,,,,,,,,,,,,,,,2,,2,,,,1,2,2,,2,,2,,2,2,2,,,2,2,1,1,2,,,,,,,,,,,1,2,1,2,2,1,2,2,,1,1,2,2,2,1,,,,,2,2,,,,,,,,1,2,2,1,,1,1,1,1,,,,,,,,,,,,,,1,,1,1,,2,,,2,2,,2,2,,2,1,,1,1,3,,1,1,1,2,2,2,2,2,,,,,,,,,,1,2,,,,,,,,,,,,,2,
2024,"Viet Nam","VNM","East Asia & Pacific (excluding high income)",76663207,206089674,1.33169833805421,1,34,2,4,1,2,1,0,1,1,1,1,1,4,4,4,1,4,3,1,1,1,1,2,2,,1,1,1,2,,,,,,,,,,,,,,,,,,,,,,,,,1,,1,2,1,2,,2,2,,2,,2,1,2,2,2,,,,3,3,5,2,,,,2,1,3,,2,1,2,2,,2,,2,2,,,,,1,2,1,2,,,1,2,,2,2,,,,,,,,2,,,,,,3,1,1,,,,,,,,,,,,,,1,,2,1,,1,,1,4,1,1,2,2,,2,1,,1,1,3,,2,1,1,1,2,2,2,2,,,,,,,,,,1,2,,,,,,,,,,,,,1,1
2024,"Viet Nam","VNM","East Asia & Pacific (excluding high income)",76663207,206096189,1.33244174943382,1,40,3,3,1,1,1,0,1,1,1,1,4,4,4,2,0,2,3,0,1,1,1,3,3,1,1,1,1,2,,,,,,,,,,,,,,,,,,,,,,,,,2,,2,,,,1,2,2,,2,,1,,2,2,2,,,,3,2,2,2,,,,2,2,,4,2,1,2,2,,2,,2,1,2,2,,1,2,,,,,,,,,2,2,,,,,,,,1,2,2,1,,2,1,1,1,,,,,,,,,,,,,,1,,1,1,,1,,2,1,1,1,2,2,,2,1,,1,2,,1,1,1,1,1,2,2,2,2,,,,,,,,,,1,2,,,,,,,,,,,,,2,
2024,"Viet Nam","VNM","East Asia & Pacific (excluding high income)",76663207,206148371,1.05748729062571,1,16,2,4,2,2,1,0,1,1,1,1,4,4,4,4,0,4,3,0,2,1,2,2,2,,1,1,1,2,,,,,,,,,,,,,,,,,,,,,,,,,2,,2,,,,1,2,2,,2,,2,,2,2,1,,,2,2,1,4,2,,,,2,2,,4,2,1,2,2,,2,,2,2,,,,,2,,,,,,,,,2,2,,,,,,,,2,,,,,,3,1,1,,,,,,,,,,,,,,1,,1,1,,1,,1,1,1,1,2,2,,2,1,,1,1,3,,1,1,1,1,1,1,1,2,,,,,,,,,,1,2,,,,,,,,,,,,,1,1
2024,"Viet Nam","VNM","East Asia & Pacific (excluding high income)",76663207,206152844,1.22602529023901,1,25,2,2,2,1,1,0,1,1,0,0,4,4,4,2,0,4,3,0,1,1,1,4,3,2,2,2,2,2,,,,,,,,,,,,,,,,,,,,,,,,,2,,2,,,,2,2,2,,2,,2,,2,2,2,,,2,2,3,3,2,,,,2,2,,1,2,2,,2,,2,,2,2,,,,,2,,,,,,,,,2,2,,,,,,,,1,2,2,1,,1,4,1,1,,,,,,,,,,,,,,1,,1,1,,2,,,8,1,1,2,2,,2,1,,1,1,3,,1,1,1,1,2,2,2,2,,,,,,,,,,1,2,,,,,,,,,,,,,1,3
2024,"Viet Nam","VNM","East Asia & Pacific (excluding high income)",76663207,206165235,0.636721998301862,2,15,2,4,2,2,0,0,0,0,0,0,4,4,4,4,0,4,3,0,2,,,,,,,,,,2,2,1,2,2,2,2,2,2,,,,,,,,,,,,,,,,2,,2,,,,2,2,2,,2,,2,,2,2,2,,,2,2,4,5,2,,,,,,,,,,,2,,2,,2,2,,,,,2,,,,,,,,,2,2,,,,,,,,2,,,,,,5,1,1,,,,,,,,,,,,,,1,,1,1,,1,,1,4,2,,1,2,,2,1,,1,2,,2,2,1,1,2,2,2,2,2,,,,,,,,,,1,2,,,,,,,,,,,,,1,2
2024,"Viet Nam","VNM","East Asia & Pacific (excluding high income)",76663207,206175108,0.739442034469629,2,16,2,3,2,1,0,0,0,0,0,0,4,4,4,4,0,4,3,0,2,,,,,,,,,,2,2,2,2,3,2,2,1,2,,,,,,,,,,,,,,,,2,,2,,,,2,2,2,,2,,2,,2,2,2,,,2,2,1,5,2,,,,,,,,,,,2,,2,,2,2,,,,,2,,,,,,,,,2,2,,,,,,,,2,,,,,,5,1,1,,,,,,,,,,,,,,1,,2,1,,1,,1,3,2,,2,2,,2,1,,1,2,,1,2,1,1,2,2,2,2,2,,,,,,,,,,1,2,,,,,,,,,,,,,2,
2024,"Viet Nam","VNM","East Asia & Pacific (excluding high income)",76663207,206294789,2.38409554781475,2,32,3,2,1,1,1,1,1,1,0,1,1,4,4,4,1,1,1,1,1,1,1,2,1,,1,1,1,2,,,,,,,,,,,,,,,,,,,,,,,,,1,1,2,2,1,1,,2,2,,2,2,2,,2,2,2,,,2,1,3,4,2,,,,1,1,2,,1,2,,1,1,2,,2,1,1,1,,,1,2,1,3,,,2,2,,2,2,,,,,,,,2,,,,,,3,1,1,,,,,,,,,,,,,,1,,1,1,,1,,1,1,1,1,2,2,,2,1,,1,1,3,,1,1,1,1,2,2,2,2,,,,,,,,,,1,2,,,,,,,,,,,,,1,1
2024,"Viet Nam","VNM","East Asia & Pacific (excluding high income)",76663207,206316797,0.320229579029725,1,39,1,3,1,1,0,0,0,0,1,1,2,4,4,4,0,2,2,0,2,,,,,,,,,,2,2,2,2,2,2,2,1,2,,,,,,,,,,,,,,,,2,,2,,,,1,2,2,,2,,1,,2,2,2,,,,2,2,3,2,,,,,,,,,,,2,,1,2,2,1,2,2,,1,1,2,2,2,1,,,,,2,2,,,,,,,,2,,,,,,3,1,1,,,,,,,,,,,,,,1,,1,1,,1,,1,1,2,,2,2,,2,1,,1,1,3,,2,1,1,1,2,2,2,2,,,,,,,,,,1,2,,,,,,,,,,,,,1,2
2024,"Viet Nam","VNM","East Asia & Pacific (excluding high income)",76663207,206333917,1.20549656764971,1,49,2,1,1,1,0,0,0,0,1,0,2,4,4,2,0,2,3,0,2,,,,,,,,,,2,2,1,1,2,2,2,1,2,,,,,,,,,,,,,,,,2,,2,,,,2,2,2,,2,,1,,1,2,2,,,,2,2,4,2,,,,,,,,,,,2,,2,,2,1,2,2,,1,1,2,2,2,1,,,,,2,2,,,,,,,,1,2,2,1,,2,5,1,1,,,,,,,,,,,,,,2,2,1,1,,1,,1,3,2,,2,2,,2,1,,2,1,3,,2,2,2,2,2,2,2,2,2,2,2,1,2,2,2,2,4,1,2,,,,,,,,,,,,,1,2
2024,"Viet Nam","VNM","East Asia & Pacific (excluding high income)",76663207,206535010,0.568287634206467,1,34,2,5,1,1,1,1,1,1,1,1,1,4,1,4,1,1,3,1,1,1,1,2,1,,1,1,1,2,,,,,,,,,,,,,,,,,,,,,,,,,1,2,2,2,3,2,,2,2,,2,2,1,,2,2,2,,,,1,3,5,2,,,,1,1,1,,1,1,3,2,,2,,2,1,1,1,,,1,2,1,2,,,2,2,,2,1,1,2,,,2,2,,2,,,,,,1,1,1,,,,,,,,,,,,,,1,,1,1,,1,,1,1,1,1,1,2,,2,1,,1,1,3,,2,1,1,2,2,2,2,2,,,,,,,,,,1,2,,,,,,,,,,,,,2,
2024,"Viet Nam","VNM","East Asia & Pacific (excluding high income)",76663207,206727317,0.562840246334965,2,23,2,3,1,1,1,1,1,1,1,0,1,4,4,2,0,2,3,1,1,1,1,2,2,,2,2,1,2,,,,,,,,,,,,,,,,,,,,,,,,,2,2,2,,,,2,2,2,,2,2,1,,2,2,2,,,,2,2,2,2,,,,2,2,,4,2,1,2,2,,2,,2,1,2,2,,1,1,2,1,2,,,2,1,,2,2,,,,,,,,1,2,2,1,,2,3,1,1,,,,,,,,,,,,,,1,,1,1,,1,,1,4,1,1,2,2,,2,1,,2,1,2,,2,1,1,2,2,2,2,2,,,,,,,,,,1,2,,,,,,,,,,,,,1,2
2024,"Viet Nam","VNM","East Asia & Pacific (excluding high income)",76663207,206773103,0.78924372962678,2,34,2,3,1,1,1,1,1,1,0,1,1,4,4,4,1,1,3,1,1,1,2,2,2,,1,1,1,2,,,,,,,,,,,,,,,,,,,,,,,,,1,,2,3,2,2,,2,2,,2,,2,,2,2,2,,,2,2,2,3,2,,,,2,1,2,,1,2,,2,,2,,2,1,1,1,,,1,2,1,1,,,1,2,,2,2,,,,,,,,2,,,,,,3,1,1,,,,,,,,,,,,,,1,,1,1,,1,,1,1,2,,2,2,,2,1,,1,1,3,,1,1,1,1,2,2,1,2,,,,,,,,,,1,2,,,,,,,,,,,,,1,2
2024,"Viet Nam","VNM","East Asia & Pacific (excluding high income)",76663207,206990734,0.989894627551485,1,31,2,3,1,1,1,1,1,1,0,1,1,4,4,4,1,1,3,1,1,1,2,2,2,,1,1,1,2,,,,,,,,,,,,,,,,,,,,,,,,,1,,2,3,2,2,,1,2,,2,,2,,2,2,2,,,2,2,2,2,2,,,,1,1,2,,1,1,3,2,,2,,2,1,1,1,,,1,2,1,1,,,1,2,,2,2,,,,,,,,2,,,,,,3,1,1,,,,,,,,,,,,,,1,,1,1,,1,,1,4,2,,2,2,,2,1,,1,1,3,,1,1,1,1,2,2,2,2,,,,,,,,,,1,2,,,,,,,,,,,,,1,2
2024,"Viet Nam","VNM","East Asia & Pacific (excluding high income)",76663207,206993111,1.79659177617661,1,30,2,4,1,1,1,1,1,1,0,1,4,4,4,4,1,1,3,1,2,1,1,1,1,,1,1,1,2,,,,,,,,,,,,,,,,,,,,,,,,,1,1,2,2,1,1,,2,2,,2,2,2,,2,2,2,,,2,3,3,4,2,,,,2,1,1,,1,1,3,2,,2,,2,1,1,1,,,2,,,,,,,,,2,2,,,,,,,,2,,,,,,1,1,1,,,,,,,,,,,,,,1,,1,1,,1,,1,1,1,1,2,2,,2,1,,1,1,3,,1,1,1,1,1,1,2,2,,,,,,,,,,1,2,,,,,,,,,,,,,1,2
2024,"Viet Nam","VNM","East Asia & Pacific (excluding high income)",76663207,207000102,1.82658282834075,2,59,2,1,1,1,1,0,1,1,0,0,2,4,4,4,0,4,3,0,1,1,1,2,2,,2,2,2,2,,,,,,,,,,,,,,,,,,,,,,,,,2,,2,,,,2,2,2,,2,,2,,2,2,2,,,2,2,2,2,2,,,,2,2,,1,2,2,,2,,2,,2,2,,,,,1,2,2,2,1,,,,,2,2,,,,,,,,2,,,,,,4,1,1,,,,,,,,,,,,,,1,,1,1,,2,,,2,2,,2,2,,2,1,,1,2,,1,2,2,1,2,2,2,2,2,,,,,,,,,,1,2,,,,,,,,,,,,,2,
2024,"Viet Nam","VNM","East Asia & Pacific (excluding high income)",76663207,207154010,0.63774224679232,1,40,2,2,1,2,1,1,1,1,0,1,4,4,4,4,1,1,3,1,1,1,1,1,1,,1,1,1,2,,,,,,,,,,,,,,,,,,,,,,,,,1,1,2,2,1,1,,1,2,,2,2,2,,2,2,2,,,2,3,2,4,2,,,,1,1,1,,1,1,3,2,,2,,2,1,1,1,,,2,,,,,,,,,2,2,,,,,,,,2,,,,,,1,1,1,,,,,,,,,,,,,,1,,1,1,,1,,1,1,1,1,2,2,,2,1,,1,1,3,,2,1,1,1,2,2,2,2,,,,,,,,,,1,2,,,,,,,,,,,,,1,1
2024,"Viet Nam","VNM","East Asia & Pacific (excluding high income)",76663207,207340719,0.691255932659211,2,34,2,5,1,1,1,0,1,1,1,1,4,4,4,4,1,4,1,1,1,1,1,2,2,,1,1,1,2,,,,,,,,,,,,,,,,,,,,,,,,,2,,1,,,,,2,2,,2,,1,2,2,2,2,,,,3,3,4,2,,,,2,1,1,,2,1,3,1,1,2,,2,2,,,,,2,,,,,,,,,2,2,,,,,,,,2,,,,,,3,1,1,,,,,,,,,,,,,,1,,1,1,,1,,1,1,1,1,2,2,,2,1,,1,1,3,,1,1,1,1,2,1,2,2,,,,,,,,,,1,2,,,,,,,,,,,,,1,2
2024,"Viet Nam","VNM","East Asia & Pacific (excluding high income)",76663207,207468241,1.26433289537119,2,48,2,5,1,1,1,0,1,1,0,1,4,4,4,4,1,4,3,1,1,1,2,1,1,,1,1,1,2,,,,,,,,,,,,,,,,,,,,,,,,,1,,2,2,2,1,,1,2,,2,,2,,2,2,2,,,2,1,3,4,2,,,,2,1,2,,1,2,,2,,2,,2,2,,,,,2,,,,,,,,,2,2,,,,,,,,2,,,,,,3,1,1,,,,,,,,,,,,,,1,,1,1,,1,,1,4,2,,2,2,,2,1,,1,1,3,,1,2,1,1,2,2,2,2,,,,,,,,,,1,2,,,,,,,,,,,,,1,2
2024,"Viet Nam","VNM","East Asia & Pacific (excluding high income)",76663207,207652007,1.18308512403368,1,42,3,4,2,2,1,0,1,1,0,0,4,4,1,4,0,2,3,1,1,1,1,2,2,,2,1,1,1,,,,,,,,,,,,,,,,,,,,,,,,,2,,2,,,,2,2,2,,2,,2,,2,2,2,2,,2,2,3,4,2,,,,2,2,,4,2,2,,2,,2,,2,1,2,2,,1,2,,,,,,,,,2,1,1,2,,,1,2,,2,,,,,,3,1,1,,,,,,,,,,,,,,1,,1,1,,2,,,2,1,2,2,2,,2,1,,1,1,1,,2,1,1,1,1,2,1,2,,,,,,,,,,1,2,,,,,,,,,,,,,1,2
2024,"Viet Nam","VNM","East Asia & Pacific (excluding high income)",76663207,207653273,0.574029455010426,1,31,2,3,1,1,1,0,1,1,1,1,4,4,4,4,1,1,2,1,1,1,2,1,1,,1,1,1,2,,,,,,,,,,,,,,,,,,,,,,,,,1,,1,1,2,2,,1,2,,2,,1,1,2,1,2,,,,4,2,4,2,,,,1,1,1,,1,1,3,1,2,1,2,2,1,1,1,,,2,,,,,,,,,2,2,,,,,,,,2,,,,,,3,1,1,,,,,,,,,,,,,,1,,1,1,,2,,,3,1,1,2,2,,2,1,,1,2,,1,1,1,1,1,2,2,2,2,,,,,,,,,,1,2,,,,,,,,,,,,,2,
2024,"Viet Nam","VNM","East Asia & Pacific (excluding high income)",76663207,207678982,0.568802082280711,1,19,2,4,2,2,1,1,1,1,0,1,4,4,4,4,1,1,3,1,1,1,2,2,1,,1,1,1,2,,,,,,,,,,,,,,,,,,,,,,,,,2,1,2,3,2,2,,2,2,,2,2,2,,2,2,2,,,2,2,2,2,2,,,,2,1,1,,1,1,1,2,,2,,2,1,1,1,,,2,,,,,,,,,2,2,,,,,,,,2,,,,,,3,1,1,,,,,,,,,,,,,,1,,1,1,,1,,1,1,1,1,2,1,2,2,1,,1,2,,2,1,1,1,1,1,2,2,2,,,,,,,,,,1,2,,,,,,,,,,,,,2,
2024,"Viet Nam","VNM","East Asia & Pacific (excluding high income)",76663207,207767555,1.28281898485076,2,62,2,3,2,2,1,0,1,1,0,0,4,4,4,4,0,4,3,0,1,1,1,4,4,2,2,2,2,2,,,,,,,,,,,,,,,,,,,,,,,,,2,,2,,,,2,2,2,,2,,2,,2,2,2,,,2,2,1,3,1,2,2,2,2,2,,4,2,2,,2,,2,,2,2,,,,,2,,,,,,,,,2,2,,,,,,,,2,,,,,,1,1,1,,,,,,,,,,,,,,1,,1,1,,1,,1,1,1,1,2,2,,2,1,,1,1,3,,2,2,2,1,2,2,2,2,,,,,,,,,,1,2,,,,,,,,,,,,,1,2
2024,"Viet Nam","VNM","East Asia & Pacific (excluding high income)",76663207,207934125,0.550775532443631,2,38,2,3,1,2,1,0,1,1,0,1,4,4,4,4,1,4,3,1,1,1,2,1,1,,1,1,1,2,,,,,,,,,,,,,,,,,,,,,,,,,1,,2,3,1,1,,2,2,,2,,2,,2,2,2,,,2,1,3,4,2,,,,2,1,2,,1,2,,2,,2,,2,2,,,,,2,,,,,,,,,2,2,,,,,,,,2,,,,,,3,1,1,,,,,,,,,,,,,,1,,1,1,,1,,1,1,1,1,2,2,,2,1,,1,1,3,,1,1,1,1,2,2,2,2,,,,,,,,,,1,2,,,,,,,,,,,,,1,1
2024,"Viet Nam","VNM","East Asia & Pacific (excluding high income)",76663207,208021714,1.59790863548496,1,59,2,2,1,2,1,0,1,0,1,1,4,4,4,4,0,4,3,0,1,2,2,3,3,1,1,1,2,2,,,,,,,,,,,,,,,,,,,,,,,,,2,,1,,,,,2,2,,2,,1,1,2,1,2,,,,2,2,2,2,,,,2,2,,4,2,2,,2,,2,,2,2,,,,,2,,,,,,,,,2,2,,,,,,,,2,,,,,,1,0,1,,,,,,,,,,,,,,2,2,2,1,,2,,,2,2,,2,2,,2,2,2,,,,,,,,,,,,,1,2,2,1,2,2,2,1,1,1,2,,,,,,,,,,,,,2,
2024,"Viet Nam","VNM","East Asia & Pacific (excluding high income)",76663207,208093300,1.60732875686628,1,48,2,2,1,1,0,0,0,0,1,1,4,4,4,2,0,2,3,0,2,,,,,,,,,,2,2,1,2,2,2,2,1,2,,,,,,,,,,,,,,,,2,,2,,,,1,1,2,,2,,1,,2,2,2,,,,1,2,4,2,,,,,,,,,,,2,,2,,2,1,2,2,,1,2,,,,,,,,,2,2,,,,,,,,1,2,2,1,,2,1,1,1,,,,,,,,,,,,,,1,,1,1,,1,,1,1,2,,2,2,,2,1,,1,2,,1,1,1,1,1,2,2,2,2,,,,,,,,,,1,2,,,,,,,,,,,,,2,
2024,"Viet Nam","VNM","East Asia & Pacific (excluding high income)",76663207,208151656,1.17068474850928,2,35,2,4,1,1,1,0,1,1,0,0,1,4,4,4,1,4,3,1,1,1,1,2,1,,1,1,1,2,,,,,,,,,,,,,,,,,,,,,,,,,2,,2,,,,2,2,2,,2,,2,,2,2,2,,,2,3,2,4,2,,,,2,1,2,,1,1,3,2,,2,,2,2,,,,,1,2,1,2,,,2,2,,2,2,,,,,,,,2,,,,,,3,1,1,,,,,,,,,,,,,,1,,1,1,,1,,1,1,1,1,2,2,,2,1,,1,1,3,,1,1,1,1,1,2,2,2,,,,,,,,,,1,2,,,,,,,,,,,,,1,2
2024,"Viet Nam","VNM","East Asia & Pacific (excluding high income)",76663207,208171646,0.874326080103718,1,18,2,2,2,1,1,1,1,1,1,1,4,1,4,4,1,4,2,1,1,1,2,2,1,,2,1,2,2,,,,,,,,,,,,,,,,,,,,,,,,,2,,1,,,,,2,2,,2,,2,2,2,2,1,,,2,3,2,2,2,,,,1,1,1,,2,2,,2,,1,2,1,2,,,,,2,,,,,,,,,1,2,2,1,,,1,2,,2,,,,,,5,1,1,,,,,,,,,,,,,,1,,2,1,,1,,1,4,2,,2,2,,2,2,1,1,1,1,,1,1,2,2,1,2,2,2,,,,,,,,,,1,2,,,,,,,,,,,,,2,
2024,"Viet Nam","VNM","East Asia & Pacific (excluding high income)",76663207,208249089,1.13395184980689,2,68,1,3,1,1,1,0,1,1,0,1,4,4,4,4,0,4,3,1,1,1,1,3,2,,1,1,1,2,,,,,,,,,,,,,,,,,,,,,,,,,1,,2,3,1,1,,1,2,,2,,2,,2,2,2,,,2,1,2,3,2,,,,2,2,,4,1,2,,2,,2,,2,2,,,,,2,,,,,,,,,2,2,,,,,,,,2,,,,,,1,1,1,,,,,,,,,,,,,,1,,1,1,,1,,1,1,1,1,2,2,,2,1,,1,1,3,,2,1,1,1,2,2,2,2,,,,,,,,,,1,2,,,,,,,,,,,,,1,2
2024,"Viet Nam","VNM","East Asia & Pacific (excluding high income)",76663207,208276664,1.03177113036047,2,78,1,1,2,1,0,0,0,0,0,0,4,4,4,2,0,2,3,0,2,,,,,,,,,,2,2,2,1,1,2,1,2,1,,,,,,,,,,,,,,,,2,,2,,,,2,1,2,,2,,2,,2,2,2,,,2,4,1,1,2,,,,,,,,,,,2,,2,,2,1,2,2,,1,2,,,,,,,,,2,2,,,,,,,,1,2,2,1,,2,3,1,1,,,,,,,,,,,,,,1,,1,1,,1,,2,1,2,,2,2,,2,1,,1,1,3,,2,2,1,2,2,2,2,2,,,,,,,,,,1,2,,,,,,,,,,,,,2,
2024,"Viet Nam","VNM","East Asia & Pacific (excluding high income)",76663207,208310237,1.18308512403368,1,41,3,5,1,2,1,0,1,1,0,1,1,4,4,4,1,1,3,1,1,1,1,2,2,,1,1,1,2,,,,,,,,,,,,,,,,,,,,,,,,,1,,2,2,1,2,,2,2,,2,,2,,2,2,2,,,2,3,2,4,2,,,,1,1,2,,1,1,3,2,,2,,2,1,1,1,,,1,2,1,2,,,1,2,,2,2,,,,,,,,2,,,,,,1,1,1,,,,,,,,,,,,,,1,,1,1,,1,,1,1,1,1,2,2,,2,1,,1,1,1,,1,1,1,1,1,2,1,2,,,,,,,,,,1,2,,,,,,,,,,,,,1,2
2024,"Viet Nam","VNM","East Asia & Pacific (excluding high income)",76663207,208323409,1.36868307078407,2,30,3,3,1,1,1,0,1,1,0,0,1,4,4,4,0,4,1,1,1,1,1,2,2,,1,1,1,2,,,,,,,,,,,,,,,,,,,,,,,,,2,,2,,,,2,2,2,,2,,2,,2,2,2,,,2,2,3,3,1,2,2,2,2,2,,1,2,2,,1,1,1,1,2,2,,,,,1,2,1,2,,,2,2,,2,2,,,,,,,,2,,,,,,3,1,1,,,,,,,,,,,,,,1,,1,1,,1,,2,1,1,2,2,2,,2,1,,1,1,1,,1,1,1,1,1,1,2,2,,,,,,,,,,1,2,,,,,,,,,,,,,1,1
2024,"Viet Nam","VNM","East Asia & Pacific (excluding high income)",76663207,208502159,2.44624479646946,1,61,2,1,2,1,0,0,0,0,0,1,4,4,4,2,0,4,2,0,2,,,,,,,,,,2,2,2,2,2,2,2,1,2,,,,,,,,,,,,,,,,2,,2,,,,1,2,2,,2,,2,,2,2,2,,,2,1,2,4,2,,,,,,,,,,,2,,1,2,2,2,,,,,2,,,,,,,,,2,2,,,,,,,,1,2,2,1,,2,3,0,1,,,,,,,,,,,,,,2,2,1,1,,2,,,3,2,,2,2,,2,2,2,,,,,,,,,,,,,2,2,2,1,2,2,1,1,4,1,2,,,,,,,,,,,,,2,
2024,"Viet Nam","VNM","East Asia & Pacific (excluding high income)",76663207,208536832,0.614043927877089,1,15,2,4,2,1,0,0,0,0,0,0,4,4,4,4,0,4,2,0,2,,,,,,,,,,2,2,2,2,1,1,1,1,2,,,,,,,,,,,,,,,,2,,2,,,,2,2,2,,2,,2,,2,2,2,,,2,2,1,3,2,,,,,,,,,,,2,,1,2,2,2,,,,,2,,,,,,,,,2,2,,,,,,,,2,,,,,,5,1,2,1,1,2,2,1,2,1,5,1,1,2,1,,,,,,,,,,,,,,,,,1,,1,1,3,,1,1,1,1,1,2,2,2,,,,,,,,,,1,2,,,,,,,,,,,,,2,
2024,"Viet Nam","VNM","East Asia & Pacific (excluding high income)",76663207,208545714,0.689691044464697,2,37,2,4,1,2,1,0,1,1,0,1,4,4,4,4,1,4,1,1,1,1,2,1,1,,1,1,1,2,,,,,,,,,,,,,,,,,,,,,,,,,1,,2,3,2,2,,2,2,,2,,2,,2,2,2,,,2,3,3,4,2,,,,2,1,1,,2,1,2,1,1,2,,2,2,,,,,2,,,,,,,,,2,2,,,,,,,,2,,,,,,5,1,1,,,,,,,,,,,,,,1,,1,1,,1,,1,1,1,1,2,2,,2,1,,1,1,3,,1,1,1,1,2,2,2,2,,,,,,,,,,1,2,,,,,,,,,,,,,1,2
2024,"Viet Nam","VNM","East Asia & Pacific (excluding high income)",76663207,208583981,0.985922712626172,2,20,2,4,1,1,1,1,1,1,0,1,1,4,4,4,1,4,3,1,1,1,2,2,2,,1,1,1,2,,,,,,,,,,,,,,,,,,,,,,,,,2,,2,,,,1,2,2,,2,,2,,2,2,2,,,2,2,2,4,2,,,,2,1,2,,1,1,3,2,,2,,2,2,,,,,1,2,1,1,,,1,2,,2,2,,,,,,,,2,,,,,,3,1,1,,,,,,,,,,,,,,1,,1,1,,1,,1,1,1,1,2,2,,2,1,,1,1,3,,1,1,1,1,2,2,2,2,,,,,,,,,,1,2,,,,,,,,,,,,,1,2
2024,"Viet Nam","VNM","East Asia & Pacific (excluding high income)",76663207,208648348,0.257157228928712,1,46,1,5,1,1,1,0,1,0,0,1,2,4,4,4,0,2,2,0,1,2,2,3,3,1,1,1,1,2,,,,,,,,,,,,,,,,,,,,,,,,,1,,2,3,1,1,,2,2,,2,,2,,2,2,2,,,2,1,3,4,2,,,,2,2,,4,2,2,,1,2,2,,1,1,2,2,,1,1,2,2,2,1,,,,,2,2,,,,,,,,2,,,,,,3,1,1,,,,,,,,,,,,,,1,,1,1,,1,,1,4,1,1,2,2,,2,1,,1,2,,2,1,1,1,1,2,2,2,2,,,,,,,,,,1,2,,,,,,,,,,,,,1,2
2024,"Viet Nam","VNM","East Asia & Pacific (excluding high income)",76663207,208698588,0.741431710615134,1,31,2,1,1,1,1,1,1,1,0,1,4,4,4,1,1,1,3,1,1,1,1,1,1,,1,1,1,2,,,,,,,,,,,,,,,,,,,,,,,,,1,,2,3,1,1,,2,2,,2,,2,,2,2,2,,,2,1,2,3,2,,,,1,1,2,,1,1,3,2,,2,,2,1,1,1,,,2,,,,,,,,,2,2,,,,,,,,1,1,1,,,1,2,1,1,,,,,,,,,,,,,,1,,1,1,,1,,1,1,1,1,2,2,,2,1,,1,1,3,,1,1,1,1,2,2,2,2,,,,,,,,,,1,2,,,,,,,,,,,,,1,2
2024,"Viet Nam","VNM","East Asia & Pacific (excluding high income)",76663207,208735335,0.360702004364158,2,30,1,1,1,1,0,0,0,0,1,0,2,4,4,2,0,2,3,0,2,,,,,,,,,,2,2,3,1,2,2,1,2,2,,,,,,,,,,,,,,,,2,,2,,,,2,2,2,,1,,1,,2,2,2,,,,2,1,4,2,,,,,,,,,,,2,,2,,2,1,2,2,,1,1,2,2,2,1,,,,,2,2,,,,,,,,1,2,2,1,,2,2,0,2,1,2,2,2,2,2,2,1,1,2,2,2,,,,,,,,,,,,,,,,,2,2,,,,,,,,,,,,,,,,,,,,,,1,2,,,,,,,,,,,,,2,
2024,"Viet Nam","VNM","East Asia & Pacific (excluding high income)",76663207,208937255,0.80366437843314,1,51,2,4,1,2,0,0,0,0,0,1,4,4,4,2,0,2,3,0,2,,,,,,,,,,2,2,2,2,2,2,2,1,2,,,,,,,,,,,,,,,,2,,2,,,,1,1,2,,2,,2,,2,2,2,,,2,1,2,4,2,,,,,,,,,,,2,,2,,2,1,2,2,,1,2,,,,,,,,,2,2,,,,,,,,1,2,2,1,,1,1,1,1,,,,,,,,,,,,,,1,,1,1,,2,,,2,2,,2,2,,2,1,,1,1,3,,2,2,1,1,2,2,2,2,,,,,,,,,,1,2,,,,,,,,,,,,,1,2
2024,"Viet Nam","VNM","East Asia & Pacific (excluding high income)",76663207,208991461,0.257157228928712,1,21,2,5,1,2,1,0,1,1,1,1,4,4,4,4,1,1,3,1,1,1,2,2,1,,1,1,1,2,,,,,,,,,,,,,,,,,,,,,,,,,1,,2,2,2,2,,2,2,,2,,1,,2,1,2,,,,2,3,4,2,,,,1,1,1,,1,1,3,2,,2,,2,1,1,1,,,2,,,,,,,,,2,2,,,,,,,,2,,,,,,1,1,1,,,,,,,,,,,,,,1,,1,1,,1,,1,1,1,1,2,2,,2,1,,1,2,,1,1,1,1,1,1,2,2,2,,,,,,,,,,1,2,,,,,,,,,,,,,1,2
2024,"Viet Nam","VNM","East Asia & Pacific (excluding high income)",76663207,209031641,1.48148050670523,1,35,3,5,1,2,1,1,1,1,0,1,1,4,4,4,1,1,1,1,1,1,1,1,1,,1,1,1,2,,,,,,,,,,,,,,,,,,,,,,,,,1,2,2,2,1,2,,2,2,,2,2,2,,2,2,2,,,2,1,3,4,2,,,,2,1,1,,1,1,3,1,1,2,,2,1,1,1,,,1,2,1,1,,,2,2,,2,2,,,,,,,,2,,,,,,4,1,1,,,,,,,,,,,,,,1,,1,1,,1,,1,1,1,1,2,2,,2,1,,1,1,3,,1,1,1,1,2,1,2,2,,,,,,,,,,1,2,,,,,,,,,,,,,1,2
2024,"Viet Nam","VNM","East Asia & Pacific (excluding high income)",76663207,209234047,1.05287818364545,2,20,2,2,2,2,1,0,1,1,0,1,4,4,4,4,0,4,3,0,1,1,2,3,3,1,1,1,1,2,,,,,,,,,,,,,,,,,,,,,,,,,1,,2,3,2,2,,2,2,,2,,2,,2,2,2,,,2,2,2,3,2,,,,2,2,,1,2,2,,2,,2,,2,2,,,,,2,,,,,,,,,2,2,,,,,,,,2,,,,,,5,1,1,,,,,,,,,,,,,,1,,1,1,,1,,1,2,1,1,2,2,,2,1,,1,2,,1,1,1,1,1,2,1,2,2,,,,,,,,,,1,2,,,,,,,,,,,,,2,
2024,"Viet Nam","VNM","East Asia & Pacific (excluding high income)",76663207,209253916,0.582884053402479,1,23,2,4,1,1,0,0,0,0,0,0,2,4,4,4,0,2,3,0,2,,,,,,,,,,2,2,1,1,2,2,2,1,2,,,,,,,,,,,,,,,,2,,2,,,,2,2,2,,2,,2,,2,2,2,,,2,3,2,2,2,,,,,,,,,,,2,,2,,2,1,2,2,,1,1,2,2,2,1,,,,,2,2,,,,,,,,2,,,,,,2,1,1,,,,,,,,,,,,,,1,,1,1,,1,,1,1,1,1,2,2,,2,1,,1,1,3,,1,1,1,1,1,2,2,2,,,,,,,,,,1,2,,,,,,,,,,,,,1,3
2024,"Viet Nam","VNM","East Asia & Pacific (excluding high income)",76663207,209346211,0.934782226370782,1,23,2,3,1,1,1,1,1,1,0,0,1,4,4,4,1,4,3,1,1,1,1,2,2,,1,1,1,2,,,,,,,,,,,,,,,,,,,,,,,,,2,,2,,,,2,2,2,,2,,2,,2,2,2,,,2,8,,3,2,,,,2,1,2,,1,1,3,2,,2,,2,2,,,,,1,2,1,1,,,2,2,,2,2,,,,,,,,2,,,,,,3,1,1,,,,,,,,,,,,,,1,,8,1,,1,,1,1,2,,2,2,,2,1,,1,1,3,,1,1,1,1,2,2,2,2,,,,,,,,,,1,2,,,,,,,,,,,,,1,2
2024,"Viet Nam","VNM","East Asia & Pacific (excluding high income)",76663207,209538212,0.397124061915298,1,37,1,2,1,1,0,0,0,0,1,1,4,4,4,2,0,2,2,0,2,,,,,,,,,,2,2,2,2,2,2,2,2,2,,,,,,,,,,,,,,,,2,,2,,,,1,2,2,,2,,1,,2,2,2,,,,2,2,3,2,,,,,,,,,,,1,2,1,2,2,1,2,2,,1,2,,,,,,,,,2,2,,,,,,,,1,2,2,1,,2,4,1,1,,,,,,,,,,,,,,1,,2,2,,2,,,2,2,,2,2,,2,2,1,3,2,,1,2,2,2,2,2,2,2,2,,,,,,,,,,1,2,,,,,,,,,,,,,2,
2024,"Viet Nam","VNM","East Asia & Pacific (excluding high income)",76663207,209740459,1.10300954158449,1,24,2,5,1,1,1,0,1,1,1,1,4,4,4,4,1,1,2,1,1,1,1,1,1,,1,1,1,2,,,,,,,,,,,,,,,,,,,,,,,,,2,,2,,,,1,2,2,,2,,2,,1,2,2,,,2,3,3,4,2,,,,2,1,3,,2,1,3,2,,1,2,2,1,1,1,,,2,,,,,,,,,2,2,,,,,,,,2,,,,,,2,1,1,,,,,,,,,,,,,,1,,1,1,,1,,1,1,1,1,2,1,2,2,1,,1,2,,1,2,1,1,1,2,2,2,2,,,,,,,,,,1,2,,,,,,,,,,,,,1,1
2024,"Viet Nam","VNM","East Asia & Pacific (excluding high income)",76663207,209754476,1.13382868151802,1,39,2,1,1,1,0,0,0,0,1,1,4,4,4,2,0,2,3,0,2,,,,,,,,,,2,2,1,1,2,2,2,2,2,,,,,,,,,,,,,,,,2,,2,,,,1,2,2,,2,,1,,2,2,2,,,,2,2,3,2,,,,,,,,,,,2,,2,,2,1,2,2,,1,2,,,,,,,,,2,2,,,,,,,,1,2,2,1,,2,3,1,1,,,,,,,,,,,,,,1,,1,1,,1,,1,1,2,,2,1,2,2,1,,1,1,3,,2,1,1,2,2,2,2,2,,,,,,,,,,1,2,,,,,,,,,,,,,1,2
2024,"Viet Nam","VNM","East Asia & Pacific (excluding high income)",76663207,209843854,0.984266861883771,2,33,2,4,1,1,1,0,1,0,0,1,1,4,4,4,0,4,3,1,1,2,1,2,2,,2,1,1,2,,,,,,,,,,,,,,,,,,,,,,,,,1,,2,3,2,2,,2,2,,2,,2,,2,2,2,,,2,2,3,2,2,,,,2,2,,1,2,2,,2,,2,,2,2,,,,,1,2,1,2,,,2,1,,2,2,,,,,,,,2,,,,,,1,1,1,,,,,,,,,,,,,,1,,1,1,,1,,1,1,1,1,2,2,,2,1,,1,1,3,,1,2,1,1,2,2,2,2,,,,,,,,,,1,2,,,,,,,,,,,,,1,2
2024,"Viet Nam","VNM","East Asia & Pacific (excluding high income)",76663207,209851118,0.940042334095723,1,24,2,2,2,1,0,0,0,0,0,1,4,4,4,4,0,2,3,0,2,,,,,,,,,,2,2,1,1,2,2,2,2,2,,,,,,,,,,,,,,,,2,,2,,,,1,2,2,,2,,2,,2,2,2,,,2,2,2,4,2,,,,,,,,,,,2,,2,,2,1,2,2,,1,2,,,,,,,,,2,2,,,,,,,,2,,,,,,3,1,1,,,,,,,,,,,,,,1,,1,1,,1,,1,1,1,1,2,2,,2,1,,1,1,3,,2,1,1,1,1,1,1,2,,,,,,,,,,1,2,,,,,,,,,,,,,1,2
2024,"Viet Nam","VNM","East Asia & Pacific (excluding high income)",76663207,209913513,2.07408525669406,2,25,3,5,1,2,1,1,1,1,1,1,1,4,4,4,1,1,3,1,1,1,1,2,1,,1,1,1,2,,,,,,,,,,,,,,,,,,,,,,,,,1,2,2,2,1,2,,2,2,,2,2,1,,2,2,2,,,,1,3,4,2,,,,1,1,1,,1,1,2,2,,2,,2,1,2,1,,,1,2,1,1,,,2,2,,2,2,,,,,,,,2,,,,,,3,1,1,,,,,,,,,,,,,,1,,1,1,,1,,1,1,1,1,2,2,,2,1,,1,1,3,,1,1,1,1,2,1,2,2,,,,,,,,,,1,2,,,,,,,,,,,,,1,1
2024,"Viet Nam","VNM","East Asia & Pacific (excluding high income)",76663207,209958087,1.39989505785452,1,45,2,3,1,2,1,1,1,1,0,0,1,4,4,4,1,1,3,1,1,1,2,2,1,,2,1,1,2,,,,,,,,,,,,,,,,,,,,,,,,,2,,2,,,,2,2,2,,2,,2,,2,2,2,,,2,2,2,3,2,,,,2,1,1,,1,1,3,2,,2,,2,1,1,1,,,1,2,1,1,,,1,2,,2,2,,,,,,,,2,,,,,,3,1,1,,,,,,,,,,,,,,1,,1,1,,1,,1,4,2,,2,2,,2,1,,1,1,1,,1,2,1,1,2,2,2,2,,,,,,,,,,1,2,,,,,,,,,,,,,1,2
2024,"Viet Nam","VNM","East Asia & Pacific (excluding high income)",76663207,210143743,0.682687792305242,2,44,2,2,1,1,0,0,0,0,1,0,4,4,4,2,0,4,3,0,2,,,,,,,,,,2,2,2,2,2,2,1,2,2,,,,,,,,,,,,,,,,2,,2,,,,2,2,2,,2,,1,,2,2,2,,,,2,1,2,2,,,,,,,,,,,2,,2,,2,2,,,,,2,,,,,,,,,2,2,,,,,,,,1,2,2,1,,2,4,1,1,,,,,,,,,,,,,,1,,1,1,,1,,1,1,1,1,2,2,,2,1,,1,2,,1,1,1,1,1,2,2,2,2,,,,,,,,,,1,2,,,,,,,,,,,,,1,2
2024,"Viet Nam","VNM","East Asia & Pacific (excluding high income)",76663207,210289459,1.51193579974252,2,60,1,2,1,1,1,0,1,0,1,0,1,4,1,2,0,4,3,1,1,2,1,2,2,,2,1,2,2,,,,,,,,,,,,,,,,,,,,,,,,,2,,2,,,,2,1,2,,2,,1,,2,2,2,,,,6,3,4,2,,,,2,2,,4,2,2,,2,,2,,2,2,,,,,1,1,1,2,,,2,1,,2,1,1,2,,,1,2,,1,2,2,1,,2,4,1,2,2,2,2,1,2,2,1,7,1,1,2,2,,,,,,,,,,,,,,,,,1,,2,2,,1,2,2,2,2,2,2,2,2,,,,,,,,,,1,2,,,,,,,,,,,,,1,2
2024,"Viet Nam","VNM","East Asia & Pacific (excluding high income)",76663207,210309959,0.802312248967091,1,60,1,1,2,1,0,0,0,0,0,0,4,4,4,2,0,4,3,0,2,,,,,,,,,,2,2,2,2,2,2,2,2,2,,,,,,,,,,,,,,,,2,,2,,,,2,2,2,,2,,2,,2,2,2,,,2,2,3,4,2,,,,,,,,,,,2,,2,,2,2,,,,,2,,,,,,,,,2,2,,,,,,,,1,2,2,1,,2,3,0,1,,,,,,,,,,,,,,1,,1,1,,2,,,2,2,,2,2,,2,2,2,,,,,2,2,2,2,2,2,2,2,,,,,,,,,,1,2,,,,,,,,,,,,,2,
2024,"Viet Nam","VNM","East Asia & Pacific (excluding high income)",76663207,210438913,0.30264078960297,1,49,1,2,1,1,0,0,0,0,0,1,4,4,4,2,0,2,3,0,2,,,,,,,,,,2,2,2,2,2,2,2,1,2,,,,,,,,,,,,,,,,2,,2,,,,1,1,2,,2,,2,,2,2,2,,,2,1,1,4,2,,,,,,,,,,,2,,2,,1,1,2,2,,1,2,,,,,,,,,2,2,,,,,,,,1,2,2,1,,1,3,1,1,,,,,,,,,,,,,,1,,1,1,,2,,,1,1,1,2,2,,2,1,,1,1,3,,2,1,1,2,2,2,2,2,,,,,,,,,,1,2,,,,,,,,,,,,,1,2
2024,"Viet Nam","VNM","East Asia & Pacific (excluding high income)",76663207,210654035,1.78402376470448,2,44,3,2,1,2,1,1,1,1,1,0,1,4,4,4,1,4,3,1,1,1,2,2,1,,1,1,1,2,,,,,,,,,,,,,,,,,,,,,,,,,2,,2,,,,2,2,2,,2,,1,,2,2,2,,,,3,1,3,2,,,,2,1,2,,1,1,2,2,,2,,2,2,,,,,1,2,1,1,,,2,1,,2,2,,,,,,,,2,,,,,,4,1,1,,,,,,,,,,,,,,1,,1,1,,1,,1,1,1,1,2,2,,2,1,,1,1,3,,2,1,1,1,2,1,1,2,,,,,,,,,,1,2,,,,,,,,,,,,,1,2
2024,"Viet Nam","VNM","East Asia & Pacific (excluding high income)",76663207,210656598,2.20935687211232,2,61,2,1,1,1,0,0,0,0,0,1,2,4,4,2,0,2,3,0,2,,,,,,,,,,2,2,2,2,2,2,1,2,2,,,,,,,,,,,,,,,,2,,2,,,,1,1,2,,2,,2,,2,2,2,,,2,1,2,4,1,1,1,,,,,,,,,2,,2,,2,1,2,2,,1,1,2,2,2,1,,,,,2,2,,,,,,,,1,2,2,1,,1,1,1,1,,,,,,,,,,,,,,1,,1,1,,1,,2,1,1,1,1,2,,2,1,,1,1,3,,2,1,1,1,1,2,2,2,,,,,,,,,,1,2,,,,,,,,,,,,,1,2
2024,"Viet Nam","VNM","East Asia & Pacific (excluding high income)",76663207,210810299,1.47290458140822,2,59,2,4,1,1,1,0,1,0,1,1,4,4,4,4,0,4,1,1,1,2,1,1,2,,1,1,1,2,,,,,,,,,,,,,,,,,,,,,,,,,2,,2,,,,1,2,2,,2,,1,,2,1,2,,,,1,2,3,2,,,,2,2,,4,2,2,,1,1,2,,2,2,,,,,2,,,,,,,,,2,2,,,,,,,,2,,,,,,2,1,1,,,,,,,,,,,,,,1,,1,1,,1,,1,1,1,1,2,2,,2,1,,1,2,,2,1,1,1,1,1,2,2,2,,,,,,,,,,1,2,,,,,,,,,,,,,1,1
2024,"Viet Nam","VNM","East Asia & Pacific (excluding high income)",76663207,211097731,0.989894627551485,1,34,3,4,1,1,1,0,1,1,0,1,1,4,4,4,1,1,3,1,1,1,1,2,1,,1,1,1,2,,,,,,,,,,,,,,,,,,,,,,,,,1,,2,3,1,2,,2,2,,2,,2,,2,2,2,,,2,3,3,4,2,,,,2,1,1,,1,2,,2,,2,,2,1,1,1,,,1,2,1,2,,,2,2,,2,2,,,,,,,,2,,,,,,3,1,1,,,,,,,,,,,,,,1,,1,1,,1,,1,3,1,1,2,2,,2,1,,1,1,3,,1,1,1,2,2,2,2,2,,,,,,,,,,1,1,,,,,,,,,,,,,1,2
